label,x0,y0,z0,x1,y1,z1,x2,y2,z2,x3,y3,z3,x4,y4,z4,x5,y5,z5,x6,y6,z6,x7,y7,z7,x8,y8,z8,x9,y9,z9,x10,y10,z10,x11,y11,z11,x12,y12,z12,x13,y13,z13,x14,y14,z14,x15,y15,z15,x16,y16,z16,x17,y17,z17,x18,y18,z18,x19,y19,z19,x20,y20,z20,x21,y21,z21,x22,y22,z22,x23,y23,z23,x24,y24,z24,x25,y25,z25,x26,y26,z26,x27,y27,z27,x28,y28,z28,x29,y29,z29,x30,y30,z30,x31,y31,z31,x32,y32,z32
wave,0.5670747756958008,0.44228994846343994,-1.3256902694702148,0.5855908393859863,0.37266385555267334,-1.2734063863754272,0.5987181067466736,0.37325215339660645,-1.272219181060791,0.6108155250549316,0.37453126907348633,-1.2718183994293213,0.539277195930481,0.3754390478134155,-1.272672414779663,0.5230079889297485,0.37709736824035645,-1.272497296333313,0.5077794790267944,0.3797804117202759,-1.2716354131698608,0.6274743676185608,0.4056673049926758,-0.9158600568771362,0.4865928590297699,0.4073624610900879,-0.9234133958816528,0.5924072861671448,0.5000524520874023,-1.1907097101211548,0.5386523008346558,0.4979294538497925,-1.193335771560669,0.7372920513153076,0.7587253451347351,-0.6309792399406433,0.37307530641555786,0.6946452260017395,-0.6476591229438782,0.819736659526825,1.2813098430633545,-0.5916839241981506,0.13858118653297424,0.9482165575027466,-1.072820782661438,0.8251670002937317,1.5544779300689697,-0.9018511176109314,0.1621726155281067,0.5697513818740845,-1.652198314666748,0.8525110483169556,1.6512683629989624,-0.9572938084602356,0.15919002890586853,0.4220932722091675,-1.7835416793823242,0.8155831694602966,1.6643354892730713,-1.0098415613174438,0.19261384010314941,0.399843692779541,-1.715773582458496,0.7978727221488953,1.6241214275360107,-0.9404506087303162,0.21220850944519043,0.4550495147705078,-1.6546809673309326,0.61528080701828,1.5161465406417847,0.02923036925494671,0.401520311832428,1.4893481731414795,-0.02149258367717266,0.6105101704597473,2.176527500152588,0.06460200995206833,0.39869871735572815,2.1480355262756348,-0.11208663135766983,0.5955703854560852,2.7224740982055664,0.8164998888969421,0.3780279755592346,2.692307949066162,0.47804105281829834,0.5961945056915283,2.818329334259033,0.895422101020813,0.37048235535621643,2.784147262573242,0.5298401117324829,0.5582893490791321,2.9351096153259277,0.6031873226165771,0.4099964499473572,2.9084067344665527,0.16766169667243958
wave,0.5709143280982971,0.44154977798461914,-1.4170032739639282,0.5876265168190002,0.3711191415786743,-1.3648512363433838,0.6000391244888306,0.3706749677658081,-1.363728642463684,0.6115834712982178,0.3709850311279297,-1.3633677959442139,0.5435113906860352,0.37612271308898926,-1.3657152652740479,0.5257969498634338,0.378268837928772,-1.36555016040802,0.510784924030304,0.38086962699890137,-1.3647664785385132,0.6272870898246765,0.4015313386917114,-0.9953866004943848,0.4871177673339844,0.40830790996551514,-1.0117428302764893,0.5946150422096252,0.49726855754852295,-1.2756685018539429,0.5419014692306519,0.4979151487350464,-1.2812035083770752,0.7396475672721863,0.7698208689689636,-0.6797692775726318,0.36760973930358887,0.6950096487998962,-0.7193548083305359,0.8148790597915649,1.3173714876174927,-0.6046092510223389,0.12660101056098938,0.96236652135849,-1.139426827430725,0.8174644708633423,1.569570541381836,-0.9078373312950134,0.17603406310081482,0.5802885293960571,-1.736891508102417,0.8420851826667786,1.661224603652954,-0.9669808745384216,0.16829901933670044,0.43289339542388916,-1.8734676837921143,0.80859375,1.6680870056152344,-1.018550157546997,0.20101594924926758,0.41370534896850586,-1.8027639389038086,0.7907894253730774,1.6293138265609741,-0.9455713629722595,0.2180292308330536,0.46301794052124023,-1.7363547086715698,0.643673300743103,1.5540560483932495,0.03898653760552406,0.39751100540161133,1.508616328239441,-0.03135043755173683,0.611766517162323,2.2069344520568848,0.19845692813396454,0.3963295519351959,2.1952033042907715,0.031048031523823738,0.5928268432617188,2.743227481842041,1.0716296434402466,0.36974817514419556,2.721698760986328,0.7140631675720215,0.5908864736557007,2.8372325897216797,1.1627928018569946,0.3611595630645752,2.8083949089050293,0.7750059366226196,0.5576163530349731,2.960613250732422,0.8787272572517395,0.4055778384208679,2.945296287536621,0.40805312991142273
wave,0.572708010673523,0.444968581199646,-1.503234624862671,0.5887260437011719,0.37500572204589844,-1.453852653503418,0.6009231209754944,0.37460875511169434,-1.452752947807312,0.6123842597007751,0.3750096559524536,-1.4524272680282593,0.5463138222694397,0.378939151763916,-1.4559977054595947,0.5287803411483765,0.38059699535369873,-1.4559062719345093,0.5133261680603027,0.38263893127441406,-1.4551522731781006,0.6268758773803711,0.402965784072876,-1.0797852277755737,0.48871347308158875,0.4073929786682129,-1.0986218452453613,0.5962165594100952,0.5003284215927124,-1.3568751811981201,0.5437707304954529,0.4986429214477539,-1.3633652925491333,0.7361555099487305,0.7559680938720703,-0.7438135147094727,0.36745643615722656,0.6886900663375854,-0.7887601852416992,0.8153078556060791,1.2789340019226074,-0.6929985880851746,0.12876948714256287,0.9984411001205444,-1.2199863195419312,0.8181337118148804,1.530833125114441,-1.0338808298110962,0.1675209105014801,0.5971550345420837,-1.8558772802352905,0.8437321782112122,1.6216918230056763,-1.0991361141204834,0.16312932968139648,0.442254900932312,-2.000091075897217,0.8095502257347107,1.6291180849075317,-1.150997519493103,0.19983434677124023,0.4264572858810425,-1.9318088293075562,0.7910926342010498,1.592211127281189,-1.0717488527297974,0.2181347906589508,0.4733552932739258,-1.8555320501327515,0.6403321623802185,1.5241450071334839,0.026137294247746468,0.39577555656433105,1.4858893156051636,-0.01861066371202469,0.6072423458099365,2.1690406799316406,0.1615145355463028,0.39313623309135437,2.163964033126831,0.08472120761871338,0.5936920642852783,2.7192554473876953,1.004664421081543,0.37427812814712524,2.679548501968384,0.8110315799713135,0.5945314764976501,2.813350200653076,1.0918872356414795,0.3680190443992615,2.7618823051452637,0.8758887648582458,0.5516460537910461,2.937227725982666,0.7824327349662781,0.4084450602531433,2.9029014110565186,0.510549783706665
wave,0.5619073510169983,0.436062216758728,-1.4684820175170898,0.5813729166984558,0.3674739599227905,-1.421733021736145,0.5947649478912354,0.3679518699645996,-1.420911431312561,0.6072738170623779,0.3694826364517212,-1.4206680059432983,0.5363008975982666,0.3697218894958496,-1.4219821691513062,0.5203257203102112,0.3714078664779663,-1.4220280647277832,0.5059748888015747,0.37397992610931396,-1.4213467836380005,0.6255662441253662,0.4029715061187744,-1.0585192441940308,0.48537537455558777,0.4046062231063843,-1.0679932832717896,0.587833046913147,0.49703001976013184,-1.3256242275238037,0.5349730253219604,0.4938617944717407,-1.3295084238052368,0.7386124134063721,0.7632889151573181,-0.7366666197776794,0.3687576651573181,0.6891503930091858,-0.7724438905715942,0.8217047452926636,1.2861427068710327,-0.6829580664634705,0.12560108304023743,0.9597469568252563,-1.204126238822937,0.8157075643539429,1.5298361778259277,-1.0116597414016724,0.16735845804214478,0.5870272517204285,-1.8299942016601562,0.838136613368988,1.6171021461486816,-1.079063892364502,0.1617380976676941,0.4321722984313965,-1.9752085208892822,0.8036571741104126,1.6208817958831787,-1.1288851499557495,0.19819021224975586,0.4165353775024414,-1.9025052785873413,0.7852743864059448,1.5874212980270386,-1.0480724573135376,0.21951428055763245,0.46617019176483154,-1.827544927597046,0.6394550204277039,1.5442911386489868,0.02771775610744953,0.3946666717529297,1.5032161474227905,-0.020383937284350395,0.6093718409538269,2.1828572750091553,0.26339906454086304,0.3938845992088318,2.1847152709960938,0.1707591861486435,0.5900613069534302,2.713268280029297,1.1861213445663452,0.3702930212020874,2.6965110301971436,0.9376899003982544,0.5887773633003235,2.800480365753174,1.2813081741333008,0.36524397134780884,2.776616096496582,1.0070929527282715,0.5508306622505188,2.939711570739746,0.9910082817077637,0.3959471583366394,2.923931121826172,0.6490460634231567
wave,0.5665009617805481,0.4399900436401367,-1.4509952068328857,0.5849316716194153,0.37225258350372314,-1.3976635932922363,0.5968043208122253,0.37239038944244385,-1.3966163396835327,0.6079488396644592,0.3735480308532715,-1.3962563276290894,0.5422996878623962,0.37274396419525146,-1.4017995595932007,0.5251978635787964,0.37321650981903076,-1.4018323421478271,0.5107921957969666,0.37451374530792236,-1.4011480808258057,0.6232073903083801,0.40479576587677,-1.0127787590026855,0.48944389820098877,0.40071940422058105,-1.039296269416809,0.5890682935714722,0.5000290870666504,-1.3024067878723145,0.5379238128662109,0.4948693513870239,-1.3112514019012451,0.7298934459686279,0.7559111714363098,-0.6846909523010254,0.365463525056839,0.6729616522789001,-0.7315607070922852,0.8056117296218872,1.2293845415115356,-0.6314480900764465,0.12517529726028442,0.9460214972496033,-1.1621968746185303,0.7947955131530762,1.4363325834274292,-0.9648213982582092,0.17013245820999146,0.5806093215942383,-1.802384853363037,0.8152575492858887,1.5130538940429688,-1.028346061706543,0.16529345512390137,0.44045841693878174,-1.9493584632873535,0.7828771471977234,1.5168235301971436,-1.0798332691192627,0.19974622130393982,0.42070305347442627,-1.8831528425216675,0.7667303085327148,1.4882407188415527,-1.0020489692687988,0.21875306963920593,0.4697136878967285,-1.804105281829834,0.6060299873352051,1.4993464946746826,0.02785339020192623,0.38998299837112427,1.4669404029846191,-0.020123090595006943,0.6031237244606018,2.127774953842163,0.09915533661842346,0.389407753944397,2.1376709938049316,0.04995602369308472,0.5937706828117371,2.6866602897644043,0.8784183263778687,0.375823438167572,2.6603012084960938,0.7303213477134705,0.5958895683288574,2.7808079719543457,0.9585918188095093,0.37053558230400085,2.742694854736328,0.7900235056877136,0.5526379942893982,2.8962292671203613,0.6426853537559509,0.406887948513031,2.873018264770508,0.42311927676200867
wave,0.5658815503120422,0.4462127685546875,-1.510709524154663,0.5853126049041748,0.3783903121948242,-1.4597033262252808,0.5975610017776489,0.378665566444397,-1.4587011337280273,0.608967661857605,0.37990736961364746,-1.4582939147949219,0.5395000576972961,0.3786940574645996,-1.4613521099090576,0.5226119160652161,0.3787088394165039,-1.461349606513977,0.5079282522201538,0.3797534704208374,-1.4606491327285767,0.6249251365661621,0.4122432470321655,-1.0859923362731934,0.48757225275039673,0.40743255615234375,-1.0998725891113281,0.5886133313179016,0.5031446218490601,-1.365402102470398,0.5359763503074646,0.500296950340271,-1.370776653289795,0.7364082336425781,0.7669910788536072,-0.7623040080070496,0.36621540784835815,0.6926308274269104,-0.793245792388916,0.8117075562477112,1.2996318340301514,-0.7480514049530029,0.1236695647239685,1.1112724542617798,-1.2315596342086792,0.7734687924385071,1.4354443550109863,-1.1065125465393066,0.16902953386306763,0.6263875961303711,-1.8973195552825928,0.7869673371315002,1.4961146116256714,-1.1759281158447266,0.16409260034561157,0.47855710983276367,-2.0450119972229004,0.7511419653892517,1.494228482246399,-1.208482027053833,0.1999419927597046,0.45050549507141113,-1.978485345840454,0.7371426820755005,1.4672406911849976,-1.1369954347610474,0.21606475114822388,0.4950721263885498,-1.8981770277023315,0.6104865074157715,1.5087158679962158,0.03378767892718315,0.39005526900291443,1.485029935836792,-0.02568044327199459,0.6023141741752625,2.1683640480041504,0.1320619434118271,0.38645899295806885,2.159785270690918,-0.01766354776918888,0.5851327180862427,2.6998050212860107,0.9381656050682068,0.3610669672489166,2.673413038253784,0.6558802127838135,0.5851414203643799,2.792654037475586,1.022708535194397,0.3525540232658386,2.7564072608947754,0.7169702053070068,0.541447103023529,2.911909580230713,0.7101961970329285,0.3979189693927765,2.8932993412017822,0.3443180024623871
wave,0.5658974051475525,0.44891858100891113,-1.6041024923324585,0.5858345031738281,0.37831199169158936,-1.5546882152557373,0.5989139676094055,0.3782362937927246,-1.5537340641021729,0.6105608940124512,0.37900280952453613,-1.5534106492996216,0.5379254221916199,0.380967378616333,-1.555941104888916,0.5221448540687561,0.38121187686920166,-1.5560234785079956,0.5079126954078674,0.3820924758911133,-1.5553561449050903,0.6276684403419495,0.4091297388076782,-1.1727039813995361,0.48773205280303955,0.40689408779144287,-1.1839618682861328,0.5914157032966614,0.5056549310684204,-1.4529832601547241,0.5361127257347107,0.5030524730682373,-1.4575632810592651,0.7420524954795837,0.7690178751945496,-0.8326171040534973,0.3668891191482544,0.7080710530281067,-0.8657039403915405,0.8190324306488037,1.3266260623931885,-0.8019606471061707,0.09951582551002502,1.128159761428833,-1.304477572441101,0.7792750000953674,1.4482523202896118,-1.150286078453064,0.15503188967704773,0.6087653040885925,-1.9663971662521362,0.7936234474182129,1.5059561729431152,-1.22758150100708,0.14982274174690247,0.46031808853149414,-2.1154747009277344,0.7585887908935547,1.5011868476867676,-1.2586371898651123,0.18921253085136414,0.4299684762954712,-2.048053741455078,0.7433444261550903,1.4761325120925903,-1.1809017658233643,0.204634428024292,0.4775419235229492,-1.9665340185165405,0.6162754893302917,1.5587719678878784,0.033732421696186066,0.3895846903324127,1.5332388877868652,-0.025449154898524284,0.6093335151672363,2.2330641746520996,0.19321489334106445,0.3858656883239746,2.2153964042663574,0.01584903709590435,0.5898705720901489,2.76606822013855,1.054032564163208,0.3572404682636261,2.740330934524536,0.7282596230506897,0.5892384648323059,2.8574295043945312,1.1453287601470947,0.34701573848724365,2.823511838912964,0.7953694462776184,0.5434140563011169,2.9887218475341797,0.8322747945785522,0.39741843938827515,2.9711313247680664,0.41845712065696716
wave,0.5768405795097351,0.4416314363479614,-1.1558421850204468,0.592139720916748,0.3696233034133911,-1.1016511917114258,0.6026335954666138,0.3688417673110962,-1.1005299091339111,0.6126694679260254,0.3694359064102173,-1.1000736951828003,0.5506007671356201,0.375360369682312,-1.1028743982315063,0.5334100723266602,0.37706589698791504,-1.1026519536972046,0.5187941193580627,0.378737211227417,-1.101836085319519,0.6234585046768188,0.39929187297821045,-0.7495530843734741,0.49669474363327026,0.4002654552459717,-0.7685109376907349,0.5985295176506042,0.4978601932525635,-1.0249555110931396,0.5458309650421143,0.4981412887573242,-1.0313098430633545,0.7335785031318665,0.7579374313354492,-0.4788059592247009,0.37578195333480835,0.694147527217865,-0.5208349823951721,0.8071916699409485,1.2708247900009155,-0.461905837059021,0.12854298949241638,0.9485566020011902,-0.9646517038345337,0.8129537105560303,1.5435163974761963,-0.8233768343925476,0.15732493996620178,0.566670298576355,-1.5936815738677979,0.8379306793212891,1.6423059701919556,-0.8837566375732422,0.1359071135520935,0.4199901819229126,-1.7303123474121094,0.8036580085754395,1.6506060361862183,-0.9351511597633362,0.17496523261070251,0.39544618129730225,-1.6633695363998413,0.786279559135437,1.610243320465088,-0.8630799055099487,0.19489938020706177,0.4456099271774292,-1.5968257188796997,0.616485059261322,1.5300240516662598,0.04123111069202423,0.3999491035938263,1.501272201538086,-0.03333183750510216,0.6086564064025879,2.1776859760284424,0.06499557197093964,0.3935425579547882,2.1629374027252197,-0.03518347442150116,0.5899661183357239,2.7292239665985107,0.8363460898399353,0.3686274588108063,2.7038896083831787,0.5770386457443237,0.5888575315475464,2.8263468742370605,0.9160975217819214,0.3603140115737915,2.794712543487549,0.6290637254714966,0.5557228326797485,2.941547393798828,0.6349238753318787,0.4014135003089905,2.9218101501464844,0.2766275107860565
wave,0.5659902095794678,0.43768298625946045,-1.4761523008346558,0.5840524435043335,0.3644188642501831,-1.4249335527420044,0.596250057220459,0.36370182037353516,-1.4238706827163696,0.6072455644607544,0.36260056495666504,-1.423567771911621,0.5383565425872803,0.37013471126556396,-1.426426887512207,0.5221102237701416,0.3720160722732544,-1.4263582229614258,0.5073959827423096,0.37467479705810547,-1.425546407699585,0.6235480308532715,0.39747142791748047,-1.0502046346664429,0.4864489436149597,0.40342259407043457,-1.0637843608856201,0.5898206233978271,0.4968205690383911,-1.3297886848449707,0.5361554026603699,0.49695324897766113,-1.3348708152770996,0.7375848293304443,0.7523900866508484,-0.7127435207366943,0.3704863488674164,0.7057779431343079,-0.7643831968307495,0.8212082386016846,1.3048372268676758,-0.6222637295722961,0.14256992936134338,1.052638053894043,-1.1992368698120117,0.8095027208328247,1.5121153593063354,-0.9516043066978455,0.1676555573940277,0.5957815647125244,-1.8836512565612793,0.8313325047492981,1.5922960042953491,-1.0167710781097412,0.16189897060394287,0.43748509883880615,-2.0350093841552734,0.7956134080886841,1.5967140197753906,-1.066339135169983,0.19260695576667786,0.4204890727996826,-1.9704067707061768,0.778241753578186,1.5621484518051147,-0.987890362739563,0.21054008603096008,0.4603921175003052,-1.885167121887207,0.6172196865081787,1.5330047607421875,0.03549221158027649,0.40177401900291443,1.5189288854599,-0.027459412813186646,0.620198667049408,2.211581230163574,0.2330407351255417,0.3986446261405945,2.2058935165405273,0.0819084569811821,0.6029413342475891,2.747121810913086,1.1558583974838257,0.37499621510505676,2.7295470237731934,0.8262847661972046,0.6025565266609192,2.8395116329193115,1.2523518800735474,0.3668231964111328,2.8141283988952637,0.8939831852912903,0.5623025894165039,2.968939781188965,0.9572322368621826,0.4140894114971161,2.955490827560425,0.5257855653762817
wave,0.5656801462173462,0.43667399883270264,-1.4589875936508179,0.582392156124115,0.3636765480041504,-1.409088134765625,0.5948510766029358,0.3627948760986328,-1.4081679582595825,0.6060292720794678,0.3630317449569702,-1.4079042673110962,0.5368083715438843,0.367287278175354,-1.4129173755645752,0.52042156457901,0.36825883388519287,-1.4130362272262573,0.505923330783844,0.37003207206726074,-1.4123637676239014,0.6207077503204346,0.3946489095687866,-1.0426732301712036,0.48200932145118713,0.39872121810913086,-1.0661078691482544,0.5888574123382568,0.49297308921813965,-1.3159362077713013,0.537562370300293,0.49119579792022705,-1.3239233493804932,0.7291494607925415,0.7502415776252747,-0.734207808971405,0.364338755607605,0.6884177923202515,-0.7785682678222656,0.7998182773590088,1.276307463645935,-0.7123539447784424,0.11862340569496155,1.1094231605529785,-1.2404316663742065,0.764927864074707,1.4224079847335815,-1.0550518035888672,0.19516757130622864,0.5866808891296387,-1.8560932874679565,0.7798956632614136,1.483286738395691,-1.1315295696258545,0.1942651867866516,0.433022141456604,-1.9965434074401855,0.7469483017921448,1.4811152219772339,-1.1537238359451294,0.22576957941055298,0.4177262783050537,-1.91648268699646,0.7307021617889404,1.4569512605667114,-1.0821467638015747,0.24553650617599487,0.4661285877227783,-1.8498586416244507,0.6155537962913513,1.5084173679351807,0.035796549171209335,0.39639121294021606,1.4966868162155151,-0.02823198027908802,0.6191972494125366,2.150672435760498,0.2707873582839966,0.406280517578125,2.174422025680542,0.17745544016361237,0.6036832332611084,2.6706676483154297,1.1584371328353882,0.381341814994812,2.6712751388549805,0.9306821227073669,0.6012277007102966,2.7578518390655518,1.2514547109603882,0.37331944704055786,2.7495484352111816,1.0011345148086548,0.5690039396286011,2.8945515155792236,0.9680566787719727,0.4190545082092285,2.896116256713867,0.6575513482093811
wave,0.562427282333374,0.43786895275115967,-1.323477029800415,0.5794394612312317,0.3688446283340454,-1.269368290901184,0.5924874544143677,0.3680253028869629,-1.2684175968170166,0.6045796275138855,0.3680257797241211,-1.2679694890975952,0.5366780161857605,0.3715866804122925,-1.2703160047531128,0.5213016271591187,0.37188100814819336,-1.270369529724121,0.5067651271820068,0.3733866214752197,-1.2696644067764282,0.6224637627601624,0.3980344533920288,-0.9134092330932617,0.481810599565506,0.40040671825408936,-0.9260945320129395,0.5853946805000305,0.49522602558135986,-1.1908254623413086,0.5364065766334534,0.49234265089035034,-1.1954469680786133,0.7347935438156128,0.7471675276756287,-0.6386196613311768,0.37556740641593933,0.6979173421859741,-0.6528739333152771,0.803523600101471,1.2764840126037598,-0.6155425906181335,0.13963165879249573,1.068542718887329,-1.0944514274597168,0.7620139122009277,1.41703462600708,-0.9218037128448486,0.25042396783828735,0.5609270334243774,-1.6428594589233398,0.775981605052948,1.4729695320129395,-0.982149064540863,0.2708495557308197,0.4271613359451294,-1.7738677263259888,0.7408755421638489,1.4769679307937622,-1.0047507286071777,0.2832353413105011,0.39689600467681885,-1.6844525337219238,0.7258777618408203,1.4543043375015259,-0.9474409222602844,0.300167441368103,0.45038390159606934,-1.6350737810134888,0.6132988333702087,1.4939277172088623,0.032129816710948944,0.4096854031085968,1.4744611978530884,-0.024408532306551933,0.6238211989402771,2.1317107677459717,0.10278453677892685,0.41520386934280396,2.1259689331054688,-0.06489711999893188,0.609886884689331,2.6497530937194824,0.840174674987793,0.3926091194152832,2.6323533058166504,0.5272586345672607,0.6103764772415161,2.741718292236328,0.9176537394523621,0.3869766592979431,2.715775489807129,0.5809270143508911,0.5718637704849243,2.8527581691741943,0.6408231258392334,0.42237669229507446,2.842334032058716,0.23912784457206726
wave,0.5693241953849792,0.43314290046691895,-1.179032325744629,0.5852420926094055,0.36262834072113037,-1.1231002807617188,0.5972963571548462,0.36245954036712646,-1.1222096681594849,0.6080735921859741,0.36320650577545166,-1.12187922000885,0.5420596599578857,0.3643643856048584,-1.1268502473831177,0.5261555314064026,0.36474084854125977,-1.1267578601837158,0.5116564035415649,0.36601948738098145,-1.125970721244812,0.6215875744819641,0.39824986457824707,-0.7787725329399109,0.4892447590827942,0.3947904109954834,-0.810344934463501,0.5910118818283081,0.4925164580345154,-1.052194595336914,0.5414063334465027,0.4893810749053955,-1.0615460872650146,0.735743522644043,0.7615155577659607,-0.5331633687019348,0.3840075433254242,0.71223384141922,-0.5818618535995483,0.8107980489730835,1.2931175231933594,-0.537519097328186,0.1954246163368225,1.011673927307129,-1.0400325059890747,0.8006649613380432,1.5156043767929077,-0.8752464056015015,0.27103766798973083,0.5605315566062927,-1.596807599067688,0.8195757269859314,1.6018050909042358,-0.9352250099182129,0.2916230857372284,0.3986159563064575,-1.7288687229156494,0.7847023010253906,1.6062730550765991,-0.9669678807258606,0.31891530752182007,0.390907883644104,-1.645972490310669,0.7696871757507324,1.5697098970413208,-0.904857337474823,0.32432448863983154,0.445115327835083,-1.5909236669540405,0.6584450006484985,1.5216045379638672,0.04427029564976692,0.4259999096393585,1.4918700456619263,-0.03718726709485054,0.6409639120101929,2.1543893814086914,0.1327906996011734,0.4376852512359619,2.1426358222961426,-0.180826336145401,0.6260401010513306,2.6628317832946777,0.890026867389679,0.4118991196155548,2.6810786724090576,0.3842218220233917,0.6274418234825134,2.752347946166992,0.9677132964134216,0.4071251451969147,2.7709717750549316,0.4337334930896759,0.5934133529663086,2.858738899230957,0.7120550870895386,0.43901848793029785,2.8780393600463867,0.08841004967689514
wave,0.5626907348632812,0.4417322874069214,-1.4565911293029785,0.5804692506790161,0.3787041902542114,-1.4086006879806519,0.5928682684898376,0.37981343269348145,-1.4077962636947632,0.604153037071228,0.38146722316741943,-1.4075976610183716,0.5375487804412842,0.37652719020843506,-1.4113986492156982,0.5221312046051025,0.37544381618499756,-1.4114476442337036,0.5082768201828003,0.3756042718887329,-1.4107670783996582,0.6191844940185547,0.4113377332687378,-1.0498151779174805,0.48686981201171875,0.4019876718521118,-1.0722265243530273,0.5855422616004944,0.49988579750061035,-1.3171762228012085,0.5353438854217529,0.49467384815216064,-1.3242063522338867,0.7360699772834778,0.7600052952766418,-0.7386131882667542,0.38377881050109863,0.7370649576187134,-0.7781816720962524,0.8374366760253906,1.297810673713684,-0.6526292562484741,0.1627165675163269,1.0762789249420166,-1.2327549457550049,0.8188396096229553,1.5145015716552734,-0.8889751434326172,0.29547491669654846,0.5863400101661682,-1.7691853046417236,0.8350298404693604,1.5962337255477905,-0.9417356252670288,0.31171131134033203,0.4364508390426636,-1.8986271619796753,0.8004278540611267,1.5969136953353882,-0.9754859209060669,0.3418692350387573,0.4259716272354126,-1.809024453163147,0.7852700352668762,1.5645725727081299,-0.9143670201301575,0.34422725439071655,0.4753150939941406,-1.7570773363113403,0.6672437787055969,1.525612473487854,0.01849934831261635,0.4339849352836609,1.5100817680358887,-0.011898933909833431,0.6520822048187256,2.163719654083252,0.218606099486351,0.44739648699760437,2.1911327838897705,0.13170939683914185,0.6519364714622498,2.6840665340423584,1.0473617315292358,0.43688809871673584,2.6854729652404785,0.8364289402961731,0.6551089286804199,2.7717366218566895,1.1341208219528198,0.4335702061653137,2.7629480361938477,0.9009437561035156,0.6162053942680359,2.89454984664917,0.8520216345787048,0.46734967827796936,2.9012560844421387,0.561095654964447
wave,0.5707665681838989,0.4429666996002197,-1.2913637161254883,0.5872612595558167,0.3782494068145752,-1.235923409461975,0.599177896976471,0.37981390953063965,-1.2350116968154907,0.6101162433624268,0.3822513818740845,-1.234584927558899,0.5472826361656189,0.3753775358200073,-1.2399178743362427,0.530826210975647,0.37383008003234863,-1.2399343252182007,0.5162188410758972,0.373119592666626,-1.2392374277114868,0.6234554052352905,0.41278135776519775,-0.8825176358222961,0.4912185072898865,0.3953036069869995,-0.9126022458076477,0.5911158919334412,0.5029065608978271,-1.1608550548553467,0.5421984791755676,0.4938979148864746,-1.1698558330535889,0.7336062788963318,0.7660187482833862,-0.6265221834182739,0.3776942491531372,0.717844545841217,-0.6647292375564575,0.7941294312477112,1.274251937866211,-0.6034055352210999,0.15413033962249756,1.0574308633804321,-1.1351805925369263,0.7522549629211426,1.3514773845672607,-0.8909581899642944,0.287075400352478,0.5808653831481934,-1.7025777101516724,0.7623640298843384,1.397820234298706,-0.9545570611953735,0.3047780990600586,0.43237459659576416,-1.8379956483840942,0.7292025089263916,1.3975253105163574,-0.973797619342804,0.3327937424182892,0.4139941930770874,-1.7513309717178345,0.7170318365097046,1.375001311302185,-0.915030837059021,0.3387637138366699,0.47045159339904785,-1.6953741312026978,0.6189748048782349,1.5301949977874756,0.032536327838897705,0.4108365774154663,1.5069477558135986,-0.025257376953959465,0.6231677532196045,2.180208683013916,0.06253298372030258,0.41399693489074707,2.165637731552124,-0.17189417779445648,0.6098207831382751,2.6819801330566406,0.7601434588432312,0.3921038508415222,2.686455249786377,0.3695302903652191,0.6120328307151794,2.7731728553771973,0.8338119387626648,0.38669484853744507,2.776080846786499,0.41842836141586304,0.5689196586608887,2.8767075538635254,0.569125771522522,0.42021822929382324,2.884852886199951,0.07803769409656525
wave,0.5665450096130371,0.4307135343551636,-1.561555027961731,0.5833003520965576,0.3608851432800293,-1.504448652267456,0.5958192348480225,0.36165130138397217,-1.5033084154129028,0.6069875955581665,0.3630385398864746,-1.5030417442321777,0.5396624207496643,0.36280882358551025,-1.5101045370101929,0.5236321091651917,0.3641242980957031,-1.5100655555725098,0.5084257125854492,0.36658430099487305,-1.5092560052871704,0.6234580278396606,0.39595186710357666,-1.1163427829742432,0.48342758417129517,0.3977853059768677,-1.1492211818695068,0.5900382995605469,0.4929225444793701,-1.4138139486312866,0.5394022464752197,0.48840367794036865,-1.4239320755004883,0.738305926322937,0.7461298704147339,-0.7846297025680542,0.37102967500686646,0.7003705501556396,-0.8355801701545715,0.8293745517730713,1.285150170326233,-0.7023900151252747,0.10372224450111389,1.0820224285125732,-1.272570252418518,0.8067553043365479,1.492570400238037,-0.9569987058639526,0.23209702968597412,0.5902997255325317,-1.782485008239746,0.8263535499572754,1.5707406997680664,-1.0048648118972778,0.24748390913009644,0.4050947427749634,-1.9074914455413818,0.7894022464752197,1.5849344730377197,-1.0393801927566528,0.28816986083984375,0.37205445766448975,-1.8185759782791138,0.7748862504959106,1.5503723621368408,-0.9845132231712341,0.29151827096939087,0.4546327590942383,-1.7719253301620483,0.6525957584381104,1.5145890712738037,0.0318681076169014,0.403848260641098,1.491589069366455,-0.024542760103940964,0.631568431854248,2.1707468032836914,0.1753876507282257,0.4170573055744171,2.1660544872283936,-0.04829663410782814,0.6147865653038025,2.6880722045898438,0.9818822145462036,0.3910822868347168,2.693943977355957,0.6199116706848145,0.6188277006149292,2.7795050144195557,1.064102053642273,0.3892386555671692,2.7826223373413086,0.6792974472045898,0.5658600330352783,2.887281894683838,0.7825402617454529,0.41850972175598145,2.8909294605255127,0.3222239315509796
wave,0.5636001825332642,0.4363572597503662,-1.626468539237976,0.5818960070610046,0.36395537853240967,-1.5786126852035522,0.5953087210655212,0.36275017261505127,-1.577808141708374,0.6074392199516296,0.362249493598938,-1.577552318572998,0.5355864763259888,0.3709036111831665,-1.5807342529296875,0.5198154449462891,0.3728703260421753,-1.5807404518127441,0.5049983263015747,0.374947190284729,-1.5800973176956177,0.6283890604972839,0.39468324184417725,-1.1833068132400513,0.48312196135520935,0.4068114757537842,-1.2000044584274292,0.5901855826377869,0.49529576301574707,-1.4692174196243286,0.5373004078865051,0.4962136745452881,-1.4749130010604858,0.7416976094245911,0.764644205570221,-0.8122480511665344,0.3661837875843048,0.7078693509101868,-0.8575966954231262,0.8294171094894409,1.2913436889648438,-0.742965817451477,0.0899248719215393,1.0510421991348267,-1.366145372390747,0.817791223526001,1.5384900569915771,-1.0670315027236938,0.15914499759674072,0.5631837248802185,-2.048203945159912,0.8361735939979553,1.6351819038391113,-1.1319938898086548,0.1779072880744934,0.34800267219543457,-2.1942861080169678,0.8015323877334595,1.6339129209518433,-1.175127387046814,0.21230477094650269,0.32091259956359863,-2.120778799057007,0.7872054576873779,1.5970547199249268,-1.0980926752090454,0.2162371575832367,0.41631007194519043,-2.045461654663086,0.6416210532188416,1.5447183847427368,0.027576548978686333,0.3947089910507202,1.5182833671569824,-0.020132804289460182,0.6108424067497253,2.187556266784668,0.2663465440273285,0.3928431272506714,2.197664737701416,0.12526555359363556,0.5993949770927429,2.750380516052246,1.238156795501709,0.3703373074531555,2.7345595359802246,0.9554007053375244,0.6007816791534424,2.8491859436035156,1.3356356620788574,0.36238569021224976,2.819446563720703,1.0295312404632568,0.5584920644760132,2.958965301513672,1.0068902969360352,0.4095209240913391,2.958332061767578,0.6344059705734253
wave,0.5818977355957031,0.44656455516815186,-1.5152289867401123,0.5935390591621399,0.36905133724212646,-1.4594696760177612,0.6048554182052612,0.36745285987854004,-1.4589611291885376,0.6154361367225647,0.36654913425445557,-1.4590076208114624,0.5522549152374268,0.3766065835952759,-1.468270182609558,0.5344933867454529,0.380692720413208,-1.4684319496154785,0.518920361995697,0.3836864233016968,-1.4680200815200806,0.6314051747322083,0.3976256847381592,-1.0329192876815796,0.49398499727249146,0.4104897975921631,-1.0816223621368408,0.6033959984779358,0.502777099609375,-1.3465802669525146,0.556475043296814,0.5048263072967529,-1.3615005016326904,0.7437056303024292,0.7648034691810608,-0.6440511345863342,0.37464433908462524,0.7142608165740967,-0.7324864268302917,0.8279736042022705,1.244810700416565,-0.5125578045845032,0.09675478935241699,0.9427554607391357,-1.1571857929229736,0.8333079814910889,1.4862607717514038,-0.8103815913200378,0.10450690984725952,0.4919620752334595,-1.8079441785812378,0.8516182899475098,1.5741300582885742,-0.8626294136047363,0.09827268123626709,0.3325709104537964,-1.9416046142578125,0.8282800912857056,1.5653307437896729,-0.9267272353172302,0.12217608094215393,0.3130180835723877,-1.8992050886154175,0.8123234510421753,1.5371559858322144,-0.8461166620254517,0.13276371359825134,0.3771446943283081,-1.8147581815719604,0.6489639282226562,1.543832540512085,0.03925498202443123,0.4120478630065918,1.5374926328659058,-0.03244081512093544,0.6448256373405457,2.1362123489379883,0.32046279311180115,0.42834436893463135,2.161085605621338,0.05038001760840416,0.6428230404853821,2.6753573417663574,1.3995853662490845,0.4232122004032135,2.7201313972473145,0.8716656565666199,0.6418719291687012,2.757143974304199,1.5056331157684326,0.4177352786064148,2.8008580207824707,0.9424414038658142,0.6230483055114746,2.8878836631774902,1.1987264156341553,0.4628182053565979,2.935379981994629,0.5270311236381531
wave,0.5768147110939026,0.4320511817932129,-1.210283875465393,0.5908483266830444,0.36092519760131836,-1.1507729291915894,0.6021819114685059,0.36100947856903076,-1.149845004081726,0.6131304502487183,0.36195898056030273,-1.1496778726577759,0.5500593781471252,0.36691224575042725,-1.1571186780929565,0.5331815481185913,0.3688008785247803,-1.1570088863372803,0.518514096736908,0.3709977865219116,-1.1563036441802979,0.626562237739563,0.39970433712005615,-0.750972330570221,0.4945814609527588,0.39913344383239746,-0.7879663705825806,0.5973787307739258,0.49070286750793457,-1.0569078922271729,0.5490177869796753,0.4899834394454956,-1.068528413772583,0.7369436025619507,0.7734833359718323,-0.4153466820716858,0.3743355870246887,0.71528160572052,-0.49994611740112305,0.8404836058616638,1.236560583114624,-0.2804452180862427,0.08781313896179199,0.9353548288345337,-0.8861260414123535,0.8530721068382263,1.535372257232666,-0.6297451853752136,0.050136446952819824,0.48333585262298584,-1.5875047445297241,0.8739933967590332,1.6485071182250977,-0.6852884888648987,0.004928946495056152,0.3331875801086426,-1.7219380140304565,0.8446100950241089,1.6394147872924805,-0.7600715756416321,0.03628838062286377,0.30987560749053955,-1.708074688911438,0.8302099108695984,1.5983951091766357,-0.6747736930847168,0.06175398826599121,0.36218464374542236,-1.609804630279541,0.6504526138305664,1.5849499702453613,0.04714316502213478,0.4124946892261505,1.566531777381897,-0.039495136588811874,0.6401050686836243,2.2248756885528564,0.18896207213401794,0.41846293210983276,2.246845245361328,0.08283483982086182,0.6328654289245605,2.81160306930542,1.158280849456787,0.40952789783477783,2.8271875381469727,0.8418318629264832,0.631386399269104,2.9102091789245605,1.2534130811691284,0.40516093373298645,2.9209656715393066,0.9046201109886169,0.6116608381271362,3.012542247772217,0.9416351318359375,0.4424455165863037,3.0317463874816895,0.504319965839386
wave,0.5777509212493896,0.4332176446914673,-1.1907932758331299,0.592323899269104,0.3624606132507324,-1.1285176277160645,0.6043654680252075,0.36214232444763184,-1.1278421878814697,0.6159787178039551,0.36306512355804443,-1.127479910850525,0.549640417098999,0.36693525314331055,-1.135736107826233,0.5330371856689453,0.3685978651046753,-1.1355671882629395,0.517109215259552,0.37064313888549805,-1.1352012157440186,0.6297228336334229,0.39582955837249756,-0.7300625443458557,0.49329736828804016,0.39828526973724365,-0.7693662643432617,0.6007155179977417,0.4900461435317993,-1.038806676864624,0.5498229265213013,0.4911555051803589,-1.0509755611419678,0.7393959164619446,0.7586436867713928,-0.4484092593193054,0.377704918384552,0.7275680899620056,-0.5097169876098633,0.8076288104057312,1.217876672744751,-0.46938809752464294,0.21147838234901428,1.1451442241668701,-0.7859702110290527,0.8324516415596008,1.4947153329849243,-0.9540508389472961,0.15893971920013428,1.1274579763412476,-1.4395408630371094,0.857796311378479,1.6061952114105225,-1.0463594198226929,0.12237527966499329,1.1317088603973389,-1.576844334602356,0.8334643840789795,1.6068373918533325,-1.1319594383239746,0.1440066397190094,1.1097710132598877,-1.6216357946395874,0.8188354969024658,1.559507131576538,-1.0109033584594727,0.16766098141670227,1.1148736476898193,-1.4846346378326416,0.6696260571479797,1.5787049531936646,0.04222346469759941,0.4266471266746521,1.5783601999282837,-0.03418847173452377,0.6594830751419067,2.222780704498291,-0.07414513826370239,0.4308529496192932,2.2377734184265137,-0.17719697952270508,0.6561113595962524,2.8259925842285156,0.6702485680580139,0.4280870258808136,2.848191261291504,0.3552330732345581,0.6576298475265503,2.9321653842926025,0.7439768314361572,0.42474469542503357,2.9478354454040527,0.3964836895465851,0.6248766183853149,3.0189054012298584,0.42260897159576416,0.4616001844406128,3.053452730178833,0.007840313017368317
wave,0.5744412541389465,0.4371885061264038,-1.2052371501922607,0.5915330648422241,0.36516451835632324,-1.1477880477905273,0.6031978130340576,0.363559365272522,-1.1471065282821655,0.6146809458732605,0.3632192611694336,-1.146846055984497,0.5480584502220154,0.3693869113922119,-1.1535862684249878,0.5307524800300598,0.36988866329193115,-1.1536885499954224,0.5154914855957031,0.37103521823883057,-1.1530979871749878,0.6275202631950378,0.3974086046218872,-0.7503353357315063,0.4924706816673279,0.39893507957458496,-0.7797637581825256,0.5956518054008484,0.4988170862197876,-1.0524952411651611,0.5444238781929016,0.4980205297470093,-1.0621665716171265,0.7328763008117676,0.7729465365409851,-0.44729623198509216,0.37514835596084595,0.7421296238899231,-0.477716863155365,0.809208333492279,1.2639433145523071,-0.4223051071166992,0.14142683148384094,1.1446142196655273,-0.9119589924812317,0.8174242377281189,1.4835509061813354,-0.8338744640350342,0.04244464635848999,0.7355901598930359,-1.6774389743804932,0.8385283946990967,1.5701347589492798,-0.8956182599067688,-0.007579445838928223,0.6021385788917542,-1.8130905628204346,0.8163806200027466,1.5575792789459229,-0.9655784368515015,0.0067359209060668945,0.5703808665275574,-1.8204281330108643,0.8006687164306641,1.5297646522521973,-0.8798666596412659,0.04131966829299927,0.6352656483650208,-1.7123408317565918,0.6620838046073914,1.5890148878097534,0.02091982215642929,0.4185120463371277,1.589788556098938,-0.011883416213095188,0.6480739116668701,2.238269567489624,-0.0796816274523735,0.41713446378707886,2.261160373687744,-0.13903512060642242,0.648858904838562,2.86154842376709,0.7183408141136169,0.41540592908859253,2.88403582572937,0.5054587721824646,0.6556881070137024,2.9642465114593506,0.7968228459358215,0.41324910521507263,2.9827404022216797,0.5575135946273804,0.6088427901268005,3.05426025390625,0.4530807435512543,0.4398708939552307,3.0854411125183105,0.15274612605571747
wave,0.5701192021369934,0.4391212463378906,-1.316907286643982,0.5856218338012695,0.36557912826538086,-1.2606710195541382,0.5976101160049438,0.3648531436920166,-1.2603046894073486,0.6089941263198853,0.36508309841156006,-1.2603346109390259,0.5422000288963318,0.36868715286254883,-1.2647862434387207,0.5256205797195435,0.3695957660675049,-1.2648487091064453,0.5113237500190735,0.37101447582244873,-1.2644022703170776,0.6225878596305847,0.399273157119751,-0.8477885127067566,0.49104154109954834,0.3989136219024658,-0.875192403793335,0.5930173397064209,0.4976339340209961,-1.1541197299957275,0.5418323874473572,0.49794161319732666,-1.1629676818847656,0.7440891265869141,0.7720940113067627,-0.502690315246582,0.37445762753486633,0.7344428896903992,-0.5647607445716858,0.8315526247024536,1.2525575160980225,-0.4674801826477051,0.0932077169418335,0.96840500831604,-0.9760786294937134,0.8409243822097778,1.513336181640625,-0.8754696846008301,0.035195112228393555,0.5258949995040894,-1.6993098258972168,0.8560836315155029,1.6189353466033936,-0.9374316334724426,-0.0056212544441223145,0.3919159173965454,-1.8321598768234253,0.8361538648605347,1.5961612462997437,-1.0125343799591064,0.025859296321868896,0.3451220989227295,-1.831220030784607,0.823632001876831,1.558953046798706,-0.9197283983230591,0.04455310106277466,0.3876303434371948,-1.7251025438308716,0.6570010781288147,1.613494873046875,0.035795703530311584,0.4167534112930298,1.6045643091201782,-0.02848474681377411,0.6506364345550537,2.2320642471313477,0.07077255100011826,0.42663076519966125,2.2552926540374756,-0.14284440875053406,0.6567875146865845,2.8254647254943848,1.0054833889007568,0.4308326244354248,2.873976230621338,0.5726960897445679,0.6604346036911011,2.9216604232788086,1.0960586071014404,0.43006575107574463,2.9658734798431396,0.6313649415969849,0.6296851634979248,3.032315492630005,0.7585331201553345,0.46108391880989075,3.0936996936798096,0.1988786906003952
wave,0.5647851228713989,0.42991816997528076,-1.2485780715942383,0.5823960304260254,0.36158084869384766,-1.1889280080795288,0.5940860509872437,0.36142420768737793,-1.188127875328064,0.6050711274147034,0.36262261867523193,-1.187890648841858,0.5379916429519653,0.3667815923690796,-1.1901447772979736,0.5229399800300598,0.36874890327453613,-1.1900626420974731,0.5095340609550476,0.3712373971939087,-1.1894184350967407,0.6200413703918457,0.3977543115615845,-0.7910701036453247,0.4916527271270752,0.39879751205444336,-0.8062172532081604,0.5893356204032898,0.48989224433898926,-1.0976760387420654,0.5351483821868896,0.49150550365448,-1.102839708328247,0.7368860244750977,0.7576978206634521,-0.46813616156578064,0.3747592866420746,0.7273469567298889,-0.5095527768135071,0.8395819067955017,1.242576241493225,-0.4037315845489502,0.12168782949447632,0.9714232683181763,-0.9251359701156616,0.8383262157440186,1.5527971982955933,-0.8015778064727783,0.10475271940231323,0.5445842742919922,-1.6414967775344849,0.8577058911323547,1.6683188676834106,-0.8663544654846191,0.0959007740020752,0.41412150859832764,-1.7858448028564453,0.8266985416412354,1.6629979610443115,-0.9368547201156616,0.12187641859054565,0.37015092372894287,-1.7513054609298706,0.8112234473228455,1.6224108934402466,-0.8455424308776855,0.137078195810318,0.4216268062591553,-1.656623125076294,0.6664047241210938,1.5755937099456787,0.024449167773127556,0.41959691047668457,1.5626907348632812,-0.016333701089024544,0.6539636850357056,2.232536792755127,0.009741981513798237,0.4281887412071228,2.2318708896636963,-0.1283988356590271,0.6578899621963501,2.8197689056396484,0.9045019745826721,0.4296497702598572,2.8246641159057617,0.5675881505012512,0.6601458787918091,2.915510654449463,0.9917518496513367,0.426085889339447,2.916295051574707,0.6241923570632935,0.6303162574768066,3.025198459625244,0.6572205424308777,0.4653257727622986,3.039287567138672,0.20962314307689667
wave,0.5622551441192627,0.4360700845718384,-1.2842631340026855,0.578521728515625,0.3653644323348999,-1.2314025163650513,0.5908229351043701,0.36499202251434326,-1.230869174003601,0.6025562286376953,0.3656853437423706,-1.2307214736938477,0.5339703559875488,0.36825358867645264,-1.2325433492660522,0.5182299017906189,0.3693329095840454,-1.2326644659042358,0.5040897727012634,0.3716306686401367,-1.2321714162826538,0.62091463804245,0.39987635612487793,-0.8576198816299438,0.4860551059246063,0.4030156135559082,-0.8724732995033264,0.5864918231964111,0.4954169988632202,-1.141238808631897,0.535173237323761,0.4941622018814087,-1.146438479423523,0.7345256209373474,0.764578640460968,-0.5539840459823608,0.3740299940109253,0.70470130443573,-0.5813428163528442,0.8218681812286377,1.2657302618026733,-0.5453718304634094,0.10281133651733398,0.991303026676178,-1.0286567211151123,0.8169323205947876,1.530343770980835,-0.9091020822525024,0.15403982996940613,0.5546896457672119,-1.6418261528015137,0.8341280817985535,1.6231311559677124,-0.9715340733528137,0.1347215473651886,0.3820852041244507,-1.772022008895874,0.8070492744445801,1.6174372434616089,-1.0208837985992432,0.16152971982955933,0.34173309803009033,-1.7078386545181274,0.791467010974884,1.5872431993484497,-0.9436465501785278,0.19238033890724182,0.43713653087615967,-1.6422879695892334,0.645703911781311,1.5394874811172485,0.019737401977181435,0.41055697202682495,1.5178546905517578,-0.012595601379871368,0.6298016905784607,2.152318000793457,0.12543576955795288,0.41771501302719116,2.155857801437378,0.03141556680202484,0.6293701529502869,2.6851096153259277,1.0361188650131226,0.4119183421134949,2.6994268894195557,0.7675532698631287,0.6325457692146301,2.768559694290161,1.1258537769317627,0.4091412425041199,2.781007766723633,0.8304045796394348,0.5960717797279358,2.8923838138580322,0.8251639008522034,0.436090350151062,2.9126553535461426,0.456208735704422
wave,0.5599216818809509,0.43209779262542725,-1.5951322317123413,0.5782976150512695,0.36145782470703125,-1.5484304428100586,0.5914815664291382,0.3612579107284546,-1.5481719970703125,0.6033430695533752,0.3619570732116699,-1.5480425357818604,0.5329040884971619,0.36541521549224854,-1.550169587135315,0.5176182985305786,0.36684226989746094,-1.550470232963562,0.503233015537262,0.37037193775177,-1.5501161813735962,0.6197404861450195,0.3962724208831787,-1.1633894443511963,0.4825953543186188,0.40042245388031006,-1.179262638092041,0.5862879753112793,0.49245476722717285,-1.4413731098175049,0.5322445034980774,0.48975253105163574,-1.4469273090362549,0.7399508357048035,0.7661555409431458,-0.838234543800354,0.36480098962783813,0.7152541279792786,-0.8467819690704346,0.828898012638092,1.2923413515090942,-0.8470771908760071,0.09215986728668213,1.057936668395996,-1.3335124254226685,0.7863758206367493,1.5212602615356445,-1.1993705034255981,0.17807215452194214,0.5999526381492615,-1.9865459203720093,0.7942166328430176,1.6077642440795898,-1.2783565521240234,0.18363896012306213,0.45715248584747314,-2.134723663330078,0.7616803050041199,1.5967761278152466,-1.3101887702941895,0.21778103709220886,0.4166640043258667,-2.0616040229797363,0.7484948635101318,1.5697381496429443,-1.2261431217193604,0.23143687844276428,0.46753621101379395,-1.9825540781021118,0.6487765312194824,1.546449065208435,0.01749592088162899,0.4053170382976532,1.5293914079666138,-0.0104648033156991,0.6233304142951965,2.1742117404937744,0.2696590721607208,0.4113994240760803,2.192694902420044,0.09096154570579529,0.6170011758804321,2.7075436115264893,1.2384672164916992,0.3960655927658081,2.715287208557129,0.9188704490661621,0.6181328296661377,2.7925491333007812,1.3353105783462524,0.3923608362674713,2.7886650562286377,0.9935652613639832,0.5800116658210754,2.921583414077759,1.0114033222198486,0.4218950867652893,2.94272780418396,0.5989479422569275
wave,0.5579622983932495,0.43759894371032715,-1.4079899787902832,0.5769525766372681,0.3678661584854126,-1.3578232526779175,0.5908779501914978,0.3678426742553711,-1.3571417331695557,0.6032673716545105,0.3688168525695801,-1.3569101095199585,0.5301146507263184,0.3712214231491089,-1.359756588935852,0.5148983597755432,0.37378156185150146,-1.359826922416687,0.5010949969291687,0.37861180305480957,-1.359226942062378,0.6212272644042969,0.4021385908126831,-0.9911589622497559,0.4811512231826782,0.41179990768432617,-1.0095844268798828,0.5862671136856079,0.5012562274932861,-1.2670824527740479,0.5323390960693359,0.4978184700012207,-1.273131012916565,0.742963433265686,0.770991325378418,-0.690773069858551,0.37093088030815125,0.7235040664672852,-0.7153588533401489,0.8404130935668945,1.3086869716644287,-0.6720648407936096,0.09253579378128052,1.0493495464324951,-1.206787109375,0.8285222053527832,1.558464527130127,-0.988236129283905,0.20851221680641174,0.6109573245048523,-1.7859610319137573,0.8480714559555054,1.645036220550537,-1.0529533624649048,0.22703492641448975,0.44702041149139404,-1.9204782247543335,0.8137190341949463,1.6477727890014648,-1.088950276374817,0.2659544348716736,0.43033456802368164,-1.8319215774536133,0.796573281288147,1.618487000465393,-1.017983078956604,0.2690981924533844,0.48018741607666016,-1.77782142162323,0.6573746800422668,1.5600587129592896,0.018791262060403824,0.41448307037353516,1.5405375957489014,-0.011592436581850052,0.6391357183456421,2.1942296028137207,0.15439289808273315,0.42435091733932495,2.212080240249634,0.06212281063199043,0.6396597623825073,2.7387733459472656,1.0305191278457642,0.4136630892753601,2.748288631439209,0.7892476320266724,0.6430571675300598,2.829096794128418,1.1197715997695923,0.40954142808914185,2.831129312515259,0.8536609411239624,0.6048762798309326,2.9509897232055664,0.8253942728042603,0.4418001174926758,2.968193531036377,0.4888702929019928
wave,0.5596150159835815,0.43038368225097656,-1.5814332962036133,0.5792083740234375,0.3695002794265747,-1.52884042263031,0.5923973321914673,0.37115228176116943,-1.5283452272415161,0.6042388677597046,0.3733929395675659,-1.528283953666687,0.5332507491111755,0.366329550743103,-1.5322133302688599,0.5175813436508179,0.36683595180511475,-1.5325113534927368,0.5036473870277405,0.3693948984146118,-1.5321115255355835,0.6205611824989319,0.4078335762023926,-1.1347438097000122,0.48403069376945496,0.4054830074310303,-1.158105731010437,0.5852816104888916,0.49740278720855713,-1.4282724857330322,0.5319375395774841,0.4910898208618164,-1.4355244636535645,0.7416898012161255,0.76790851354599,-0.8126848340034485,0.3690413534641266,0.7295262813568115,-0.8179171681404114,0.8487347364425659,1.2833232879638672,-0.7957704067230225,0.08083128929138184,1.0248357057571411,-1.3545466661453247,0.8261017799377441,1.494350552558899,-1.0949007272720337,0.21534305810928345,0.5719894170761108,-1.9472581148147583,0.8408223390579224,1.5639430284500122,-1.165879726409912,0.22753632068634033,0.4027351140975952,-2.084995985031128,0.8098399043083191,1.5676037073135376,-1.1969494819641113,0.27730298042297363,0.3901386260986328,-1.9940847158432007,0.7945237159729004,1.54758620262146,-1.121354341506958,0.28025615215301514,0.450793981552124,-1.9379158020019531,0.6620540022850037,1.522631287574768,0.006917846854776144,0.42322611808776855,1.515289545059204,-3.721644316101447e-05,0.6473572254180908,2.154531955718994,0.17775596678256989,0.4355100989341736,2.185589551925659,0.11905981600284576,0.6523736715316772,2.691805839538574,1.1426576375961304,0.4297438859939575,2.7209348678588867,0.9276987314224243,0.6570113301277161,2.775078296661377,1.238877534866333,0.4276913106441498,2.800619602203369,0.9990619421005249,0.6129415035247803,2.8996963500976562,0.9220475554466248,0.4524582624435425,2.9312644004821777,0.6099829077720642
wave,0.5655564665794373,0.4404926300048828,-1.543274998664856,0.5814012885093689,0.3682370185852051,-1.4888050556182861,0.5936594009399414,0.3671681880950928,-1.4881112575531006,0.604669988155365,0.3667736053466797,-1.4878803491592407,0.5373777747154236,0.37352144718170166,-1.4955341815948486,0.5205508470535278,0.374975323677063,-1.4957365989685059,0.506844699382782,0.3767741918563843,-1.4952017068862915,0.6209635734558105,0.39780402183532715,-1.091072678565979,0.4851301908493042,0.40743350982666016,-1.1306819915771484,0.5905268788337708,0.49619901180267334,-1.3895949125289917,0.5388081669807434,0.4975520372390747,-1.4016495943069458,0.7387487888336182,0.7577677965164185,-0.7706284523010254,0.3658697009086609,0.7168995141983032,-0.7945953607559204,0.8457297086715698,1.2784759998321533,-0.7354603409767151,0.08207258582115173,1.0198707580566406,-1.2906819581985474,0.801390528678894,1.4822627305984497,-1.0433005094528198,0.20421922206878662,0.538288414478302,-1.8689064979553223,0.8115506172180176,1.554850697517395,-1.1127877235412598,0.21930518746376038,0.37890446186065674,-2.006263256072998,0.7763268351554871,1.554695963859558,-1.1375495195388794,0.24939516186714172,0.36569929122924805,-1.920048713684082,0.7630856037139893,1.5323314666748047,-1.0678492784500122,0.26298949122428894,0.428583025932312,-1.8619316816329956,0.6569255590438843,1.5187963247299194,0.019754091277718544,0.4131997227668762,1.5044119358062744,-0.012362613342702389,0.6360381841659546,2.1695423126220703,0.20803622901439667,0.42256516218185425,2.1718311309814453,0.017785605043172836,0.6319556832313538,2.703075885772705,1.1312460899353027,0.40934276580810547,2.7114899158477783,0.7755860686302185,0.6356655955314636,2.7883238792419434,1.2239447832107544,0.40640103816986084,2.792346477508545,0.8429659605026245,0.5913572311401367,2.9065895080566406,0.9157777428627014,0.43445006012916565,2.919187545776367,0.4548978805541992
wave,0.5659701228141785,0.4487191438674927,-1.5291197299957275,0.583014190196991,0.3750046491622925,-1.477243423461914,0.5956258177757263,0.3737832307815552,-1.4763951301574707,0.6066073179244995,0.37272560596466064,-1.4761286973953247,0.5381510257720947,0.3799961805343628,-1.4819968938827515,0.5211403369903564,0.38080620765686035,-1.4820729494094849,0.5068210959434509,0.38401949405670166,-1.4814518690109253,0.6243810057640076,0.4028126001358032,-1.0886021852493286,0.48390311002731323,0.41254138946533203,-1.116215467453003,0.590796172618866,0.504012942314148,-1.3776881694793701,0.5411627888679504,0.5055776834487915,-1.386383295059204,0.7374787330627441,0.7631446123123169,-0.7399911880493164,0.36684948205947876,0.7178807258605957,-0.7892277836799622,0.8323172330856323,1.3082122802734375,-0.6874164938926697,0.10337784886360168,1.0812833309173584,-1.2612979412078857,0.8107619285583496,1.539900541305542,-1.019091248512268,0.19755703210830688,0.5500379800796509,-1.8872826099395752,0.8272612690925598,1.6263902187347412,-1.0798206329345703,0.19591811299324036,0.3758533000946045,-2.0229718685150146,0.7934766411781311,1.6253694295883179,-1.1188913583755493,0.21112897992134094,0.34684014320373535,-1.9465986490249634,0.7786455750465393,1.594138264656067,-1.048777461051941,0.2305532991886139,0.40687429904937744,-1.8820850849151611,0.6522889137268066,1.540356993675232,0.02890625223517418,0.4059615135192871,1.5181446075439453,-0.021298810839653015,0.6247011423110962,2.2015674114227295,0.17793306708335876,0.40803223848342896,2.1959924697875977,0.008074035868048668,0.6139200925827026,2.7435622215270996,1.0860990285873413,0.3879860043525696,2.7331182956695557,0.7573882341384888,0.615833044052124,2.835874319076538,1.1772431135177612,0.38087573647499084,2.816342353820801,0.823344349861145,0.5762171149253845,2.9419760704040527,0.8615753650665283,0.4245469570159912,2.944479465484619,0.433657705783844
wave,0.5628799200057983,0.4420890808105469,-1.4315495491027832,0.5822067856788635,0.3700453042984009,-1.378915786743164,0.5951581001281738,0.3698458671569824,-1.378190279006958,0.606979250907898,0.37035465240478516,-1.3780649900436401,0.5367940664291382,0.3705410957336426,-1.3827906847000122,0.5203018188476562,0.3703744411468506,-1.3828550577163696,0.5069122910499573,0.3709886074066162,-1.382263422012329,0.6252106428146362,0.4024094343185425,-0.9815703630447388,0.48888370394706726,0.39912521839141846,-1.0071372985839844,0.5879198312759399,0.5026309490203857,-1.276361346244812,0.5349007248878479,0.5004531145095825,-1.284805417060852,0.736600935459137,0.7620757818222046,-0.6422244906425476,0.365519642829895,0.7225750088691711,-0.6863179206848145,0.8350592851638794,1.241512417793274,-0.5631285905838013,0.10234344005584717,0.9451400637626648,-1.1347832679748535,0.8300372958183289,1.4750782251358032,-0.8695897459983826,0.1183989942073822,0.5300302505493164,-1.7696382999420166,0.8475303649902344,1.5635056495666504,-0.9246182441711426,0.11237779259681702,0.3675187826156616,-1.899940013885498,0.8191813230514526,1.556934118270874,-0.9771714806556702,0.14077547192573547,0.3305724859237671,-1.8468642234802246,0.8042221069335938,1.5272998809814453,-0.9036836624145508,0.15086394548416138,0.4005625247955322,-1.7744677066802979,0.6481564044952393,1.5649889707565308,0.019103430211544037,0.40281206369400024,1.5513129234313965,-0.011975793167948723,0.6401714086532593,2.192328453063965,0.15673352777957916,0.41668224334716797,2.229996681213379,0.07698997855186462,0.6429935097694397,2.752014636993408,1.0737583637237549,0.41536515951156616,2.7913618087768555,0.8214443325996399,0.6469952464103699,2.8406200408935547,1.1652376651763916,0.41389256715774536,2.8748676776885986,0.8857128024101257,0.6081846952438354,2.9731574058532715,0.8503705263137817,0.4436272382736206,3.0178146362304688,0.49709171056747437
wave,0.5714295506477356,0.4309145212173462,-1.2220624685287476,0.5885912179946899,0.3602844476699829,-1.159886360168457,0.6001749038696289,0.3601166009902954,-1.1588783264160156,0.6112557053565979,0.3608914613723755,-1.1586744785308838,0.5460501313209534,0.36365175247192383,-1.1630338430404663,0.529579758644104,0.3649861812591553,-1.1628782749176025,0.5151472687721252,0.36678361892700195,-1.162213683128357,0.6264881491661072,0.3960442543029785,-0.7525478005409241,0.4952707290649414,0.3940359354019165,-0.7788124680519104,0.594450831413269,0.4902520179748535,-1.0682796239852905,0.543454110622406,0.49026525020599365,-1.0763499736785889,0.7420802712440491,0.7792701125144958,-0.4275164008140564,0.37123653292655945,0.725910484790802,-0.4875296652317047,0.8258556127548218,1.2712093591690063,-0.4173850417137146,0.08267882466316223,0.9242379665374756,-0.9617194533348083,0.8242508172988892,1.5100637674331665,-0.8660407066345215,0.09128475189208984,0.4319702386856079,-1.7057305574417114,0.8410125970840454,1.6070692539215088,-0.9357659816741943,0.07446956634521484,0.2952653169631958,-1.8540164232254028,0.8142282962799072,1.5941178798675537,-0.9973509311676025,0.0942898690700531,0.26640427112579346,-1.8081026077270508,0.8004608154296875,1.558561086654663,-0.9092373251914978,0.10385912656784058,0.32175278663635254,-1.7189222574234009,0.6543989777565002,1.600833773612976,0.04376097396016121,0.40789639949798584,1.5768605470657349,-0.03577804937958717,0.6362741589546204,2.280870199203491,0.023577606305480003,0.40768569707870483,2.2605443000793457,-0.19157370924949646,0.6335212588310242,2.8854217529296875,0.8877178430557251,0.40505993366241455,2.8771653175354004,0.4895593225955963,0.6315078139305115,2.987658977508545,0.9716691970825195,0.39920997619628906,2.976181983947754,0.54372638463974,0.614737868309021,3.0848288536071777,0.6388112902641296,0.4421093165874481,3.0893235206604004,0.1235639750957489
wave,0.5687856078147888,0.44367361068725586,-1.3633575439453125,0.5858609676361084,0.37191128730773926,-1.3069062232971191,0.5987440943717957,0.3712954521179199,-1.3064936399459839,0.6107731461524963,0.37146246433258057,-1.3064779043197632,0.5408040285110474,0.3753972053527832,-1.310186743736267,0.5244823098182678,0.3757658004760742,-1.3102723360061646,0.511299192905426,0.37599456310272217,-1.3098359107971191,0.6275850534439087,0.4045834541320801,-0.8924384117126465,0.49278321862220764,0.399786114692688,-0.9168499112129211,0.5940584540367126,0.5016446113586426,-1.2012382745742798,0.542579710483551,0.49998438358306885,-1.2092812061309814,0.7426621317863464,0.7806392312049866,-0.5243387222290039,0.3699576258659363,0.7263912558555603,-0.5939761996269226,0.8388205766677856,1.2815237045288086,-0.44697391986846924,0.07772654294967651,0.9915801882743835,-1.0180634260177612,0.8559638261795044,1.5403519868850708,-0.8275106549263,0.04517298936843872,0.5089758634567261,-1.7547940015792847,0.8740538358688354,1.6423166990280151,-0.8835234642028809,0.03079378604888916,0.34120309352874756,-1.8863286972045898,0.8528282642364502,1.6214112043380737,-0.9554625749588013,0.04358738660812378,0.3120354413986206,-1.8679293394088745,0.8382453918457031,1.5861186981201172,-0.8689128756523132,0.06174808740615845,0.3549898862838745,-1.7724207639694214,0.6554450392723083,1.5983607769012451,0.04489727318286896,0.4142286777496338,1.5852546691894531,-0.03751983493566513,0.6510014533996582,2.230135440826416,0.1728714257478714,0.4243636131286621,2.2377824783325195,-0.06516823172569275,0.6488476991653442,2.801145553588867,1.1864771842956543,0.4218815565109253,2.8329272270202637,0.7127591967582703,0.6486632823944092,2.8936004638671875,1.2837721109390259,0.4185457229614258,2.9219582080841064,0.7768957018852234,0.6288213729858398,3.0054800510406494,0.9542075395584106,0.45458078384399414,3.049288272857666,0.34582090377807617
wave,0.5693261623382568,0.44697773456573486,-1.4288690090179443,0.5875727534294128,0.3760436773300171,-1.3780051469802856,0.600551962852478,0.3754364252090454,-1.3775410652160645,0.6128076910972595,0.37538421154022217,-1.3775898218154907,0.5427706241607666,0.37837862968444824,-1.38231360912323,0.5262072682380676,0.37807250022888184,-1.3823286294937134,0.5126247406005859,0.37767934799194336,-1.3819160461425781,0.6296570301055908,0.40784788131713867,-0.9713782668113708,0.49383267760276794,0.4028961658477783,-0.9989431500434875,0.5949370861053467,0.5027964115142822,-1.2658905982971191,0.5431147813796997,0.5006482601165771,-1.2750439643859863,0.7445402145385742,0.7804091572761536,-0.6020550727844238,0.3738086223602295,0.7228410243988037,-0.666000485420227,0.8466391563415527,1.2713284492492676,-0.4831004738807678,0.1054241955280304,0.9980895519256592,-1.0712077617645264,0.8572607040405273,1.5584161281585693,-0.8108071088790894,0.03458142280578613,0.5522798895835876,-1.7782294750213623,0.8743841648101807,1.6710634231567383,-0.86541348695755,0.008014857769012451,0.38522088527679443,-1.9081707000732422,0.851377010345459,1.6533479690551758,-0.9433462023735046,0.021132946014404297,0.342710018157959,-1.90718674659729,0.8381713628768921,1.612846851348877,-0.8542786240577698,0.037680745124816895,0.41097354888916016,-1.80326509475708,0.6559116244316101,1.5897910594940186,0.024828942492604256,0.4164120852947235,1.5721956491470337,-0.017551081255078316,0.6437050700187683,2.2214794158935547,0.2180585116147995,0.42039811611175537,2.239891529083252,0.0823465883731842,0.6397842168807983,2.786721706390381,1.2379894256591797,0.4146884083747864,2.8114588260650635,0.8860266208648682,0.6410644054412842,2.87424373626709,1.336742877960205,0.4104209840297699,2.895565986633301,0.9538007974624634,0.6064539551734924,2.9975626468658447,1.0056229829788208,0.4474642872810364,3.030726909637451,0.5394859910011292
wave,0.5744621753692627,0.44828999042510986,-1.409050464630127,0.5884143710136414,0.3748927116394043,-1.3569554090499878,0.6006923913955688,0.3735400438308716,-1.3564932346343994,0.6124401092529297,0.3733406066894531,-1.3564821481704712,0.5446157455444336,0.3794834613800049,-1.3603001832962036,0.5279700756072998,0.38025128841400146,-1.360412359237671,0.513871431350708,0.38127195835113525,-1.359944462776184,0.6290509104728699,0.40405964851379395,-0.9582507610321045,0.49419283866882324,0.40652334690093994,-0.9793024659156799,0.5982236266136169,0.503770112991333,-1.2512593269348145,0.5481141209602356,0.5039619207382202,-1.258590817451477,0.7434765100479126,0.767874002456665,-0.6087315678596497,0.3710099458694458,0.7290873527526855,-0.6623147130012512,0.8599652051925659,1.2581477165222168,-0.5221530795097351,0.10546454787254333,0.9665772914886475,-1.0805408954620361,0.8698350191116333,1.5242881774902344,-0.8600596189498901,0.07611393928527832,0.5437380075454712,-1.755728840827942,0.8889128565788269,1.6230524778366089,-0.9203590750694275,0.052798449993133545,0.3792368173599243,-1.8879163265228271,0.8621262311935425,1.6103434562683105,-0.9839373826980591,0.07622218132019043,0.357799768447876,-1.8544436693191528,0.8471935987472534,1.577370524406433,-0.8986682295799255,0.08502644300460815,0.3973679542541504,-1.7670528888702393,0.6675536036491394,1.5859711170196533,0.027712838724255562,0.42808040976524353,1.5770418643951416,-0.02072642184793949,0.6625739932060242,2.204280376434326,0.21656706929206848,0.44046831130981445,2.251302719116211,0.2049979269504547,0.6590930223464966,2.763932228088379,1.227338194847107,0.43394070863723755,2.802792549133301,1.035597324371338,0.661045491695404,2.8515143394470215,1.327492356300354,0.432059645652771,2.8847756385803223,1.1077498197555542,0.6292396783828735,2.9779958724975586,1.0144189596176147,0.4613242447376251,3.0188517570495605,0.7193480730056763
wave,0.5736593008041382,0.4436098337173462,-1.2622541189193726,0.5886743068695068,0.3727078437805176,-1.2103571891784668,0.6008813381195068,0.37167787551879883,-1.209691047668457,0.6125321388244629,0.37215983867645264,-1.2095247507095337,0.5456217527389526,0.37605464458465576,-1.2123337984085083,0.5285281538963318,0.3776223659515381,-1.2123916149139404,0.5139249563217163,0.3796008825302124,-1.2118057012557983,0.6285839080810547,0.4047544002532959,-0.8347957134246826,0.4939412474632263,0.40677201747894287,-0.851830244064331,0.597530722618103,0.5006197690963745,-1.117473840713501,0.5474565029144287,0.5008883476257324,-1.1233481168746948,0.7384412288665771,0.755613386631012,-0.5339154005050659,0.3819078505039215,0.7240627408027649,-0.5569486021995544,0.8381509780883789,1.2545373439788818,-0.5083560943603516,0.11731371283531189,0.9734734296798706,-1.0207571983337402,0.8321821689605713,1.5119916200637817,-0.8770928382873535,0.13292181491851807,0.5356377959251404,-1.6855039596557617,0.8503404855728149,1.6034035682678223,-0.9424372315406799,0.12142714858055115,0.39766621589660645,-1.8220068216323853,0.8198741674423218,1.5964486598968506,-0.9914827346801758,0.13994896411895752,0.3524055480957031,-1.7657634019851685,0.8040980100631714,1.5674428939819336,-0.912087619304657,0.15085965394973755,0.41838598251342773,-1.6911529302597046,0.6623378992080688,1.5571155548095703,0.013208091259002686,0.4247139096260071,1.5453029870986938,-0.0058425841853022575,0.6497916579246521,2.1743905544281006,0.1051916629076004,0.43183547258377075,2.194401741027832,0.037875257432460785,0.6518662571907043,2.7388458251953125,1.0171542167663574,0.42951130867004395,2.76861310005188,0.7678452730178833,0.6562080383300781,2.825805187225342,1.1080098152160645,0.4282252788543701,2.8552680015563965,0.8301773071289062,0.6168638467788696,2.954709768295288,0.8046244978904724,0.4511079490184784,2.986138105392456,0.45318931341171265
wave,0.5689955353736877,0.43931281566619873,-1.5261646509170532,0.5846221446990967,0.3648906946182251,-1.4799602031707764,0.597109854221344,0.36363375186920166,-1.479365587234497,0.6086952090263367,0.363425612449646,-1.4791401624679565,0.5395267605781555,0.3716071844100952,-1.4811288118362427,0.523847222328186,0.37368571758270264,-1.4812527894973755,0.5091582536697388,0.3766423463821411,-1.4806535243988037,0.6256874203681946,0.39719319343566895,-1.1101382970809937,0.48963919281959534,0.41046226024627686,-1.1207306385040283,0.5935661792755127,0.4970019459724426,-1.3792232275009155,0.5417571663856506,0.49922049045562744,-1.383562684059143,0.7431509494781494,0.763296902179718,-0.7855890989303589,0.37014615535736084,0.7131614685058594,-0.808864176273346,0.8396717309951782,1.2901884317398071,-0.7815743684768677,0.10719355940818787,1.1066566705703735,-1.2678533792495728,0.8140726685523987,1.5335626602172852,-1.1577109098434448,0.15046483278274536,0.6446768641471863,-1.954192876815796,0.830169677734375,1.6255245208740234,-1.2326030731201172,0.1416279673576355,0.47047877311706543,-2.102612018585205,0.793000340461731,1.6235820055007935,-1.272870659828186,0.17333921790122986,0.45447051525115967,-2.03928542137146,0.777946949005127,1.589397668838501,-1.18950355052948,0.1964397132396698,0.4999316334724426,-1.9543782472610474,0.6502677202224731,1.537538766860962,0.01799827627837658,0.40745142102241516,1.5125453472137451,-0.010679111815989017,0.6274515986442566,2.1643455028533936,0.24936266243457794,0.41166555881500244,2.1769227981567383,0.15179824829101562,0.6168818473815918,2.6832375526428223,1.2132564783096313,0.39390677213668823,2.690016746520996,0.9737501740455627,0.6183942556381226,2.7688937187194824,1.3106327056884766,0.3902342915534973,2.770111083984375,1.0473285913467407,0.5755472779273987,2.9005753993988037,1.0014010667800903,0.41940072178840637,2.910954713821411,0.6739422082901001
wave,0.5722583532333374,0.43869709968566895,-1.6102550029754639,0.5877722501754761,0.36593925952911377,-1.5586835145950317,0.6002539992332458,0.3657747507095337,-1.5578696727752686,0.6111346483230591,0.3658818006515503,-1.5575499534606934,0.5437865853309631,0.3680996894836426,-1.5667067766189575,0.5263228416442871,0.3687344789505005,-1.5667352676391602,0.5116993188858032,0.3698338270187378,-1.5661128759384155,0.6289578080177307,0.39915263652801514,-1.1720030307769775,0.48747098445892334,0.40173256397247314,-1.2158735990524292,0.5950677394866943,0.49718761444091797,-1.4590425491333008,0.5415804982185364,0.49547088146209717,-1.4724819660186768,0.7395268678665161,0.764322817325592,-0.8435511589050293,0.36383774876594543,0.7115326523780823,-0.9097574949264526,0.8260393142700195,1.301159143447876,-0.8644040822982788,0.0826263427734375,1.079728364944458,-1.409820795059204,0.7713333964347839,1.4771093130111694,-1.2292070388793945,0.19241642951965332,0.6297016143798828,-2.0142297744750977,0.7788190841674805,1.5538808107376099,-1.309316635131836,0.2070176899433136,0.4652364253997803,-2.1593029499053955,0.7397465109825134,1.5496753454208374,-1.3314951658248901,0.24548259377479553,0.4563966989517212,-2.0705935955047607,0.7293232679367065,1.5177358388900757,-1.2556731700897217,0.25180551409721375,0.5039044618606567,-2.003725290298462,0.6384518146514893,1.5477795600891113,0.03002273291349411,0.39093756675720215,1.5123783349990845,-0.023051876574754715,0.5965316891670227,2.1953017711639404,0.1530209630727768,0.37771308422088623,2.2013931274414062,0.003070931416004896,0.5738754868507385,2.7154974937438965,0.9798486232757568,0.345636248588562,2.714498519897461,0.7230990529060364,0.5734365582466125,2.810209274291992,1.0654970407485962,0.3375173807144165,2.7978663444519043,0.7877604961395264,0.5305786728858948,2.9194068908691406,0.7640655040740967,0.37617701292037964,2.9373488426208496,0.4179660379886627
wave,0.5630214214324951,0.4331328868865967,-1.506512999534607,0.5825518369674683,0.3668016195297241,-1.454073190689087,0.5964534282684326,0.36827588081359863,-1.4533748626708984,0.6087998747825623,0.37053048610687256,-1.4531323909759521,0.5366391539573669,0.3675934076309204,-1.4567952156066895,0.5198249816894531,0.3691900968551636,-1.4568971395492554,0.5059357285499573,0.3718113899230957,-1.4563745260238647,0.6260219812393188,0.40494608879089355,-1.0666298866271973,0.4857132136821747,0.401481032371521,-1.088991403579712,0.5908308029174805,0.494404673576355,-1.3565237522125244,0.5356012582778931,0.48919475078582764,-1.3637405633926392,0.7426121830940247,0.7653677463531494,-0.7536967992782593,0.3720323145389557,0.7258334755897522,-0.7713773846626282,0.838495135307312,1.293184518814087,-0.7720453143119812,0.08421334624290466,1.0283976793289185,-1.264934778213501,0.8228529691696167,1.5347145795822144,-1.1330571174621582,0.19906601309776306,0.6167241334915161,-1.8752063512802124,0.8420299291610718,1.6192229986190796,-1.2104682922363281,0.22043368220329285,0.4744222164154053,-2.0192439556121826,0.807910144329071,1.6221426725387573,-1.2484736442565918,0.2512889802455902,0.43283843994140625,-1.9361025094985962,0.7911845445632935,1.5937241315841675,-1.1656872034072876,0.2603718042373657,0.49696552753448486,-1.8704135417938232,0.6624072194099426,1.5433173179626465,0.017239844426512718,0.4158172905445099,1.5253080129623413,-0.009774104692041874,0.6390960216522217,2.1798160076141357,0.12560726702213287,0.42618733644485474,2.1868252754211426,-0.02234455570578575,0.6411570906639099,2.7523980140686035,0.9860221147537231,0.417652428150177,2.739682674407959,0.7096357941627502,0.6439213156700134,2.846348285675049,1.0723384618759155,0.4135447144508362,2.822835922241211,0.7735462784767151,0.6063795685768127,2.961786985397339,0.7465648055076599,0.4457509517669678,2.958199977874756,0.3780279755592346
wave,0.5676162242889404,0.4445286989212036,-1.4358242750167847,0.5838269591331482,0.3737359046936035,-1.3832967281341553,0.5969455242156982,0.3732466697692871,-1.382767915725708,0.6086534857749939,0.37329530715942383,-1.382631778717041,0.5400906801223755,0.37775754928588867,-1.3872778415679932,0.5237056612968445,0.37939512729644775,-1.3875279426574707,0.509649395942688,0.3812052011489868,-1.387054204940796,0.6251791715621948,0.40337371826171875,-0.9923126101493835,0.48854267597198486,0.40681254863739014,-1.0170232057571411,0.5942761301994324,0.5015994310379028,-1.2844997644424438,0.5440102219581604,0.5007258653640747,-1.292657732963562,0.7433830499649048,0.7572634220123291,-0.6810812950134277,0.37926414608955383,0.7240022420883179,-0.7090321779251099,0.8400332927703857,1.2622815370559692,-0.6803433299064636,0.08548355102539062,1.0250859260559082,-1.215829610824585,0.8275145888328552,1.5091694593429565,-1.0262978076934814,0.19460734724998474,0.6127276420593262,-1.8513329029083252,0.8466158509254456,1.589828372001648,-1.1011370420455933,0.22965621948242188,0.4455118179321289,-1.9962575435638428,0.816347062587738,1.5899583101272583,-1.1422432661056519,0.25822070240974426,0.42473137378692627,-1.912767767906189,0.7990182638168335,1.568149447441101,-1.0584816932678223,0.2642323076725006,0.4719271659851074,-1.8461886644363403,0.665958821773529,1.558964490890503,0.013487494550645351,0.4223158657550812,1.5523459911346436,-0.006307047326117754,0.6507928967475891,2.1655526161193848,0.11275915056467056,0.43236181139945984,2.2197039127349854,0.10457412898540497,0.6471409201622009,2.734193801879883,1.0477381944656372,0.4177790880203247,2.7746336460113525,0.8815450668334961,0.6508386135101318,2.82236909866333,1.1422145366668701,0.4147931933403015,2.8559324741363525,0.9497538208961487,0.611843466758728,2.951632022857666,0.8374186754226685,0.43831878900527954,2.9932708740234375,0.5675460696220398
wave,0.5747352242469788,0.4481288194656372,-1.5691773891448975,0.5881832838058472,0.373271107673645,-1.515605092048645,0.6008829474449158,0.3711811304092407,-1.5149751901626587,0.6120742559432983,0.3697468042373657,-1.5149202346801758,0.5453888177871704,0.3803302049636841,-1.524031400680542,0.5292791724205017,0.3822171688079834,-1.5242048501968384,0.5152388215065002,0.38411545753479004,-1.523683786392212,0.6288559436798096,0.39644742012023926,-1.0994608402252197,0.49320390820503235,0.4119769334793091,-1.1476649045944214,0.599006712436676,0.5028201341629028,-1.4057883024215698,0.5514033436775208,0.5043392181396484,-1.4202535152435303,0.7397468090057373,0.7479817867279053,-0.7438737154006958,0.371426522731781,0.7201352715492249,-0.7993269562721252,0.846717357635498,1.2289881706237793,-0.6387878656387329,0.07269388437271118,0.8943589925765991,-1.289057970046997,0.8507003784179688,1.4796502590179443,-0.8962766528129578,0.1687488555908203,0.4810436964035034,-1.8460041284561157,0.8729938268661499,1.561604619026184,-0.9560701847076416,0.1864493191242218,0.33705759048461914,-1.9754031896591187,0.8438657522201538,1.5674391984939575,-1.0035134553909302,0.21514630317687988,0.32725632190704346,-1.9012272357940674,0.8268871903419495,1.5425688028335571,-0.9279370903968811,0.2311168611049652,0.38343775272369385,-1.8431110382080078,0.6626992225646973,1.5176883935928345,0.02558518759906292,0.4249328374862671,1.5157477855682373,-0.018791070207953453,0.6591829061508179,2.1082799434661865,0.2388317883014679,0.4473623037338257,2.155665874481201,0.13606499135494232,0.6628265380859375,2.677626609802246,1.2234541177749634,0.4431339204311371,2.705760955810547,0.931502640247345,0.6650957465171814,2.7657017707824707,1.3226975202560425,0.4398044943809509,2.7869300842285156,1.0019150972366333,0.6348695158958435,2.897922992706299,1.0149554014205933,0.47665202617645264,2.92230224609375,0.6061466336250305
wave,0.5730003118515015,0.44679033756256104,-1.573041319847107,0.5887109637260437,0.3762153387069702,-1.5167460441589355,0.600814700126648,0.37627530097961426,-1.5157824754714966,0.612369179725647,0.37716126441955566,-1.5157299041748047,0.5461523532867432,0.37897300720214844,-1.523597240447998,0.5290262699127197,0.3802070617675781,-1.5234427452087402,0.5145398378372192,0.3816877603530884,-1.5228538513183594,0.6268107891082764,0.4084930419921875,-1.0843507051467896,0.4931596517562866,0.4081895351409912,-1.1261519193649292,0.5953768491744995,0.5034456253051758,-1.4030258655548096,0.545385479927063,0.5028963088989258,-1.415814757347107,0.7370517253875732,0.753635585308075,-0.6949012875556946,0.36584746837615967,0.7188225388526917,-0.7539145946502686,0.8539686799049377,1.237746000289917,-0.5282291173934937,0.0553051233291626,0.9982317686080933,-1.173123836517334,0.854542076587677,1.5108646154403687,-0.7921719551086426,0.0925673246383667,0.5232133865356445,-1.7968934774398804,0.8740218877792358,1.613873839378357,-0.8432091474533081,0.07735225558280945,0.3643341064453125,-1.9223875999450684,0.8441035747528076,1.613439679145813,-0.9065276384353638,0.11801379919052124,0.3358876705169678,-1.8836647272109985,0.8303133249282837,1.5758585929870605,-0.8291462063789368,0.14148113131523132,0.442118763923645,-1.8073959350585938,0.6608331799507141,1.552376627922058,0.02410237304866314,0.4126778542995453,1.5494990348815918,-0.01702973246574402,0.655137300491333,2.192171096801758,0.21933718025684357,0.4281574785709381,2.217111825942993,0.019546829164028168,0.659249484539032,2.751035213470459,1.213944673538208,0.4309389591217041,2.778092622756958,0.7999763488769531,0.6584686636924744,2.8432278633117676,1.31137216091156,0.4261002540588379,2.8636295795440674,0.8656023740768433,0.6362270712852478,2.9583075046539307,0.9864068031311035,0.4752615988254547,2.99554705619812,0.4451930522918701
wave,0.5720038414001465,0.4444805383682251,-1.4615366458892822,0.5915701389312744,0.37621212005615234,-1.4045294523239136,0.6036099195480347,0.37588632106781006,-1.4038803577423096,0.6152653694152832,0.37636423110961914,-1.4037858247756958,0.5486448407173157,0.3760867118835449,-1.4111742973327637,0.5325556993484497,0.37486183643341064,-1.4112173318862915,0.5185867547988892,0.3742945194244385,-1.4106534719467163,0.6292927265167236,0.4086235761642456,-0.9767019748687744,0.49795305728912354,0.3975719213485718,-1.0148767232894897,0.5942919850349426,0.5039517879486084,-1.2931365966796875,0.541725754737854,0.4970029592514038,-1.30535089969635,0.73940509557724,0.7741710543632507,-0.5939749479293823,0.36226886510849,0.7286011576652527,-0.6702002882957458,0.8343374133110046,1.270479440689087,-0.4602617025375366,0.0797584056854248,1.0452207326889038,-1.0732356309890747,0.8367758989334106,1.5345925092697144,-0.8001224398612976,0.0526999831199646,0.5724123120307922,-1.7958964109420776,0.8537471294403076,1.6383535861968994,-0.8562329411506653,0.01099538803100586,0.4199570417404175,-1.9319761991500854,0.8287772536277771,1.6232876777648926,-0.9287488460540771,0.0426139235496521,0.36343514919281006,-1.916405439376831,0.8148566484451294,1.587101697921753,-0.8415154814720154,0.0721103847026825,0.42921292781829834,-1.8150925636291504,0.6540008187294006,1.6005598306655884,0.03844739496707916,0.40751877427101135,1.5902292728424072,-0.030870433896780014,0.6479814052581787,2.252805233001709,0.22092600166797638,0.41981714963912964,2.2705726623535156,0.06035374850034714,0.6464719176292419,2.8325209617614746,1.255026936531067,0.4164023995399475,2.8505213260650635,0.8770353198051453,0.647636353969574,2.9271888732910156,1.356495976448059,0.4118596315383911,2.93837833404541,0.9463996291160583,0.6205394864082336,3.0436787605285645,1.0269886255264282,0.4555787444114685,3.0684995651245117,0.5261614322662354
wave,0.5885389447212219,0.4419132471084595,-1.2678818702697754,0.6025764346122742,0.3688387870788574,-1.203810453414917,0.6140362620353699,0.36792826652526855,-1.2030394077301025,0.6250081062316895,0.3681964874267578,-1.202852725982666,0.5609838962554932,0.3726537227630615,-1.218352198600769,0.5436636209487915,0.37354016304016113,-1.2183011770248413,0.5264148712158203,0.37470924854278564,-1.2176562547683716,0.6352765560150146,0.40175938606262207,-0.7773202657699585,0.5000984072685242,0.3998945951461792,-0.8526495695114136,0.6093836426734924,0.5001513957977295,-1.1040033102035522,0.559364914894104,0.5018002986907959,-1.1263680458068848,0.7391223907470703,0.784321129322052,-0.44586238265037537,0.36561501026153564,0.7429513931274414,-0.5545567870140076,0.8075671792030334,1.2864378690719604,-0.39050376415252686,0.11366340517997742,1.1002390384674072,-1.0057401657104492,0.8313977718353271,1.5591262578964233,-0.7897027134895325,-0.011580467224121094,0.680247962474823,-1.7621995210647583,0.8551444411277771,1.667391061782837,-0.8393529653549194,-0.07439231872558594,0.5529268980026245,-1.8911303281784058,0.8332261443138123,1.655571460723877,-0.9174255728721619,-0.0319865345954895,0.47409510612487793,-1.9122350215911865,0.8178125619888306,1.6166737079620361,-0.8374663591384888,-0.007285356521606445,0.5233021974563599,-1.8012455701828003,0.6535485982894897,1.5963236093521118,0.05548933148384094,0.4090888798236847,1.5903842449188232,-0.047031376510858536,0.6359584927558899,2.2656421661376953,-0.007265232503414154,0.4084603786468506,2.2371091842651367,-0.3941088318824768,0.6360934972763062,2.874711275100708,0.830805778503418,0.4105297327041626,2.8864638805389404,0.2093500941991806,0.6388412714004517,2.980595827102661,0.9128177165985107,0.4064444601535797,2.989842653274536,0.25709640979766846,0.609959065914154,3.066911220550537,0.5732117295265198,0.4483015537261963,3.095452070236206,-0.18718795478343964
wave,0.5853195190429688,0.4504355192184448,-1.3904098272323608,0.600473940372467,0.37488722801208496,-1.3187593221664429,0.6127063632011414,0.37339532375335693,-1.3184642791748047,0.6241849064826965,0.37313616275787354,-1.3180944919586182,0.5569562315940857,0.38005149364471436,-1.3365353345870972,0.5400271415710449,0.38072824478149414,-1.3366198539733887,0.5234037637710571,0.38140201568603516,-1.3363475799560547,0.6377617716789246,0.40400731563568115,-0.863078236579895,0.49848321080207825,0.40420234203338623,-0.956962525844574,0.6061505079269409,0.5062906742095947,-1.2167469263076782,0.5573590993881226,0.5070841312408447,-1.2452309131622314,0.7430896162986755,0.781391978263855,-0.5313624143600464,0.36175400018692017,0.7409890294075012,-0.6805005073547363,0.8086650371551514,1.2508442401885986,-0.5439362525939941,0.22513028979301453,1.2322989702224731,-0.978519082069397,0.8203058242797852,1.4942538738250732,-1.048000454902649,0.2739812433719635,1.3495545387268066,-1.6733402013778687,0.8398523926734924,1.5923633575439453,-1.1566619873046875,0.26655057072639465,1.4058072566986084,-1.8387314081192017,0.8165961503982544,1.5841467380523682,-1.2383826971054077,0.30323246121406555,1.372076153755188,-1.8649275302886963,0.8010028004646301,1.547902226448059,-1.1029435396194458,0.31532371044158936,1.3601179122924805,-1.7089325189590454,0.6714159250259399,1.5983843803405762,0.0655813068151474,0.42310380935668945,1.5949455499649048,-0.05790384113788605,0.6698693633079529,2.2220468521118164,-0.025496015325188637,0.43884575366973877,2.224412679672241,-0.24532820284366608,0.6652519106864929,2.8184473514556885,0.8216789364814758,0.44179630279541016,2.8222336769104004,0.35777711868286133,0.6645042896270752,2.922407627105713,0.9055699706077576,0.4387862980365753,2.9164743423461914,0.4052831828594208,0.6440438628196716,3.0165815353393555,0.5801387429237366,0.47893181443214417,3.033216953277588,-0.022435743361711502
wave,0.5846983790397644,0.44901609420776367,-1.1785012483596802,0.5999325513839722,0.37483370304107666,-1.108059048652649,0.611889123916626,0.3735482692718506,-1.1075804233551025,0.6231575012207031,0.3735370635986328,-1.1073068380355835,0.5568230748176575,0.3805321455001831,-1.1259480714797974,0.5399272441864014,0.38164985179901123,-1.125837802886963,0.5234059691429138,0.382617712020874,-1.1254523992538452,0.6355229616165161,0.40406692028045654,-0.6695636510848999,0.49897515773773193,0.40550899505615234,-0.7653228640556335,0.6063039898872375,0.5043774843215942,-1.0118653774261475,0.5559446811676025,0.5065892934799194,-1.0406534671783447,0.7440580129623413,0.7761630415916443,-0.3713083267211914,0.3659396171569824,0.7303062081336975,-0.5266973376274109,0.810667872428894,1.2238366603851318,-0.35281655192375183,0.17445781826972961,1.1033846139907837,-0.8525306582450867,0.8308168649673462,1.530424952507019,-0.8160356283187866,0.1384466588497162,1.1630136966705322,-1.5883235931396484,0.851508617401123,1.6539182662963867,-0.9102298021316528,0.10544848442077637,1.1920595169067383,-1.75169837474823,0.8271796703338623,1.6441543102264404,-1.0070092678070068,0.1375497579574585,1.168750286102295,-1.7884540557861328,0.8143528699874878,1.597425937652588,-0.8764360547065735,0.15904667973518372,1.172188401222229,-1.6315364837646484,0.6651594638824463,1.6059117317199707,0.06744426488876343,0.42352545261383057,1.597302794456482,-0.05962864309549332,0.6593160629272461,2.225647211074829,-0.05598817020654678,0.4304313063621521,2.2271389961242676,-0.2997813820838928,0.6533594727516174,2.8365347385406494,0.7207148671150208,0.43183234333992004,2.847923755645752,0.2645845413208008,0.650647759437561,2.9445254802703857,0.797014594078064,0.4271341562271118,2.950626850128174,0.3069193363189697,0.6365985870361328,3.0278987884521484,0.4790096580982208,0.4659462571144104,3.048447608947754,-0.11621536314487457
wave,0.5800928473472595,0.45554327964782715,-1.3620023727416992,0.5963141918182373,0.3836432695388794,-1.3024511337280273,0.6086947321891785,0.3819848299026489,-1.3016879558563232,0.6203086376190186,0.3810722827911377,-1.3011091947555542,0.5533695220947266,0.3866680860519409,-1.3121262788772583,0.5366573333740234,0.38622283935546875,-1.3121954202651978,0.5199257135391235,0.3860734701156616,-1.3117791414260864,0.6352173686027527,0.4098689556121826,-0.8878882527351379,0.4941328167915344,0.40825796127319336,-0.9320437908172607,0.6008476614952087,0.5194344520568848,-1.2014497518539429,0.5506992936134338,0.5210103988647461,-1.2155596017837524,0.7404798269271851,0.7686205506324768,-0.5405738949775696,0.37309199571609497,0.7260898351669312,-0.6244336366653442,0.8004825711250305,1.2919416427612305,-0.587061882019043,0.1375318169593811,1.125800371170044,-1.026682734489441,0.8082752227783203,1.4639947414398193,-1.0916870832443237,0.024556219577789307,0.748912513256073,-1.732275128364563,0.8284653425216675,1.5393433570861816,-1.1651439666748047,-0.011505067348480225,0.6294445395469666,-1.866368055343628,0.8065941333770752,1.5245692729949951,-1.229265570640564,0.005836129188537598,0.6019942164421082,-1.8697830438613892,0.7914178371429443,1.4968897104263306,-1.1406710147857666,0.03999686241149902,0.660306990146637,-1.7647247314453125,0.6574437618255615,1.581160306930542,0.066053107380867,0.4066336452960968,1.5663827657699585,-0.0567086823284626,0.6420915722846985,2.2610886096954346,-0.049567822366952896,0.40990832448005676,2.2766366004943848,-0.16838592290878296,0.6325586438179016,2.9084060192108154,0.6562166810035706,0.3942949175834656,2.9112343788146973,0.3598790466785431,0.6335684657096863,3.0215983390808105,0.726429283618927,0.3851224184036255,3.0121803283691406,0.4018520414829254,0.6065736413002014,3.0888099670410156,0.38153383135795593,0.4397534728050232,3.1120238304138184,-0.008130707778036594
wave,0.5826667547225952,0.4422348737716675,-1.4365204572677612,0.5967473387718201,0.3672804832458496,-1.3766887187957764,0.6081751585006714,0.3664618730545044,-1.3760035037994385,0.6191440224647522,0.3667720556259155,-1.3759591579437256,0.5541878938674927,0.37182343006134033,-1.3893710374832153,0.5371602177619934,0.37279462814331055,-1.389369010925293,0.520862877368927,0.37398576736450195,-1.3887991905212402,0.6327401995658875,0.4003535509109497,-0.9403936266899109,0.496453195810318,0.40014421939849854,-1.007094144821167,0.6038623452186584,0.49913251399993896,-1.2648305892944336,0.5538132786750793,0.49936509132385254,-1.2849315404891968,0.7448885440826416,0.7821798920631409,-0.5575335025787354,0.3648664951324463,0.730384111404419,-0.685702383518219,0.8297158479690552,1.2970184087753296,-0.4497789442539215,0.09159135818481445,1.0081815719604492,-1.1425120830535889,0.8315399885177612,1.5466115474700928,-0.8180382251739502,0.0509490966796875,0.6067255139350891,-1.8997466564178467,0.8473470211029053,1.649850845336914,-0.8717204332351685,0.010715842247009277,0.4556044340133667,-2.0376949310302734,0.824204683303833,1.6302460432052612,-0.9415719509124756,0.04418152570724487,0.4158508777618408,-2.0249807834625244,0.8108988404273987,1.592416763305664,-0.8584290742874146,0.0587010383605957,0.45868635177612305,-1.9199351072311401,0.6557751297950745,1.6123555898666382,0.0524282306432724,0.4088272154331207,1.6036583185195923,-0.04524752125144005,0.647760272026062,2.26345157623291,0.22119811177253723,0.41633695363998413,2.2758889198303223,-0.13147473335266113,0.6406441926956177,2.8139443397521973,1.261468768119812,0.40923988819122314,2.872873306274414,0.6284237504005432,0.6396080255508423,2.904320240020752,1.3635560274124146,0.40316787362098694,2.9618911743164062,0.6919203400611877,0.619327962398529,3.0285563468933105,1.0468652248382568,0.4526938199996948,3.101512908935547,0.25526392459869385
wave,0.5689576268196106,0.44475626945495605,-1.428679347038269,0.5879465937614441,0.3721470832824707,-1.374062418937683,0.6002355813980103,0.37176430225372314,-1.3736920356750488,0.6119287014007568,0.3723776340484619,-1.3735685348510742,0.5438520908355713,0.37317192554473877,-1.3779858350753784,0.5276103019714355,0.3725142478942871,-1.378255844116211,0.5139981508255005,0.37240123748779297,-1.377852201461792,0.6265683770179749,0.4057142734527588,-0.9641453623771667,0.49545180797576904,0.39557337760925293,-0.990753710269928,0.5918821692466736,0.5046288967132568,-1.2684398889541626,0.5393891334533691,0.4990520477294922,-1.277581810951233,0.7383356690406799,0.7694953083992004,-0.620781660079956,0.36414051055908203,0.715465247631073,-0.6588255167007446,0.8224446773529053,1.240962266921997,-0.6123267412185669,0.10196241736412048,0.9769729375839233,-1.1050994396209717,0.8059424757957458,1.3766772747039795,-1.0244723558425903,0.0947757363319397,0.5659996867179871,-1.8496977090835571,0.8166732788085938,1.4375643730163574,-1.0970898866653442,0.07513853907585144,0.4314805269241333,-1.9947130680084229,0.7956243753433228,1.4135568141937256,-1.1436007022857666,0.08275657892227173,0.37693846225738525,-1.955691933631897,0.7816494107246399,1.3984873294830322,-1.0579549074172974,0.11256593465805054,0.4404118061065674,-1.8604530096054077,0.6495662927627563,1.5698491334915161,0.026660580188035965,0.4024501442909241,1.5605218410491943,-0.01873006299138069,0.6431121230125427,2.2033607959747314,0.1400480717420578,0.41899651288986206,2.2216012477874756,-0.04498748481273651,0.6500323414802551,2.7741878032684326,1.1242533922195435,0.4212530255317688,2.8015170097351074,0.7335615754127502,0.6542839407920837,2.8632521629333496,1.2215851545333862,0.42018693685531616,2.8843278884887695,0.8008272647857666,0.6193326115608215,2.9854822158813477,0.8892009854316711,0.4479987919330597,3.020068883895874,0.37994250655174255
wave,0.561347484588623,0.44473981857299805,-1.5141361951828003,0.579621434211731,0.3717384338378906,-1.466133952140808,0.5930814146995544,0.3705962896347046,-1.4655219316482544,0.6056399345397949,0.3702636957168579,-1.4652940034866333,0.5330399870872498,0.37521064281463623,-1.4685043096542358,0.5175756216049194,0.37540996074676514,-1.4686346054077148,0.5041398406028748,0.3773164749145508,-1.468097448348999,0.6277838945388794,0.40317749977111816,-1.0894163846969604,0.4860021471977234,0.4058113098144531,-1.1042137145996094,0.5876627564430237,0.506269097328186,-1.3649909496307373,0.5353804230690002,0.5020264387130737,-1.3705940246582031,0.745017409324646,0.7580137252807617,-0.7541702389717102,0.360167533159256,0.711942195892334,-0.8034583926200867,0.8417205214500427,1.2621289491653442,-0.7491454482078552,0.08914247155189514,1.0865880250930786,-1.2493244409561157,0.8415812253952026,1.4979310035705566,-1.1481845378875732,0.13852673768997192,0.6608574986457825,-1.940197467803955,0.8648383617401123,1.587118148803711,-1.2200216054916382,0.11733168363571167,0.5066354274749756,-2.0867366790771484,0.8315537571907043,1.582694172859192,-1.2723133563995361,0.14450711011886597,0.4634782075881958,-2.0297622680664062,0.8133906126022339,1.5516414642333984,-1.185723900794983,0.1686743199825287,0.5145263671875,-1.9431616067886353,0.6524394750595093,1.5457713603973389,0.024778462946414948,0.4035636782646179,1.5249963998794556,-0.01747385412454605,0.6372919082641602,2.1923258304595947,0.19280284643173218,0.4155574142932892,2.218168258666992,0.07468727231025696,0.6292014718055725,2.712559223175049,1.1307291984558105,0.40095576643943787,2.744398832321167,0.8459804058074951,0.6290115714073181,2.797788143157959,1.2248992919921875,0.39765676856040955,2.8243746757507324,0.9132187366485596,0.5963945388793945,2.9327280521392822,0.9159289002418518,0.42939358949661255,2.9729535579681396,0.527256965637207
wave,0.5600551962852478,0.43304526805877686,-1.4793410301208496,0.5817834734916687,0.3617246150970459,-1.4277251958847046,0.595795750617981,0.36206889152526855,-1.4270243644714355,0.6085193157196045,0.36295294761657715,-1.4267851114273071,0.5330724716186523,0.3625880479812622,-1.4314981698989868,0.5173865556716919,0.3628194332122803,-1.4316002130508423,0.5037126541137695,0.36448442935943604,-1.4309853315353394,0.6290251612663269,0.39868974685668945,-1.0526620149612427,0.48284298181533813,0.3980928659439087,-1.0761427879333496,0.5867494940757751,0.4928807020187378,-1.332992672920227,0.5326250195503235,0.48857712745666504,-1.3409403562545776,0.7420189380645752,0.7636774182319641,-0.7442401051521301,0.3645353317260742,0.7099816203117371,-0.7861542105674744,0.8411232233047485,1.2873830795288086,-0.7629855871200562,0.09229478240013123,1.092966079711914,-1.2764190435409546,0.8054852485656738,1.5013755559921265,-1.1389756202697754,0.18822422623634338,0.6632139086723328,-1.9182604551315308,0.8196991086006165,1.5815030336380005,-1.218488097190857,0.19432410597801208,0.5223416686058044,-2.067322254180908,0.7816530466079712,1.5818010568618774,-1.2486653327941895,0.2239200472831726,0.46470141410827637,-1.9848213195800781,0.7669654488563538,1.5521392822265625,-1.1686285734176636,0.23917421698570251,0.5372288227081299,-1.911685824394226,0.6490077972412109,1.5499011278152466,0.02532978355884552,0.4024741053581238,1.5237267017364502,-0.01796453818678856,0.6210633516311646,2.192504405975342,0.16760748624801636,0.40435001254081726,2.2095987796783447,0.05002283677458763,0.6080350279808044,2.7354164123535156,1.0438530445098877,0.3823586106300354,2.741356372833252,0.7816365957260132,0.6088443398475647,2.8273048400878906,1.1337980031967163,0.37804466485977173,2.824613332748413,0.8468270301818848,0.567258358001709,2.954038143157959,0.8307359218597412,0.4075580835342407,2.966909885406494,0.47219306230545044
wave,0.5656670331954956,0.44324982166290283,-1.4387083053588867,0.5834214091300964,0.37306463718414307,-1.3910270929336548,0.5969523191452026,0.3722008466720581,-1.3903756141662598,0.6090834140777588,0.37155699729919434,-1.390189290046692,0.53917396068573,0.3768962621688843,-1.3918339014053345,0.5228514671325684,0.3786282539367676,-1.3919379711151123,0.5092476010322571,0.3812481164932251,-1.3913615942001343,0.6287216544151306,0.40038061141967773,-1.0288175344467163,0.4888173043727875,0.41070878505706787,-1.0394521951675415,0.5934834480285645,0.5019282102584839,-1.297200083732605,0.5408037900924683,0.5003457069396973,-1.3011518716812134,0.7444135546684265,0.7562416791915894,-0.723317563533783,0.37732723355293274,0.7211363315582275,-0.7460131645202637,0.84267657995224,1.2946261167526245,-0.7349593043327332,0.11616143584251404,1.0677564144134521,-1.2196077108383179,0.8356605768203735,1.5630000829696655,-1.0875239372253418,0.21069872379302979,0.6506467461585999,-1.819475769996643,0.8570269346237183,1.6549742221832275,-1.1588010787963867,0.22357866168022156,0.49569129943847656,-1.9564448595046997,0.8230252265930176,1.656681776046753,-1.19846510887146,0.25653812289237976,0.4728602170944214,-1.8752650022506714,0.8049781322479248,1.625033974647522,-1.1189411878585815,0.2617228329181671,0.5165742039680481,-1.812476634979248,0.6663576364517212,1.5373343229293823,0.01312735304236412,0.42749929428100586,1.5220386981964111,-0.006426242645829916,0.6479917764663696,2.15191912651062,0.12980999052524567,0.4395914673805237,2.190471887588501,0.10352657735347748,0.6429233551025391,2.6999454498291016,0.9864578247070312,0.424058198928833,2.7204833030700684,0.8283023238182068,0.6453287601470947,2.7879209518432617,1.0731793642044067,0.4213581681251526,2.801103353500366,0.891981303691864,0.6077901124954224,2.9175608158111572,0.7714074850082397,0.4473578631877899,2.9410791397094727,0.5270788669586182
wave,0.5660693645477295,0.44953787326812744,-1.3451272249221802,0.5839473009109497,0.38108861446380615,-1.291466236114502,0.5971026420593262,0.38085079193115234,-1.2907572984695435,0.6089807748794556,0.3813495635986328,-1.2905844449996948,0.5387732982635498,0.38464152812957764,-1.2917520999908447,0.5220870971679688,0.38581383228302,-1.2918392419815063,0.5083392262458801,0.38742518424987793,-1.29129958152771,0.6265285015106201,0.411624550819397,-0.9155905842781067,0.48857542872428894,0.4150123596191406,-0.9291915893554688,0.5930256843566895,0.5052840709686279,-1.2024385929107666,0.5431146025657654,0.5052890777587891,-1.206716537475586,0.7421036958694458,0.7587326765060425,-0.626152753829956,0.3822788894176483,0.7270424962043762,-0.6256798505783081,0.8302652835845947,1.2760088443756104,-0.6414440274238586,0.10435280203819275,1.0284762382507324,-1.1231728792190552,0.8308138847351074,1.5281047821044922,-0.9781694412231445,0.22820913791656494,0.6180292367935181,-1.7152239084243774,0.8517708778381348,1.6120907068252563,-1.0430519580841064,0.25217849016189575,0.47724199295043945,-1.849757194519043,0.8242839574813843,1.6158757209777832,-1.0882059335708618,0.27923455834388733,0.44713127613067627,-1.7646852731704712,0.8068939447402954,1.588969111442566,-1.011723279953003,0.2852395474910736,0.5030567646026611,-1.7095091342926025,0.6635158061981201,1.5430502891540527,0.006961002945899963,0.42508792877197266,1.5331405401229858,0.0002295424637850374,0.6440896987915039,2.1760406494140625,-0.047733377665281296,0.42868202924728394,2.190797805786133,-0.12896619737148285,0.6486609578132629,2.748380661010742,0.7354726195335388,0.42470306158065796,2.767486572265625,0.5035203099250793,0.6537165641784668,2.8404574394226074,0.8145572543144226,0.4222653806209564,2.8555917739868164,0.5564345717430115,0.6128673553466797,2.952963352203369,0.5061197280883789,0.4468742907047272,2.9797022342681885,0.17190787196159363
wave,0.5718406438827515,0.44481587409973145,-1.5883793830871582,0.5899634957313538,0.37683069705963135,-1.533730149269104,0.6027123332023621,0.3767513036727905,-1.5329158306121826,0.6140936613082886,0.37827086448669434,-1.5327579975128174,0.5438075065612793,0.37590324878692627,-1.5385960340499878,0.526759922504425,0.375693678855896,-1.5386565923690796,0.5126924514770508,0.37640202045440674,-1.5380791425704956,0.6289376020431519,0.41272544860839844,-1.1350222826004028,0.48991599678993225,0.40383028984069824,-1.1698293685913086,0.5964254140853882,0.5060523748397827,-1.4342868328094482,0.5418601036071777,0.49923670291900635,-1.4447360038757324,0.7414829134941101,0.7604737281799316,-0.8040934205055237,0.3683181405067444,0.729202389717102,-0.8277696371078491,0.8443983793258667,1.2764829397201538,-0.7199451923370361,0.08861333131790161,1.0758817195892334,-1.2897998094558716,0.8482738733291626,1.5179827213287354,-0.9818421006202698,0.22791674733161926,0.6096408367156982,-1.8542885780334473,0.8718289136886597,1.6012976169586182,-1.0402544736862183,0.2496674358844757,0.4625440835952759,-1.9887239933013916,0.839195966720581,1.6090140342712402,-1.084033727645874,0.2807948887348175,0.4362431764602661,-1.9076793193817139,0.8209149837493896,1.581384539604187,-1.0129926204681396,0.2863599956035614,0.4906301498413086,-1.8482632637023926,0.6603984832763672,1.5446020364761353,0.011730597354471684,0.4123261570930481,1.5372939109802246,-0.00455568777397275,0.6451557874679565,2.202092409133911,0.1258014738559723,0.423236608505249,2.2252197265625,-0.04526912793517113,0.6525800824165344,2.7552521228790283,1.0033607482910156,0.421259343624115,2.777642250061035,0.6690862774848938,0.6579894423484802,2.8469927310943604,1.0939937829971313,0.4188176095485687,2.8611197471618652,0.733033299446106,0.6135037541389465,2.961562156677246,0.7863537073135376,0.4528247117996216,2.99440336227417,0.3433392643928528
wave,0.5758200883865356,0.4306061267852783,-1.2386454343795776,0.5929052233695984,0.3617284297943115,-1.1755989789962769,0.6054586172103882,0.36281681060791016,-1.1744846105575562,0.6169594526290894,0.36453306674957275,-1.1739611625671387,0.5492072701454163,0.36330747604370117,-1.1826545000076294,0.5319701433181763,0.3660484552383423,-1.182425856590271,0.5170493125915527,0.36733484268188477,-1.1815992593765259,0.6317154169082642,0.40656983852386475,-0.8000904321670532,0.4924488365650177,0.39688003063201904,-0.8460228443145752,0.5982791185379028,0.49262773990631104,-1.1029340028762817,0.5470266342163086,0.4877849817276001,-1.1166986227035522,0.7436910271644592,0.7809580564498901,-0.5322575569152832,0.3663562536239624,0.7142248749732971,-0.6128240823745728,0.8295021057128906,1.331036925315857,-0.5366154909133911,0.08643022179603577,1.0445263385772705,-1.1153007745742798,0.8280494213104248,1.5991543531417847,-0.889398455619812,0.21056205034255981,0.5824227333068848,-1.6822561025619507,0.852882981300354,1.699474573135376,-0.9493477940559387,0.2275668978691101,0.41023826599121094,-1.8133533000946045,0.8132225275039673,1.7117310762405396,-0.985008716583252,0.25585997104644775,0.3929150104522705,-1.7189549207687378,0.7964205741882324,1.6697440147399902,-0.9236865639686584,0.26117143034935,0.4471796751022339,-1.674181342124939,0.6488540172576904,1.5976945161819458,0.05511350929737091,0.3985463082790375,1.5552879571914673,-0.04750028997659683,0.6177319288253784,2.263456106185913,0.0801638811826706,0.39705508947372437,2.255948543548584,-0.1296187937259674,0.5950524806976318,2.8173365592956543,0.8452348113059998,0.36355605721473694,2.809605121612549,0.4661244750022888,0.5909311771392822,2.9227356910705566,0.9243439435958862,0.3512499928474426,2.906083583831787,0.5170079469680786,0.5706312656402588,3.0232315063476562,0.647014856338501,0.4059032201766968,3.0324268341064453,0.15192410349845886
wave,0.5743176341056824,0.4419292211532593,-1.415453553199768,0.590006411075592,0.3689776659011841,-1.3670114278793335,0.6027321219444275,0.3671762943267822,-1.366502285003662,0.614060640335083,0.367063045501709,-1.3664706945419312,0.5466840267181396,0.37471020221710205,-1.370160698890686,0.5301461815834045,0.3765140771865845,-1.3703694343566895,0.5162769556045532,0.3785513639450073,-1.369934320449829,0.6289153695106506,0.40179502964019775,-0.98618483543396,0.49578967690467834,0.4060521125793457,-1.0070502758026123,0.5990093350410461,0.5013915300369263,-1.265647530555725,0.5494800806045532,0.500194787979126,-1.2727904319763184,0.7427895665168762,0.7607536315917969,-0.6745601296424866,0.3850628733634949,0.7176215648651123,-0.6957259774208069,0.852716326713562,1.2641352415084839,-0.6283707022666931,0.09941253066062927,0.9992705583572388,-1.1746370792388916,0.8367921113967896,1.524402379989624,-0.9303202629089355,0.1688617467880249,0.5202735662460327,-1.7828214168548584,0.8525383472442627,1.6136305332183838,-0.9949304461479187,0.16598579287528992,0.32246267795562744,-1.9175026416778564,0.8212364912033081,1.6095662117004395,-1.0367398262023926,0.19380992650985718,0.3204714059829712,-1.846534013748169,0.8066460490226746,1.5830734968185425,-0.961207389831543,0.20572203397750854,0.3793681859970093,-1.781618595123291,0.6601849794387817,1.5762099027633667,0.013122566975653172,0.42017996311187744,1.5613168478012085,-0.006219750270247459,0.6460638046264648,2.201752185821533,0.2676011621952057,0.42871206998825073,2.237403392791748,0.24652394652366638,0.6415994167327881,2.7392845153808594,1.2827727794647217,0.41688603162765503,2.773026943206787,1.08878493309021,0.6445685029029846,2.82035493850708,1.385068416595459,0.4132974445819855,2.8520212173461914,1.1644833087921143,0.6045054197311401,2.9582324028015137,1.0919586420059204,0.43983569741249084,2.9904842376708984,0.7998421788215637
wave,0.5842375755310059,0.43973052501678467,-1.386509656906128,0.5989019870758057,0.3672494888305664,-1.330024242401123,0.6109786033630371,0.3677555322647095,-1.329241394996643,0.6224695444107056,0.3694498538970947,-1.3290560245513916,0.5572576522827148,0.36861419677734375,-1.3355745077133179,0.5390933156013489,0.36947035789489746,-1.335563063621521,0.5233503580093384,0.37056195735931396,-1.3349069356918335,0.6363037824630737,0.4048178195953369,-0.9236681461334229,0.4987858533859253,0.39591383934020996,-0.9613816142082214,0.6050066947937012,0.5009810924530029,-1.2296826839447021,0.55342698097229,0.4998304843902588,-1.2414162158966064,0.7429972887039185,0.7721044421195984,-0.6022608876228333,0.3664703369140625,0.7069128155708313,-0.6529824733734131,0.8256484866142273,1.279352068901062,-0.5845425724983215,0.10348734259605408,0.955316424369812,-1.1532708406448364,0.8064090609550476,1.5095219612121582,-0.954413115978241,0.13782161474227905,0.5522083044052124,-1.837051272392273,0.819933295249939,1.5997101068496704,-1.0237629413604736,0.1217951774597168,0.3756929636001587,-1.9785093069076538,0.7913694381713867,1.5900663137435913,-1.0661542415618896,0.15443575382232666,0.35280275344848633,-1.9184770584106445,0.7780071496963501,1.5585883855819702,-0.9874132871627808,0.174321711063385,0.41623926162719727,-1.8417083024978638,0.6502959728240967,1.5842747688293457,0.029544105753302574,0.3998892307281494,1.5666418075561523,-0.022021738812327385,0.6388960480690002,2.2068326473236084,0.09225001186132431,0.41004204750061035,2.236055850982666,-0.07638216018676758,0.641291618347168,2.7819278240203857,1.0190114974975586,0.40369391441345215,2.8286755084991455,0.6470468044281006,0.644702672958374,2.8766751289367676,1.1129305362701416,0.39920490980148315,2.91989803314209,0.7096781730651855,0.6089930534362793,3.0032379627227783,0.8003380298614502,0.43727344274520874,3.057529926300049,0.30374035239219666
wave,0.5856878161430359,0.44742536544799805,-1.3852102756500244,0.6003547310829163,0.3756512403488159,-1.3333702087402344,0.61176598072052,0.37550365924835205,-1.332693099975586,0.6227737069129944,0.376467227935791,-1.3323253393173218,0.5603815317153931,0.3773092031478882,-1.3383381366729736,0.5432115197181702,0.37740516662597656,-1.3385412693023682,0.5283275842666626,0.3776005506515503,-1.3380513191223145,0.6357527375221252,0.40924346446990967,-0.9500440359115601,0.5039536356925964,0.3995959758758545,-0.9794148206710815,0.6044509410858154,0.5081816911697388,-1.2362618446350098,0.5560794472694397,0.5053528547286987,-1.2460846900939941,0.7418233156204224,0.7706548571586609,-0.65973299741745,0.38072603940963745,0.7049471139907837,-0.6817259192466736,0.8160088658332825,1.2721507549285889,-0.7979888916015625,0.12686574459075928,0.982806921005249,-1.2049857378005981,0.7687630653381348,1.3576807975769043,-1.2761176824569702,0.13186049461364746,0.529244065284729,-1.8899972438812256,0.7759377956390381,1.4009947776794434,-1.3661969900131226,0.11976879835128784,0.36942780017852783,-2.0368614196777344,0.7484219670295715,1.3819469213485718,-1.3791186809539795,0.1496354043483734,0.3427455425262451,-1.967848777770996,0.7357588410377502,1.371186375617981,-1.3029439449310303,0.16527065634727478,0.40026700496673584,-1.8930881023406982,0.6528608202934265,1.5532548427581787,0.029713507741689682,0.4046792984008789,1.5295579433441162,-0.021398672834038734,0.6299367547035217,2.1967334747314453,0.05209195986390114,0.4098331928253174,2.2069363594055176,-0.1265229433774948,0.6263017654418945,2.7861337661743164,0.8143332600593567,0.39728522300720215,2.7884044647216797,0.5157997608184814,0.6307759284973145,2.8809661865234375,0.8919970989227295,0.3910942077636719,2.8737053871154785,0.5727766156196594,0.5880230665206909,2.9983468055725098,0.5608809590339661,0.42808955907821655,3.010974407196045,0.1803191900253296
wave,0.5747456550598145,0.4420112371444702,-1.4184929132461548,0.5929433107376099,0.3683813810348511,-1.3689898252487183,0.6056191325187683,0.36715495586395264,-1.3683947324752808,0.6176304221153259,0.36715245246887207,-1.3681883811950684,0.548739492893219,0.37341082096099854,-1.3688554763793945,0.5314391851425171,0.3742016553878784,-1.3690117597579956,0.5170079469680786,0.37499725818634033,-1.3684741258621216,0.6343502402305603,0.40022051334381104,-0.986383855342865,0.496406227350235,0.39993321895599365,-0.9940933585166931,0.5981767177581787,0.5011988878250122,-1.2688292264938354,0.5450720191001892,0.5003688335418701,-1.2722102403640747,0.7487781643867493,0.7674925923347473,-0.6699267625808716,0.38176023960113525,0.7142955660820007,-0.669439971446991,0.8401786684989929,1.316534399986267,-0.6681109666824341,0.09389474987983704,1.030470371246338,-1.1432503461837769,0.8185713291168213,1.5631648302078247,-1.0404666662216187,0.14550238847732544,0.5355129241943359,-1.7822092771530151,0.8337079286575317,1.6494441032409668,-1.112944483757019,0.131890207529068,0.3636664152145386,-1.9187421798706055,0.8023593425750732,1.6414145231246948,-1.151755690574646,0.16186010837554932,0.33985185623168945,-1.8490896224975586,0.7866071462631226,1.6134254932403564,-1.0717287063598633,0.18133172392845154,0.40002453327178955,-1.7815203666687012,0.6619443297386169,1.5742136240005493,0.011575626209378242,0.41623997688293457,1.5492045879364014,-0.004092896822839975,0.640333890914917,2.2034549713134766,0.16828100383281708,0.4200412631034851,2.214106321334839,0.11665257811546326,0.6343848705291748,2.7731690406799316,1.1122570037841797,0.4063876271247864,2.780107021331787,0.8850531578063965,0.6393170952796936,2.859840154647827,1.207617998123169,0.40366503596305847,2.863818645477295,0.9532263278961182,0.5896547436714172,2.998713970184326,0.8985644578933716,0.42635250091552734,3.0056803226470947,0.5735265612602234
wave,0.5718643069267273,0.4520493745803833,-1.347746729850769,0.5878595113754272,0.37732601165771484,-1.2998316287994385,0.6006867289543152,0.3757941722869873,-1.299204707145691,0.6125017404556274,0.37519896030426025,-1.2989377975463867,0.5431632399559021,0.3838155269622803,-1.300445318222046,0.5256618857383728,0.38509654998779297,-1.30064058303833,0.5112088918685913,0.3862297534942627,-1.300077199935913,0.6305047273635864,0.40305840969085693,-0.93369060754776,0.4888543486595154,0.4093449115753174,-0.9446566700935364,0.5974781513214111,0.5103167295455933,-1.2054110765457153,0.5479916334152222,0.5095710754394531,-1.2093892097473145,0.7371548414230347,0.7471569776535034,-0.6366393566131592,0.38457274436950684,0.7001702189445496,-0.6376659870147705,0.8220228552818298,1.2432160377502441,-0.6493833661079407,0.12832674384117126,0.9481964707374573,-1.1392030715942383,0.8154226541519165,1.4589449167251587,-1.0113846063613892,0.18513193726539612,0.5103857517242432,-1.7681292295455933,0.8353392481803894,1.532918930053711,-1.0802569389343262,0.1809483766555786,0.32877910137176514,-1.9048912525177002,0.8054577112197876,1.5312174558639526,-1.1159536838531494,0.20889019966125488,0.3177461624145508,-1.8277469873428345,0.7877246737480164,1.5088475942611694,-1.0412641763687134,0.23144617676734924,0.3865572214126587,-1.7658905982971191,0.658088207244873,1.5102589130401611,0.01060518343001604,0.42354291677474976,1.4967784881591797,-0.0032332297414541245,0.6438487768173218,2.1126303672790527,0.08629161864519119,0.43383365869522095,2.145920753479004,0.04263504594564438,0.6502425670623779,2.6773016452789307,0.9142070412635803,0.4281243085861206,2.7026350498199463,0.7298249006271362,0.6566439270973206,2.7648539543151855,0.9979814291000366,0.4263100028038025,2.7847890853881836,0.7899354100227356,0.6103515028953552,2.8914127349853516,0.6890879273414612,0.45142966508865356,2.9196929931640625,0.4191221594810486
wave,0.5718755722045898,0.4285069704055786,-1.3989267349243164,0.5897351503372192,0.362514853477478,-1.342904806137085,0.6031900644302368,0.36206066608428955,-1.342028260231018,0.6153015494346619,0.3637281656265259,-1.341658592224121,0.5455564856529236,0.36295533180236816,-1.3490325212478638,0.5287981033325195,0.3639211654663086,-1.3490402698516846,0.514385461807251,0.36592936515808105,-1.3483318090438843,0.6339571475982666,0.4002265930175781,-0.9619501829147339,0.49079838395118713,0.3947831392288208,-0.998905599117279,0.5959218144416809,0.49037623405456543,-1.2549042701721191,0.5457780957221985,0.4849517345428467,-1.2662696838378906,0.7447739243507385,0.7634543776512146,-0.6607254147529602,0.37895405292510986,0.7049102783203125,-0.712147057056427,0.8376253843307495,1.3113774061203003,-0.6125771999359131,0.10853138566017151,1.0340778827667236,-1.218735933303833,0.818834662437439,1.5564056634902954,-0.8915697932243347,0.23860931396484375,0.5214836001396179,-1.7718620300292969,0.8376072645187378,1.6437758207321167,-0.9449721574783325,0.2455136775970459,0.33802688121795654,-1.9041492938995361,0.8016831874847412,1.6503453254699707,-0.977073073387146,0.2737163007259369,0.32312023639678955,-1.8063985109329224,0.7861493229866028,1.617901086807251,-0.9194676876068115,0.29052218794822693,0.41057777404785156,-1.7612972259521484,0.662153422832489,1.5489543676376343,0.03431199491024017,0.4183800518512726,1.52189302444458,-0.02679446153342724,0.6420255303382874,2.2049179077148438,0.18110740184783936,0.43093061447143555,2.1988525390625,-0.016084762290120125,0.6352654099464417,2.7582013607025146,1.0100843906402588,0.41316473484039307,2.7439303398132324,0.6647312641143799,0.638530433177948,2.853137493133545,1.094403624534607,0.40752148628234863,2.830233573913574,0.7254537343978882,0.5991888046264648,2.9620521068573,0.8018328547477722,0.4468127489089966,2.9544761180877686,0.3592900037765503
wave,0.5757651925086975,0.43450260162353516,-1.2560749053955078,0.5943781137466431,0.37273287773132324,-1.1954805850982666,0.6067215800285339,0.3743945360183716,-1.1943997144699097,0.6178663372993469,0.3768291473388672,-1.1939750909805298,0.5517555475234985,0.3706902265548706,-1.200327754020691,0.5341312289237976,0.3698725700378418,-1.2001632452011108,0.5186343193054199,0.3693971633911133,-1.1993337869644165,0.631747841835022,0.4107245206832886,-0.8274415731430054,0.4927673041820526,0.3927152156829834,-0.8651842474937439,0.5968272089958191,0.4972705841064453,-1.1219017505645752,0.5458237528800964,0.4886666536331177,-1.1330856084823608,0.7435842156410217,0.7755417227745056,-0.5645800232887268,0.3828129768371582,0.7151287198066711,-0.6123956441879272,0.8238327503204346,1.3318482637405396,-0.550327718257904,0.13741081953048706,1.0600429773330688,-1.1220574378967285,0.8212469816207886,1.5707414150238037,-0.8661304712295532,0.26350727677345276,0.5759778618812561,-1.7031210660934448,0.8448656797409058,1.6588505506515503,-0.9213129878044128,0.28476932644844055,0.436012864112854,-1.839249849319458,0.8074179887771606,1.6735249757766724,-0.9574209451675415,0.31569451093673706,0.3993111848831177,-1.7448087930679321,0.79096919298172,1.6344751119613647,-0.8978959918022156,0.31869256496429443,0.4653846025466919,-1.6949272155761719,0.6592570543289185,1.5605237483978271,0.040456343442201614,0.4196535646915436,1.527193307876587,-0.03285331651568413,0.6340083479881287,2.2219855785369873,0.04358384758234024,0.4210602343082428,2.205267906188965,-0.18183517456054688,0.6303762197494507,2.7721450328826904,0.7713671922683716,0.40591225028038025,2.756239414215088,0.38881710171699524,0.6327060461044312,2.8746676445007324,0.8480758666992188,0.39809489250183105,2.850404739379883,0.43852806091308594,0.595356285572052,2.9752211570739746,0.5652095675468445,0.443945050239563,2.9708127975463867,0.07694170624017715
wave,0.5745711922645569,0.4416627883911133,-1.4482086896896362,0.5927829146385193,0.380146861076355,-1.3928433656692505,0.6049294471740723,0.3814164400100708,-1.391972541809082,0.6154622435569763,0.3833526372909546,-1.3915677070617676,0.5509178042411804,0.3773479461669922,-1.3992152214050293,0.5346012711524963,0.37527453899383545,-1.3991882801055908,0.5204914212226868,0.3736623525619507,-1.398418664932251,0.6283385753631592,0.41412651538848877,-1.0132895708084106,0.4961587190628052,0.3945620059967041,-1.056910514831543,0.595267117023468,0.49970972537994385,-1.3058838844299316,0.5448987483978271,0.49239683151245117,-1.3187142610549927,0.7398087382316589,0.7546445727348328,-0.7162947654724121,0.38309815526008606,0.7245645523071289,-0.7718114852905273,0.8402061462402344,1.285118579864502,-0.6522257924079895,0.12997367978096008,1.0334091186523438,-1.2921072244644165,0.8096154928207397,1.5232059955596924,-0.9159563779830933,0.30229660868644714,0.5858513712882996,-1.8491461277008057,0.8241764307022095,1.615393042564392,-0.976010799407959,0.3263285160064697,0.4637056589126587,-1.9855834245681763,0.7844539284706116,1.6200206279754639,-1.0021677017211914,0.352827250957489,0.43352293968200684,-1.8826346397399902,0.7698320746421814,1.5848993062973022,-0.9409313201904297,0.358061820268631,0.47677743434906006,-1.835418939590454,0.6690793037414551,1.5320407152175903,0.029619870707392693,0.4284897446632385,1.5115047693252563,-0.022611107677221298,0.6556514501571655,2.17829966545105,0.11113590747117996,0.4392663240432739,2.203066825866699,-0.037576355040073395,0.6555765271186829,2.70011568069458,0.8947595357894897,0.4290824830532074,2.7205724716186523,0.602850079536438,0.6567308902740479,2.793133497238159,0.9774045944213867,0.42400944232940674,2.8045222759246826,0.6608647108078003,0.62640380859375,2.9076437950134277,0.6958674192428589,0.4640769362449646,2.939973831176758,0.30409055948257446
wave,0.5750847458839417,0.44544708728790283,-1.400759220123291,0.5935617685317993,0.38401997089385986,-1.3450716733932495,0.6061939001083374,0.38511383533477783,-1.344264268875122,0.6172702312469482,0.3868919610977173,-1.3439141511917114,0.551338255405426,0.38231122493743896,-1.3491846323013306,0.5347521901130676,0.38099539279937744,-1.349278450012207,0.520419716835022,0.3803250789642334,-1.3485349416732788,0.6308072805404663,0.41832125186920166,-0.9772146940231323,0.49630600214004517,0.4041048288345337,-1.0097756385803223,0.5970047116279602,0.5032309293746948,-1.2640091180801392,0.5468553900718689,0.4954874515533447,-1.2737243175506592,0.7449224591255188,0.7797889113426208,-0.7027782797813416,0.3924568295478821,0.7357250452041626,-0.7248806357383728,0.8232190608978271,1.3188896179199219,-0.6205205321311951,0.1442568600177765,1.0606255531311035,-1.2202261686325073,0.7719568610191345,1.4625558853149414,-0.8536100387573242,0.31742560863494873,0.5965402722358704,-1.774013876914978,0.7805555462837219,1.5248316526412964,-0.9131084680557251,0.3423095941543579,0.47088146209716797,-1.9100242853164673,0.7433695793151855,1.5255846977233887,-0.9301900863647461,0.36797720193862915,0.45026087760925293,-1.8085945844650269,0.7298132181167603,1.5001033544540405,-0.8736034035682678,0.367168128490448,0.49505484104156494,-1.760981559753418,0.6328898668289185,1.5175784826278687,0.026414180174469948,0.43057525157928467,1.5119075775146484,-0.019352875649929047,0.6488732099533081,2.1666717529296875,0.177769273519516,0.4404618740081787,2.1693131923675537,-0.0094063151627779,0.6406436562538147,2.664118766784668,0.9844580292701721,0.42448973655700684,2.6653029918670654,0.6300479769706726,0.6413614153862,2.750642776489258,1.0701699256896973,0.4216965138912201,2.74715518951416,0.6894164085388184,0.604354202747345,2.8706374168395996,0.8062030076980591,0.44951292872428894,2.8720030784606934,0.3485451638698578
wave,0.567957878112793,0.44415783882141113,-1.3873252868652344,0.5866830945014954,0.38051366806030273,-1.3303213119506836,0.5999549031257629,0.3803306818008423,-1.3295013904571533,0.6118857860565186,0.3809776306152344,-1.329155445098877,0.5420319437980652,0.3800976276397705,-1.3336843252182007,0.5276430249214172,0.37911415100097656,-1.3337821960449219,0.5147503614425659,0.37901079654693604,-1.3330116271972656,0.6242462396621704,0.4109295606613159,-0.9575421810150146,0.4951569139957428,0.404207706451416,-0.9874391555786133,0.5930153131484985,0.5031504034996033,-1.2492008209228516,0.5407029986381531,0.4961698055267334,-1.2581156492233276,0.7449089884757996,0.7663408517837524,-0.6802172064781189,0.3947555124759674,0.7291674017906189,-0.6977864503860474,0.8323328495025635,1.2881888151168823,-0.610493540763855,0.14748930931091309,1.005142331123352,-1.1837605237960815,0.7822917699813843,1.4594247341156006,-0.8404248952865601,0.3073756694793701,0.5771701335906982,-1.693977952003479,0.7915439605712891,1.5269893407821655,-0.8944191336631775,0.33635884523391724,0.447062611579895,-1.82453191280365,0.7548801898956299,1.5354738235473633,-0.9154132008552551,0.36257851123809814,0.43265247344970703,-1.7253729104995728,0.7421752214431763,1.5079931020736694,-0.8622075915336609,0.36510151624679565,0.47608888149261475,-1.6832026243209839,0.6713610887527466,1.522429347038269,0.030732357874512672,0.4320905804634094,1.4967256784439087,-0.023220133036375046,0.6570217609405518,2.1599533557891846,0.11934656649827957,0.44944095611572266,2.154071807861328,-0.11294863373041153,0.657564640045166,2.6770198345184326,0.8699424862861633,0.4399038553237915,2.6714468002319336,0.48251330852508545,0.6609440445899963,2.7680106163024902,0.9480593204498291,0.43811142444610596,2.7559564113616943,0.5362423658370972,0.6199662089347839,2.878283739089966,0.6672160625457764,0.4680568277835846,2.8742990493774414,0.1809314787387848
wave,0.5858376026153564,0.4348841905593872,-1.100389003753662,0.6013200283050537,0.3713279962539673,-1.0309773683547974,0.6127464175224304,0.37224388122558594,-1.0296720266342163,0.6228927969932556,0.3738069534301758,-1.0292836427688599,0.5631707310676575,0.3711587190628052,-1.0387444496154785,0.54746413230896,0.3707456588745117,-1.0384280681610107,0.5311756134033203,0.37069571018218994,-1.037554144859314,0.6319318413734436,0.4069143533706665,-0.6534357666969299,0.5028426647186279,0.393291711807251,-0.7077770829200745,0.6043155193328857,0.49721550941467285,-0.9676533341407776,0.5567378401756287,0.489099383354187,-0.9831475019454956,0.7386177778244019,0.7701894044876099,-0.4250842332839966,0.38774558901786804,0.7182362675666809,-0.4853878915309906,0.8132078051567078,1.2934774160385132,-0.3868860900402069,0.17512282729148865,0.9664756059646606,-1.0412160158157349,0.815805971622467,1.5160561800003052,-0.656175971031189,0.2919909954071045,0.5357469320297241,-1.6338708400726318,0.8392375707626343,1.6022197008132935,-0.7047116160392761,0.315729022026062,0.40691685676574707,-1.7750569581985474,0.8039690852165222,1.6268107891082764,-0.7441226243972778,0.3428487777709961,0.38658952713012695,-1.6845738887786865,0.7900059223175049,1.587120532989502,-0.6896173357963562,0.34464317560195923,0.4393397569656372,-1.6321260929107666,0.6627612113952637,1.5633430480957031,0.05014796182513237,0.4246532917022705,1.533604383468628,-0.04236549884080887,0.6498152613639832,2.214505910873413,-0.016015738248825073,0.4346524178981781,2.190762519836426,-0.3527677357196808,0.6396439671516418,2.7740767002105713,0.6530296206474304,0.41513729095458984,2.791256904602051,0.1372099220752716,0.6438425779342651,2.8755831718444824,0.7199375629425049,0.4116126596927643,2.8978190422058105,0.17644654214382172,0.5990326404571533,2.9567699432373047,0.4492834508419037,0.44282013177871704,2.968339443206787,-0.1901746690273285
wave,0.5825996398925781,0.42805540561676025,-1.3189836740493774,0.5978450775146484,0.36033856868743896,-1.2574666738510132,0.6105499863624573,0.3610866069793701,-1.2564184665679932,0.6222023963928223,0.3622915744781494,-1.2560423612594604,0.5548012852668762,0.36326897144317627,-1.2656629085540771,0.5373696088790894,0.364530086517334,-1.2656135559082031,0.5217940211296082,0.3682607412338257,-1.2648344039916992,0.6370997428894043,0.39932990074157715,-0.8725777864456177,0.49624699354171753,0.3955569267272949,-0.9216633439064026,0.6053574085235596,0.4909876585006714,-1.1771979331970215,0.5553081035614014,0.48662006855010986,-1.1915655136108398,0.7457234263420105,0.7613062858581543,-0.5984399318695068,0.38018733263015747,0.7196720838546753,-0.6488380432128906,0.8391203880310059,1.3107584714889526,-0.5751551389694214,0.1469365358352661,0.9861749410629272,-1.1713640689849854,0.8262315988540649,1.5612592697143555,-0.8808295726776123,0.24287840723991394,0.5092368125915527,-1.7085295915603638,0.8472170829772949,1.6513257026672363,-0.9352619647979736,0.2586619257926941,0.3140850067138672,-1.837437629699707,0.8105548620223999,1.6638208627700806,-0.9654191732406616,0.29291945695877075,0.3114427328109741,-1.743924617767334,0.7953511476516724,1.6295069456100464,-0.9100652933120728,0.2964887022972107,0.393515944480896,-1.7019551992416382,0.6665728092193604,1.5641365051269531,0.03518969565629959,0.42026853561401367,1.5405340194702148,-0.027613433077931404,0.6471351385116577,2.235048770904541,0.1257527470588684,0.4331587553024292,2.2194766998291016,-0.15015095472335815,0.6380337476730347,2.7880771160125732,0.9098051190376282,0.4145953357219696,2.7923355102539062,0.48184895515441895,0.6428868174552917,2.8835806846618652,0.987598717212677,0.4110258221626282,2.8856468200683594,0.5363380312919617,0.5971389412879944,2.983715772628784,0.6958764791488647,0.4434470236301422,2.9914350509643555,0.1653488278388977
wave,0.5836801528930664,0.44696712493896484,-1.2742071151733398,0.5996155142784119,0.3773472309112549,-1.214000940322876,0.612677276134491,0.3785022497177124,-1.212804913520813,0.6246342658996582,0.3801231384277344,-1.2124232053756714,0.5548751950263977,0.3772411346435547,-1.219760537147522,0.5373460054397583,0.3774782419204712,-1.219668984413147,0.5206571817398071,0.37836921215057373,-1.21890127658844,0.6415485739707947,0.412145733833313,-0.8267143368721008,0.4953545331954956,0.4033050537109375,-0.8676857352256775,0.6064860820770264,0.5100952386856079,-1.1304373741149902,0.555303156375885,0.5049582719802856,-1.1426186561584473,0.7423147559165955,0.7651275992393494,-0.5463079810142517,0.3833783268928528,0.7043445110321045,-0.59112548828125,0.8128159046173096,1.2970362901687622,-0.5064643621444702,0.11984395980834961,1.0033586025238037,-1.1323659420013428,0.810493528842926,1.5337886810302734,-0.808578372001648,0.21949142217636108,0.48885178565979004,-1.732955813407898,0.8345478177070618,1.6164720058441162,-0.8657673001289368,0.23243045806884766,0.31325864791870117,-1.8719444274902344,0.8034074306488037,1.6281605958938599,-0.9015030860900879,0.25122490525245667,0.3061649799346924,-1.7820110321044922,0.7851877808570862,1.5973432064056396,-0.840674877166748,0.2696402370929718,0.36830079555511475,-1.7303030490875244,0.6604174971580505,1.561470627784729,0.04488348215818405,0.41413718461990356,1.5347412824630737,-0.0370333231985569,0.6332505941390991,2.210057497024536,0.1311495453119278,0.4184016287326813,2.2015533447265625,-0.12383794039487839,0.6199707388877869,2.795111656188965,0.9215209484100342,0.39554470777511597,2.777054786682129,0.49977293610572815,0.6203879117965698,2.894608497619629,1.0024118423461914,0.38683417439460754,2.8679099082946777,0.5544371008872986,0.5866039991378784,3.0086638927459717,0.7082244753837585,0.43532595038414,2.996366024017334,0.1791321188211441
wave,0.5765941739082336,0.45076799392700195,-1.0841954946517944,0.5951375365257263,0.380509614944458,-1.0256803035736084,0.6081255674362183,0.3805198669433594,-1.024568796157837,0.620497465133667,0.3812042474746704,-1.0241280794143677,0.5503130555152893,0.38232874870300293,-1.025028944015503,0.5332641005516052,0.3826620578765869,-1.0250205993652344,0.5182596445083618,0.3834327459335327,-1.024357795715332,0.6364173889160156,0.4122164249420166,-0.6591377854347229,0.4952046573162079,0.40797150135040283,-0.6679330468177795,0.600199818611145,0.5118632316589355,-0.9503554105758667,0.5480426549911499,0.5073609352111816,-0.9537131786346436,0.7462709546089172,0.7694291472434998,-0.42480137944221497,0.38836538791656494,0.7097300291061401,-0.4061442017555237,0.793879508972168,1.2872763872146606,-0.47959956526756287,0.1460762917995453,0.9389299154281616,-0.9541003108024597,0.7716879844665527,1.4261070489883423,-0.8353757858276367,0.17549148201942444,0.4767102003097534,-1.616357445716858,0.7891656160354614,1.4791924953460693,-0.8944901823997498,0.1728319227695465,0.2969776391983032,-1.7544761896133423,0.7619786858558655,1.4778587818145752,-0.9206079244613647,0.20057779550552368,0.28344154357910156,-1.6746714115142822,0.7460432052612305,1.4603543281555176,-0.8651629090309143,0.21263167262077332,0.34574222564697266,-1.6212012767791748,0.6610572338104248,1.5632647275924683,0.029621008783578873,0.41720521450042725,1.538179636001587,-0.02083181031048298,0.6404833793640137,2.226985216140747,-0.06939644366502762,0.42333900928497314,2.205483913421631,-0.3089922368526459,0.6471580862998962,2.8358025550842285,0.5690253973007202,0.42024099826812744,2.818326950073242,0.18524718284606934,0.6522937417030334,2.936572551727295,0.6349286437034607,0.41319137811660767,2.9144701957702637,0.22735731303691864,0.6137512922286987,3.0446739196777344,0.3191509246826172,0.45386117696762085,3.0334222316741943,-0.1497964859008789
wave,0.5875314474105835,0.44255828857421875,-1.1388871669769287,0.6040502190589905,0.37294459342956543,-1.0764671564102173,0.6162177920341492,0.37378251552581787,-1.07539701461792,0.6276140213012695,0.37525129318237305,-1.0749711990356445,0.5626680850982666,0.37345147132873535,-1.0805565118789673,0.5465180277824402,0.3736156225204468,-1.0804314613342285,0.5302669405937195,0.37396156787872314,-1.0797408819198608,0.6414102911949158,0.407926082611084,-0.680531919002533,0.5060479640960693,0.3970557451248169,-0.7136335968971252,0.6083887219429016,0.5032991170883179,-0.9923826456069946,0.5590890645980835,0.5002061128616333,-1.0026657581329346,0.7450714111328125,0.7708657383918762,-0.39956238865852356,0.3910052478313446,0.6944573521614075,-0.4435805082321167,0.7928441762924194,1.2853730916976929,-0.4039153456687927,0.12700825929641724,0.8996135592460632,-0.9475910067558289,0.7875485420227051,1.488100290298462,-0.7918986678123474,0.14151212573051453,0.46731626987457275,-1.6084320545196533,0.8065698146820068,1.5634089708328247,-0.8586218953132629,0.14119938015937805,0.3028680086135864,-1.7501153945922852,0.7832235097885132,1.558619499206543,-0.9048733711242676,0.1680300235748291,0.2777860164642334,-1.6833255290985107,0.7669053077697754,1.5315394401550293,-0.8305807113647461,0.1770232617855072,0.32985520362854004,-1.6160449981689453,0.6535779237747192,1.5623270273208618,0.04950423911213875,0.4090566337108612,1.5284229516983032,-0.04094630479812622,0.6338421106338501,2.193235397338867,0.006251201964914799,0.4128391742706299,2.1797680854797363,-0.20330873131752014,0.6246840357780457,2.816488027572632,0.7831984758377075,0.397000789642334,2.795121192932129,0.37290239334106445,0.6242457032203674,2.9191341400146484,0.8627313375473022,0.3877795934677124,2.891979217529297,0.4210846722126007,0.5984379649162292,3.034881114959717,0.5602688193321228,0.435787558555603,3.0185835361480713,0.02931082248687744
wave,0.574672281742096,0.4519326686859131,-1.151263952255249,0.5975894927978516,0.3849846124649048,-1.091965913772583,0.6109183430671692,0.38634657859802246,-1.0910035371780396,0.6234294176101685,0.3881840705871582,-1.090638279914856,0.5527405142784119,0.3806663751602173,-1.0895346403121948,0.5362035632133484,0.3783212900161743,-1.0894904136657715,0.5218092203140259,0.37673258781433105,-1.0888665914535522,0.6404468417167664,0.4187769889831543,-0.7096360325813293,0.5018736720085144,0.4000147581100464,-0.7111119031906128,0.5982476472854614,0.5246250629425049,-1.0091803073883057,0.5451204776763916,0.512548565864563,-1.0104951858520508,0.7455796003341675,0.7823759317398071,-0.43484532833099365,0.3956111669540405,0.7106324434280396,-0.4325963854789734,0.8061656951904297,1.3158347606658936,-0.46906960010528564,0.12869742512702942,0.9472038745880127,-0.9473599195480347,0.7928866147994995,1.5051908493041992,-0.8613631129264832,0.1326783001422882,0.4913674592971802,-1.63217294216156,0.8098880052566528,1.5762419700622559,-0.9253954291343689,0.1254810392856598,0.3416324853897095,-1.7713665962219238,0.7867112159729004,1.5723323822021484,-0.9698269367218018,0.14310473203659058,0.2968031167984009,-1.7075833082199097,0.7709100842475891,1.5462414026260376,-0.8981310129165649,0.16239145398139954,0.3631398677825928,-1.6408625841140747,0.657325029373169,1.5901693105697632,0.03265800327062607,0.4101090431213379,1.5556894540786743,-0.023939093574881554,0.6362789869308472,2.230896472930908,-0.07677756249904633,0.4133691191673279,2.1987009048461914,-0.2512238323688507,0.636032223701477,2.865823745727539,0.6515214443206787,0.4088139533996582,2.8265652656555176,0.3084520995616913,0.6401182413101196,2.9688191413879395,0.7244265079498291,0.4030739367008209,2.924182415008545,0.3545636534690857,0.5991297960281372,3.0874476432800293,0.3940393328666687,0.4422566890716553,3.0524730682373047,-0.04417703300714493
wave,0.5752683281898499,0.4413949251174927,-1.1360357999801636,0.5962938070297241,0.37543392181396484,-1.0783665180206299,0.6098266839981079,0.3774639368057251,-1.0771838426589966,0.6226235628128052,0.3799694776535034,-1.0768585205078125,0.5516656637191772,0.3707975149154663,-1.075692057609558,0.5350047945976257,0.3692566156387329,-1.0755542516708374,0.5204374194145203,0.368585467338562,-1.074826955795288,0.639055609703064,0.4098687171936035,-0.7051771879196167,0.4985526204109192,0.39439642429351807,-0.7059166431427002,0.5986570715904236,0.5102237462997437,-0.9975102543830872,0.5439856052398682,0.4979424476623535,-0.9984821677207947,0.7411088943481445,0.7565687298774719,-0.44326820969581604,0.3931353688240051,0.6994739770889282,-0.4339557886123657,0.8154560327529907,1.2818272113800049,-0.44674599170684814,0.13616341352462769,0.9322760701179504,-0.9881816506385803,0.8047373294830322,1.5048422813415527,-0.7745697498321533,0.1726636290550232,0.47460854053497314,-1.6824041604995728,0.8248221278190613,1.583767056465149,-0.831183135509491,0.1481858193874359,0.3001929521560669,-1.8242628574371338,0.7953412532806396,1.5910606384277344,-0.8725164532661438,0.17618981003761292,0.2824544906616211,-1.7549622058868408,0.7787879109382629,1.5613129138946533,-0.8091172575950623,0.20323482155799866,0.3490959405899048,-1.6911430358886719,0.6610483527183533,1.5649868249893188,0.029725149273872375,0.4156422019004822,1.5364251136779785,-0.021177764981985092,0.6390891671180725,2.2141849994659424,-0.039073169231414795,0.41975802183151245,2.1869852542877197,-0.2119935303926468,0.6409990191459656,2.8479247093200684,0.6602338552474976,0.4172825217247009,2.8070454597473145,0.33611515164375305,0.64394211769104,2.9514405727386475,0.7306047081947327,0.4102014899253845,2.905555248260498,0.38155022263526917,0.6067766547203064,3.0708842277526855,0.40417176485061646,0.4545774459838867,3.0298423767089844,-0.00447634793817997
wave,0.572091281414032,0.4420959949493408,-1.4288034439086914,0.5921158194541931,0.36913251876831055,-1.3741246461868286,0.6059896349906921,0.3698931932449341,-1.3729366064071655,0.6182472705841064,0.3711892366409302,-1.3725863695144653,0.5456001162528992,0.3697390556335449,-1.37554931640625,0.5282801985740662,0.36903226375579834,-1.3754435777664185,0.5134731531143188,0.36947405338287354,-1.3745704889297485,0.6367487907409668,0.4052389860153198,-1.0035148859024048,0.49014684557914734,0.39580821990966797,-1.0182392597198486,0.5960310697555542,0.5053400993347168,-1.2885710000991821,0.5429372787475586,0.49697768688201904,-1.2932621240615845,0.7466366291046143,0.7582528591156006,-0.7046536803245544,0.37386780977249146,0.7034438252449036,-0.7233486175537109,0.8263431787490845,1.3117637634277344,-0.6277411580085754,0.10867324471473694,1.0820482969284058,-1.1710149049758911,0.8170214891433716,1.552011489868164,-0.89659184217453,0.19959208369255066,0.5768082737922668,-1.7574074268341064,0.8421223163604736,1.6401269435882568,-0.9464825391769409,0.19943907856941223,0.4037952423095703,-1.8874211311340332,0.8026677370071411,1.651334285736084,-0.9878770709037781,0.22993755340576172,0.3649240732192993,-1.8072987794876099,0.7848336696624756,1.6134943962097168,-0.9275372624397278,0.25025638937950134,0.4434323310852051,-1.7529767751693726,0.6244063377380371,1.5302002429962158,0.022356271743774414,0.41037821769714355,1.514644742012024,-0.014823205769062042,0.628632128238678,2.1974666118621826,0.1084931269288063,0.41357630491256714,2.172968864440918,-0.1260003298521042,0.6192518472671509,2.7266311645507812,0.9054707884788513,0.3969041705131531,2.7133235931396484,0.4939431846141815,0.6208533644676208,2.820664405822754,0.98975670337677,0.3916543424129486,2.804324150085449,0.5496708154678345,0.5784176588058472,2.9425065517425537,0.7000781297683716,0.42880648374557495,2.9350619316101074,0.1824808418750763
wave,0.580328106880188,0.43997371196746826,-1.482574224472046,0.5960797667503357,0.36940741539001465,-1.4244385957717896,0.6096749305725098,0.36902129650115967,-1.4232782125473022,0.621749758720398,0.36900055408477783,-1.4229848384857178,0.552912175655365,0.3705376386642456,-1.4323619604110718,0.5370247960090637,0.36974668502807617,-1.4322556257247925,0.5233907699584961,0.36949241161346436,-1.4314554929733276,0.6366647481918335,0.40216660499572754,-1.0413185358047485,0.4982386529445648,0.3950080871582031,-1.0861425399780273,0.6024776101112366,0.49893486499786377,-1.337220311164856,0.5553441643714905,0.49166178703308105,-1.3504303693771362,0.7462065815925598,0.7579423189163208,-0.7211262583732605,0.3775491714477539,0.7146641612052917,-0.8016166687011719,0.822693943977356,1.3133422136306763,-0.6427831053733826,0.13684916496276855,1.0985236167907715,-1.2311253547668457,0.8209929466247559,1.5728318691253662,-0.9228193163871765,0.25274884700775146,0.6022230386734009,-1.7621736526489258,0.8464775681495667,1.6678645610809326,-0.9744945168495178,0.28089064359664917,0.48158955574035645,-1.892532467842102,0.8073829412460327,1.682266354560852,-1.0202637910842896,0.3035089671611786,0.4321882724761963,-1.8131006956100464,0.7907341718673706,1.6401479244232178,-0.9558248519897461,0.30825167894363403,0.48305535316467285,-1.7549117803573608,0.6224172115325928,1.5269455909729004,0.04241904243826866,0.41532087326049805,1.5025842189788818,-0.035409603267908096,0.6355640888214111,2.1864089965820312,0.1492740958929062,0.4267112612724304,2.18672513961792,-0.11541344970464706,0.6284506320953369,2.7206082344055176,0.9213705658912659,0.4097467064857483,2.7222325801849365,0.4961012601852417,0.6285821199417114,2.8178179264068604,1.001758337020874,0.40268194675445557,2.811595916748047,0.5500077605247498,0.5968158841133118,2.9244470596313477,0.7096078991889954,0.4509176015853882,2.9370174407958984,0.1766386777162552
wave,0.5841916799545288,0.4425092935562134,-1.2150245904922485,0.601460337638855,0.38438570499420166,-1.155352234840393,0.6137113571166992,0.38578104972839355,-1.1546746492385864,0.6247178316116333,0.3878302574157715,-1.154402494430542,0.5615490674972534,0.3818521499633789,-1.1611500978469849,0.5460355877876282,0.38112008571624756,-1.1611707210540771,0.5302122831344604,0.38148200511932373,-1.1605148315429688,0.6389422416687012,0.41992485523223877,-0.7823818325996399,0.5048525333404541,0.40704452991485596,-0.8274675011634827,0.6061607599258423,0.5041322708129883,-1.0787891149520874,0.5574930310249329,0.49725794792175293,-1.091845989227295,0.7488405704498291,0.7651565670967102,-0.523983359336853,0.39523592591285706,0.7383365631103516,-0.570505678653717,0.8375998735427856,1.2846436500549316,-0.5374783873558044,0.1483801007270813,1.0053019523620605,-1.1218571662902832,0.8439245820045471,1.5363028049468994,-0.8528046607971191,0.29176613688468933,0.5736159086227417,-1.6958929300308228,0.8648081421852112,1.6253271102905273,-0.9072999358177185,0.3134024143218994,0.4419827461242676,-1.825560450553894,0.836072564125061,1.633111834526062,-0.9417734146118164,0.3405340313911438,0.4144700765609741,-1.72622811794281,0.8196232318878174,1.601008415222168,-0.8814285397529602,0.346294641494751,0.47701096534729004,-1.6844706535339355,0.6842532157897949,1.5477068424224854,0.032740235328674316,0.4523245692253113,1.53959321975708,-0.02573098987340927,0.6781327128410339,2.182760238647461,-0.029417380690574646,0.47024863958358765,2.1927542686462402,-0.1963147521018982,0.6904822587966919,2.734100818634033,0.7143784165382385,0.47218194603919983,2.7473278045654297,0.39737802743911743,0.6951196193695068,2.8304038047790527,0.7900670766830444,0.468345046043396,2.835824489593506,0.4473317861557007,0.6662123203277588,2.935413360595703,0.49856582283973694,0.5076366066932678,2.9574403762817383,0.0747654065489769
wave,0.5806675553321838,0.43949341773986816,-1.2417432069778442,0.5982587337493896,0.3786015510559082,-1.1874912977218628,0.6106617450714111,0.3774445056915283,-1.186869502067566,0.6213841438293457,0.377352237701416,-1.186655044555664,0.5581543445587158,0.3788563013076782,-1.1906973123550415,0.5429864525794983,0.37758779525756836,-1.1907316446304321,0.5295603275299072,0.37687551975250244,-1.1901538372039795,0.6347928643226624,0.4092456102371216,-0.8255351781845093,0.507888913154602,0.40019989013671875,-0.8568910360336304,0.6035411953926086,0.5028594136238098,-1.107047200202942,0.5563135147094727,0.4950450658798218,-1.1163870096206665,0.7471106648445129,0.7651088833808899,-0.5565640926361084,0.4036295413970947,0.738260805606842,-0.5924237966537476,0.8474981188774109,1.2941256761550903,-0.5642549395561218,0.17080700397491455,0.9674818515777588,-1.1472748517990112,0.835343599319458,1.5041651725769043,-0.8840953707695007,0.30995526909828186,0.5858174562454224,-1.7640635967254639,0.8492485284805298,1.5835331678390503,-0.9464519023895264,0.33425813913345337,0.47252416610717773,-1.8999738693237305,0.8206145167350769,1.5817346572875977,-0.9760083556175232,0.36098283529281616,0.45245039463043213,-1.8040601015090942,0.8068962097167969,1.5531331300735474,-0.9102859497070312,0.36137884855270386,0.4964831471443176,-1.753304362297058,0.6817113757133484,1.5367662906646729,0.022333310917019844,0.4524349868297577,1.52177894115448,-0.015582013875246048,0.6657698750495911,2.1612350940704346,-0.00635947659611702,0.4600619077682495,2.1760058403015137,-0.09247522056102753,0.6697970628738403,2.706364631652832,0.7613943219184875,0.45374277234077454,2.7116737365722656,0.5436998605728149,0.6738612651824951,2.7999000549316406,0.8384146690368652,0.44984444975852966,2.7966880798339844,0.597460925579071,0.6381194591522217,2.9046287536621094,0.5421575307846069,0.4810810685157776,2.9187257289886475,0.2314445823431015
wave,0.5848134756088257,0.432356595993042,-1.3430436849594116,0.6029068231582642,0.37560200691223145,-1.2893342971801758,0.6150230169296265,0.37640297412872314,-1.2886197566986084,0.6262232065200806,0.3782782554626465,-1.2884063720703125,0.5628657341003418,0.3725767135620117,-1.2940912246704102,0.5475970506668091,0.37081432342529297,-1.2941250801086426,0.5322542786598206,0.3700219392776489,-1.2934870719909668,0.6398967504501343,0.41329526901245117,-0.9238590002059937,0.5066293478012085,0.3945736885070801,-0.9614517688751221,0.6063134074211121,0.4996570348739624,-1.2061365842819214,0.5576868653297424,0.48888587951660156,-1.2172555923461914,0.7488129734992981,0.7656769156455994,-0.6510827541351318,0.391936719417572,0.7359654307365417,-0.687797486782074,0.8356534242630005,1.306971549987793,-0.637191891670227,0.14851510524749756,1.0411065816879272,-1.2438726425170898,0.8200513124465942,1.5298742055892944,-0.9297381043434143,0.30733948945999146,0.6018771529197693,-1.831007719039917,0.8353170156478882,1.6142436265945435,-0.9932433366775513,0.33217841386795044,0.473616361618042,-1.9643223285675049,0.803705096244812,1.6155866384506226,-1.0189896821975708,0.3597950041294098,0.45237982273101807,-1.8636215925216675,0.7892785668373108,1.584229826927185,-0.9545651078224182,0.36229950189590454,0.5009338855743408,-1.8175623416900635,0.6734606027603149,1.546585202217102,0.017254551872611046,0.44058549404144287,1.5301445722579956,-0.010786391794681549,0.6536163687705994,2.1612720489501953,0.03207256644964218,0.4442364275455475,2.188466787338257,0.009408652782440186,0.6521650552749634,2.691814661026001,0.823361873626709,0.4317507743835449,2.708784341812134,0.683753490447998,0.6555460691452026,2.783729076385498,0.905183732509613,0.427449107170105,2.7934532165527344,0.743261992931366,0.6147241592407227,2.8987369537353516,0.622875988483429,0.45881763100624084,2.922771453857422,0.3959355354309082
wave,0.583331823348999,0.44119787216186523,-1.3805677890777588,0.599859356880188,0.3747638463973999,-1.325940489768982,0.6121924519538879,0.3743175268173218,-1.3250993490219116,0.6231318116188049,0.3745996952056885,-1.3247451782226562,0.5585958957672119,0.3775370121002197,-1.3306750059127808,0.5418176651000977,0.3777647018432617,-1.3307102918624878,0.5266907215118408,0.3780299425125122,-1.3300371170043945,0.6376656293869019,0.4059852361679077,-0.9548667669296265,0.5000277757644653,0.4009164571762085,-0.9896038770675659,0.6053983569145203,0.4990353584289551,-1.2410731315612793,0.5562363862991333,0.49366116523742676,-1.2513856887817383,0.7483479976654053,0.7634363770484924,-0.6797546744346619,0.390602171421051,0.7148647308349609,-0.7102636694908142,0.8329932689666748,1.3002710342407227,-0.6615182161331177,0.1589624285697937,0.992728054523468,-1.2258670330047607,0.8197802305221558,1.5391513109207153,-0.9592582583427429,0.2708449065685272,0.5695444345474243,-1.7846852540969849,0.8408365845680237,1.623840570449829,-1.0238507986068726,0.30423635244369507,0.4105226993560791,-1.9208018779754639,0.8044442534446716,1.6342658996582031,-1.0537265539169312,0.3322829604148865,0.40407538414001465,-1.8230242729187012,0.787320077419281,1.6021788120269775,-0.987744152545929,0.33946067094802856,0.4537278413772583,-1.7746398448944092,0.666338324546814,1.54082190990448,0.02338053286075592,0.4246751666069031,1.5134077072143555,-0.01615823432803154,0.6408185362815857,2.1853957176208496,0.08860468864440918,0.42866086959838867,2.1795167922973633,-0.08983898162841797,0.6377303600311279,2.722612142562866,0.8581352829933167,0.4163048267364502,2.7065868377685547,0.5534548163414001,0.6405068635940552,2.8159639835357666,0.9380285143852234,0.4109094738960266,2.7904770374298096,0.6112261414527893,0.6008769869804382,2.9301304817199707,0.6421445608139038,0.4468190371990204,2.925436496734619,0.2482328563928604
wave,0.5786706805229187,0.4431377649307251,-1.5366241931915283,0.5966907739639282,0.3770101070404053,-1.4768986701965332,0.6106269359588623,0.3782496452331543,-1.4757521152496338,0.6229187846183777,0.37960100173950195,-1.4754226207733154,0.5526341199874878,0.37512946128845215,-1.4831299781799316,0.5361061692237854,0.37516212463378906,-1.4831103086471558,0.5220596790313721,0.37632155418395996,-1.4823102951049805,0.6412474513053894,0.4111628532409668,-1.084228277206421,0.49845752120018005,0.40638411045074463,-1.1205593347549438,0.6037840843200684,0.5063194036483765,-1.3885209560394287,0.5536319017410278,0.49794065952301025,-1.3994803428649902,0.7491908669471741,0.7705838680267334,-0.7511976361274719,0.3793686628341675,0.7181810736656189,-0.8082106709480286,0.8433529138565063,1.3190754652023315,-0.6448148488998413,0.10883742570877075,1.0911238193511963,-1.219923734664917,0.8316662311553955,1.5286695957183838,-0.8901801109313965,0.2337372899055481,0.5836355686187744,-1.7232658863067627,0.8553701639175415,1.6064033508300781,-0.9312915802001953,0.23837390542030334,0.415118932723999,-1.842635989189148,0.8171232342720032,1.6199012994766235,-0.9737288355827332,0.2799327075481415,0.3984321355819702,-1.7605106830596924,0.7999629974365234,1.5859694480895996,-0.9207100868225098,0.2914157807826996,0.4530700445175171,-1.7150390148162842,0.6280858516693115,1.5437572002410889,0.03523536026477814,0.4165506362915039,1.5064027309417725,-0.027646377682685852,0.6389413475990295,2.2187795639038086,0.11708085238933563,0.42462819814682007,2.188197374343872,-0.17958728969097137,0.6345477104187012,2.7421772480010986,0.8810778856277466,0.4131265878677368,2.7224252223968506,0.4135335683822632,0.6352444887161255,2.8363232612609863,0.9613816142082214,0.4067308306694031,2.8096632957458496,0.4666141867637634,0.599532961845398,2.9482052326202393,0.66231369972229,0.45274817943573,2.9429571628570557,0.08772251754999161
wave,0.5817348957061768,0.4474365711212158,-1.3370368480682373,0.5984010696411133,0.38068532943725586,-1.285071849822998,0.6107897162437439,0.3822976350784302,-1.2841590642929077,0.6222079396247864,0.3836667537689209,-1.283738374710083,0.5575734972953796,0.3786276578903198,-1.287582516670227,0.5406436324119568,0.37816178798675537,-1.2876142263412476,0.5256633162498474,0.37812530994415283,-1.2869365215301514,0.6382452845573425,0.4122251272201538,-0.917777955532074,0.5012587308883667,0.4021141529083252,-0.9374129772186279,0.602400004863739,0.506391167640686,-1.1969670057296753,0.5552642941474915,0.501901388168335,-1.2035809755325317,0.7422528266906738,0.7588709592819214,-0.6194978356361389,0.3851581811904907,0.6948592066764832,-0.6567807197570801,0.8077438473701477,1.2838754653930664,-0.644650936126709,0.13378196954727173,0.9681882858276367,-1.1718250513076782,0.7918180227279663,1.510882019996643,-1.0257437229156494,0.18990546464920044,0.5528183579444885,-1.8351447582244873,0.8124567270278931,1.5938526391983032,-1.0910321474075317,0.19791743159294128,0.3449152708053589,-1.9777380228042603,0.7782922387123108,1.5991135835647583,-1.127690315246582,0.22405755519866943,0.33522355556488037,-1.896889090538025,0.7616694569587708,1.5669910907745361,-1.0583350658416748,0.24666514992713928,0.419209361076355,-1.832509994506836,0.6474837064743042,1.5259495973587036,0.03493667021393776,0.403751015663147,1.487475872039795,-0.026717031374573708,0.6111420392990112,2.159945011138916,0.02389027178287506,0.3960610032081604,2.1381654739379883,-0.1381821632385254,0.5985708236694336,2.7240264415740967,0.7732101082801819,0.37246209383010864,2.69160532951355,0.488016277551651,0.6011518239974976,2.822277545928955,0.8498013615608215,0.3638879358768463,2.7801523208618164,0.542572557926178,0.5564234852790833,2.9304845333099365,0.5373928546905518,0.4056146442890167,2.909883499145508,0.16809897124767303
wave,0.576411247253418,0.4505727291107178,-1.0877907276153564,0.5976187586784363,0.3813685178756714,-1.0259108543395996,0.611426591873169,0.38183343410491943,-1.0248537063598633,0.6242393851280212,0.3827509880065918,-1.0243366956710815,0.5524142384529114,0.3800462484359741,-1.0263913869857788,0.5356386303901672,0.37885725498199463,-1.0263928174972534,0.5209316611289978,0.37832868099212646,-1.0257346630096436,0.6431450247764587,0.4146541357040405,-0.6542274951934814,0.498384952545166,0.40392911434173584,-0.6666671633720398,0.5998134016990662,0.5147476196289062,-0.9528232216835022,0.5474664568901062,0.5093591213226318,-0.9575717449188232,0.744638979434967,0.7781113386154175,-0.4228265881538391,0.3884173631668091,0.6997668743133545,-0.41697463393211365,0.8011073470115662,1.2900102138519287,-0.5193881988525391,0.14814680814743042,0.9400541186332703,-0.9374662041664124,0.7583807706832886,1.3718500137329102,-0.9182659387588501,0.16233357787132263,0.5223085880279541,-1.6024385690689087,0.7687621116638184,1.4120100736618042,-0.9826088547706604,0.1503181755542755,0.35613059997558594,-1.7427619695663452,0.7426025867462158,1.4052014350891113,-1.004274845123291,0.18241295218467712,0.3347529172897339,-1.6671172380447388,0.7300796508789062,1.3909834623336792,-0.948020339012146,0.20351669192314148,0.3984566926956177,-1.6079752445220947,0.6495155096054077,1.5793277025222778,0.040275689214468,0.40154436230659485,1.5378170013427734,-0.031063895672559738,0.6187114715576172,2.2361416816711426,-0.12431623041629791,0.3984779715538025,2.1945629119873047,-0.379963755607605,0.611910343170166,2.836327075958252,0.5076981782913208,0.3837664723396301,2.8098111152648926,0.08435560762882233,0.6164649724960327,2.9387269020080566,0.5744668245315552,0.37608620524406433,2.9087531566619873,0.12407317012548447,0.5708910226821899,3.0454585552215576,0.2616347372531891,0.4143649935722351,3.026157855987549,-0.26069164276123047
wave,0.5773308873176575,0.4525461196899414,-1.2261898517608643,0.5980422496795654,0.38289976119995117,-1.169661283493042,0.6116501092910767,0.3832707405090332,-1.168615698814392,0.6245388984680176,0.3842235803604126,-1.1681796312332153,0.5533567070960999,0.38043856620788574,-1.1685618162155151,0.5371466875076294,0.37839293479919434,-1.1685435771942139,0.5228971838951111,0.3769981861114502,-1.167838454246521,0.6423654556274414,0.41413414478302,-0.7933802008628845,0.5016875863075256,0.398934006690979,-0.7983694672584534,0.600699245929718,0.5166541337966919,-1.0852314233779907,0.5478184223175049,0.506971001625061,-1.0877094268798828,0.7479106187820435,0.7746091485023499,-0.5290833115577698,0.3872699737548828,0.7040480971336365,-0.5216805934906006,0.7903024554252625,1.3064978122711182,-0.5704571008682251,0.12135428190231323,0.9770601391792297,-1.0410048961639404,0.7501552104949951,1.449924111366272,-0.9441204071044922,0.1304543912410736,0.5299335718154907,-1.7300392389297485,0.7621238827705383,1.509751558303833,-1.0142502784729004,0.12402728199958801,0.3672088384628296,-1.8759136199951172,0.7342672348022461,1.5053123235702515,-1.045868992805481,0.1568620800971985,0.33914732933044434,-1.8074203729629517,0.7213175892829895,1.4820243120193481,-0.9765468835830688,0.1664268970489502,0.3967313766479492,-1.7373660802841187,0.6536762118339539,1.5844520330429077,0.03504900261759758,0.40537965297698975,1.548725962638855,-0.02640705369412899,0.6247599124908447,2.2391300201416016,-0.03484191745519638,0.4046630859375,2.2285983562469482,-0.21864716708660126,0.6152297258377075,2.8532323837280273,0.6636223793029785,0.3857863247394562,2.8334898948669434,0.32519638538360596,0.6188832521438599,2.957862377166748,0.7363824844360352,0.3776039481163025,2.930669069290161,0.3725433945655823,0.5750060081481934,3.0726304054260254,0.41848278045654297,0.4188377261161804,3.0563807487487793,-0.01173593569546938
wave,0.5921239852905273,0.4489586353302002,-1.244255781173706,0.6095911860466003,0.3810464143753052,-1.1837105751037598,0.6217726469039917,0.38315391540527344,-1.1827309131622314,0.6331253051757812,0.3858901262283325,-1.1822961568832397,0.567186176776886,0.3782402276992798,-1.1869959831237793,0.5484643578529358,0.37779057025909424,-1.1869460344314575,0.5330763459205627,0.37733519077301025,-1.1862504482269287,0.6449611783027649,0.42004573345184326,-0.789894163608551,0.5068072080612183,0.40195584297180176,-0.8175620436668396,0.6122996211051941,0.511324405670166,-1.0967446565628052,0.5607413053512573,0.5061246156692505,-1.1055753231048584,0.7440911531448364,0.782613217830658,-0.5092536807060242,0.3840319514274597,0.7161456942558289,-0.5353929400444031,0.8105204105377197,1.2778136730194092,-0.5397411584854126,0.1094752848148346,0.9843104481697083,-1.0430735349655151,0.7935428619384766,1.4682658910751343,-0.9557417631149292,0.1341802477836609,0.5375891923904419,-1.7540143728256226,0.8106069564819336,1.5433025360107422,-1.0315096378326416,0.1341169774532318,0.3914167881011963,-1.9049460887908936,0.7824249863624573,1.5401562452316284,-1.0712878704071045,0.15453293919563293,0.35124385356903076,-1.8405474424362183,0.7667766809463501,1.5142182111740112,-0.9917691349983215,0.17022016644477844,0.4041246175765991,-1.7615087032318115,0.6546139717102051,1.5813333988189697,0.03632102534174919,0.40336883068084717,1.5539239645004272,-0.027891838923096657,0.6338571310043335,2.2191004753112793,0.0350063294172287,0.408650279045105,2.2168774604797363,-0.17379230260849,0.6311964392662048,2.819985866546631,0.8488200306892395,0.3993549644947052,2.8105628490448,0.4635459780693054,0.6340678334236145,2.920976400375366,0.9315668940544128,0.39309072494506836,2.9024240970611572,0.5180118680000305,0.597841739654541,3.0390548706054688,0.6091532111167908,0.4359557628631592,3.0383615493774414,0.11563188582658768
wave,0.5948113203048706,0.4418550729751587,-1.193038821220398,0.6107155680656433,0.37159812450408936,-1.1301605701446533,0.6230024695396423,0.37298858165740967,-1.1291694641113281,0.6345888376235962,0.3753349781036377,-1.1286895275115967,0.5690434575080872,0.37110185623168945,-1.1335512399673462,0.55184006690979,0.3712378740310669,-1.1334508657455444,0.5346802473068237,0.3718165159225464,-1.1327357292175293,0.6467647552490234,0.4094604253768921,-0.7366840243339539,0.5098370909690857,0.39429235458374023,-0.7674642205238342,0.6156007647514343,0.5037218332290649,-1.048065423965454,0.5630045533180237,0.5008244514465332,-1.0578069686889648,0.7496287226676941,0.791673481464386,-0.45567870140075684,0.38462117314338684,0.7065263986587524,-0.495332270860672,0.8105891942977905,1.3393499851226807,-0.5145283937454224,0.10610151290893555,0.9582610130310059,-1.0114614963531494,0.8019231557846069,1.5803412199020386,-0.9798333644866943,0.13585242629051208,0.5508624315261841,-1.7334455251693726,0.8220293521881104,1.6701022386550903,-1.0545501708984375,0.13477668166160583,0.39788782596588135,-1.8853156566619873,0.7926909923553467,1.6667754650115967,-1.1011298894882202,0.16580569744110107,0.36091065406799316,-1.813052773475647,0.7759056091308594,1.632939100265503,-1.019539475440979,0.1741551160812378,0.42425525188446045,-1.7374982833862305,0.653580904006958,1.5990065336227417,0.04089661315083504,0.40187564492225647,1.5603011846542358,-0.03229527547955513,0.6257032155990601,2.2535252571105957,-0.060041915625333786,0.39803940057754517,2.221083641052246,-0.254562646150589,0.6179698705673218,2.866373062133789,0.7205319404602051,0.38510793447494507,2.8353519439697266,0.35379382967948914,0.620927631855011,2.971057415008545,0.7997828722000122,0.379486083984375,2.93461012840271,0.40418002009391785,0.57976233959198,3.0850000381469727,0.47945061326026917,0.4153609871864319,3.061581611633301,0.0022539731580764055
nodd,0.5633770823478699,0.427692174911499,-1.2128251791000366,0.5786486268043518,0.36084604263305664,-1.1461700201034546,0.5908612608909607,0.35994458198547363,-1.1457266807556152,0.6021562814712524,0.3600517511367798,-1.1451303958892822,0.5354658365249634,0.370206356048584,-1.155316710472107,0.5190795660018921,0.37386035919189453,-1.1551748514175415,0.505585789680481,0.3771336078643799,-1.1549201011657715,0.6170153617858887,0.39228129386901855,-0.7532102465629578,0.48826783895492554,0.40939271450042725,-0.8073785901069641,0.5894864201545715,0.48372113704681396,-1.0664520263671875,0.5383642911911011,0.4920417070388794,-1.0824642181396484,0.7483837604522705,0.7811254858970642,-0.5177801847457886,0.37540698051452637,0.7248997688293457,-0.595418393611908,0.8111026287078857,1.2367534637451172,-0.6027150750160217,0.22133612632751465,1.1719002723693848,-0.9212100505828857,0.8278346061706543,1.542574167251587,-1.0665923357009888,0.21015805006027222,1.3922860622406006,-1.609418511390686,0.8523255586624146,1.667952537536621,-1.1628831624984741,0.18177518248558044,1.4826056957244873,-1.7639812231063843,0.8214566111564636,1.6762559413909912,-1.2398204803466797,0.22293555736541748,1.4717293977737427,-1.8005211353302002,0.8079906702041626,1.6221561431884766,-1.1197526454925537,0.24053215980529785,1.4456678628921509,-1.6527291536331177,0.6722112894058228,1.5693800449371338,0.06621351838111877,0.42720675468444824,1.5574530363082886,-0.058018848299980164,0.6542697548866272,2.232618808746338,-0.09184380620718002,0.4235210716724396,2.156008720397949,-0.5330695509910583,0.6454383134841919,2.7659928798675537,0.63963383436203,0.4221040904521942,2.755836009979248,-0.09259995073080063,0.6464252471923828,2.8684589862823486,0.7143921256065369,0.4166610538959503,2.8588614463806152,-0.057810571044683456,0.6161060333251953,2.941765546798706,0.4066932797431946,0.46064817905426025,2.9488608837127686,-0.47399044036865234
nodd,0.5652322173118591,0.42557692527770996,-1.2256137132644653,0.5795496702194214,0.35618817806243896,-1.1590741872787476,0.5910835862159729,0.3546358346939087,-1.1586730480194092,0.6016973257064819,0.35457098484039307,-1.1581350564956665,0.5364016890525818,0.3667856454849243,-1.1690806150436401,0.5197793245315552,0.3712881803512573,-1.168906569480896,0.5061744451522827,0.3755505084991455,-1.1686400175094604,0.6154907941818237,0.38682472705841064,-0.7556887865066528,0.48882222175598145,0.4080010652542114,-0.8128839731216431,0.5906665325164795,0.4818192720413208,-1.074136734008789,0.5393671989440918,0.4918102025985718,-1.091432809829712,0.745635986328125,0.7786903977394104,-0.4899561405181885,0.37684792280197144,0.7222288846969604,-0.5922258496284485,0.8140255212783813,1.213653802871704,-0.5378543138504028,0.23699191212654114,1.1815787553787231,-0.8817223310470581,0.8328930735588074,1.5159478187561035,-1.0094047784805298,0.2501906752586365,1.3835914134979248,-1.5453420877456665,0.8563930988311768,1.6415421962738037,-1.1074565649032593,0.23119735717773438,1.4695539474487305,-1.6988598108291626,0.8253185749053955,1.6473522186279297,-1.1883368492126465,0.2696684002876282,1.451537013053894,-1.7362555265426636,0.8123140335083008,1.5932821035385132,-1.0638059377670288,0.28354570269584656,1.4258785247802734,-1.5869368314743042,0.6701078414916992,1.5634260177612305,0.06907365471124649,0.42679363489151,1.556418538093567,-0.06125269830226898,0.6646003127098083,2.2106876373291016,-0.05972685664892197,0.4339848756790161,2.1981656551361084,-0.39180466532707214,0.6583241820335388,2.755199909210205,0.6585593819618225,0.43068748712539673,2.788317918777466,0.06161299720406532,0.6564610004425049,2.8599929809570312,0.7304499745368958,0.4244026243686676,2.8882834911346436,0.09590259939432144,0.6384010314941406,2.930882453918457,0.4230404496192932,0.47381100058555603,2.987107038497925,-0.31526777148246765
nodd,0.5675007700920105,0.42362093925476074,-1.2054407596588135,0.5808032155036926,0.3552001714706421,-1.1366835832595825,0.592064380645752,0.35345447063446045,-1.136292815208435,0.6021539568901062,0.352864146232605,-1.135848879814148,0.538253903388977,0.36619293689727783,-1.1480112075805664,0.5214295387268066,0.37131667137145996,-1.147904396057129,0.5075141191482544,0.37690436840057373,-1.1476107835769653,0.6146486401557922,0.38460612297058105,-0.7248549461364746,0.48984235525131226,0.41018640995025635,-0.7885434031486511,0.5925143957138062,0.4796741008758545,-1.0506350994110107,0.541822612285614,0.49198877811431885,-1.0698264837265015,0.7474402189254761,0.7779639363288879,-0.45262521505355835,0.38637277483940125,0.7294318079948425,-0.5717472434043884,0.8152241110801697,1.2127938270568848,-0.5036499500274658,0.25978466868400574,1.1959642171859741,-0.8987509608268738,0.8246163725852966,1.514332890510559,-1.0044389963150024,0.30409112572669983,1.3324458599090576,-1.5944029092788696,0.8448716402053833,1.64085853099823,-1.1094589233398438,0.295433908700943,1.4007103443145752,-1.7610856294631958,0.812828540802002,1.6438603401184082,-1.1881011724472046,0.33363473415374756,1.3771086931228638,-1.7857389450073242,0.8010751605033875,1.5906821489334106,-1.0580605268478394,0.34448981285095215,1.3580764532089233,-1.6314154863357544,0.6834738254547119,1.5661187171936035,0.07062043994665146,0.44256025552749634,1.5667712688446045,-0.06274574249982834,0.6861903667449951,2.2153050899505615,-0.019691621884703636,0.45853403210639954,2.193147659301758,-0.39025312662124634,0.6914823651313782,2.764644145965576,0.7321715354919434,0.46869149804115295,2.7751102447509766,0.1262042075395584,0.6911288499832153,2.8685426712036133,0.8056821823120117,0.46397438645362854,2.871171474456787,0.16547442972660065,0.6746329665184021,2.9417338371276855,0.4867476522922516,0.5147851705551147,2.9747865200042725,-0.25247615575790405
nodd,0.5650075674057007,0.43341827392578125,-1.1032414436340332,0.5799904465675354,0.3654123544692993,-1.0427556037902832,0.5923514366149902,0.36341261863708496,-1.0421881675720215,0.6035919785499573,0.3627793788909912,-1.0416206121444702,0.5359728336334229,0.3747704029083252,-1.050105094909668,0.5192937850952148,0.37814486026763916,-1.0498781204223633,0.5054953098297119,0.38195860385894775,-1.0496338605880737,0.6184265613555908,0.390150785446167,-0.6800144910812378,0.487738698720932,0.41119909286499023,-0.7208772897720337,0.5912206172943115,0.48694562911987305,-0.9674253463745117,0.5403714179992676,0.49637436866760254,-0.9797496795654297,0.7446255087852478,0.7713794112205505,-0.45557114481925964,0.3837292194366455,0.7187450528144836,-0.5339666604995728,0.8053722977638245,1.2087942361831665,-0.5023404955863953,0.25871220231056213,1.1765027046203613,-0.7883463501930237,0.8164467811584473,1.5234507322311401,-0.9402328729629517,0.2729712724685669,1.4230270385742188,-1.4050641059875488,0.8391660451889038,1.647955298423767,-1.038884162902832,0.2524693012237549,1.5213139057159424,-1.5539829730987549,0.8072271943092346,1.6580426692962646,-1.1160799264907837,0.29292282462120056,1.508417010307312,-1.5899755954742432,0.7947859764099121,1.6034232378005981,-0.9938352704048157,0.3072112202644348,1.4772807359695435,-1.4467304944992065,0.6697518229484558,1.5476717948913574,0.0552346408367157,0.4351571500301361,1.535493016242981,-0.047740161418914795,0.6585953235626221,2.193018913269043,-0.030671874061226845,0.43801820278167725,2.1571638584136963,-0.24198997020721436,0.649482250213623,2.719923973083496,0.689406156539917,0.4356784224510193,2.7262115478515625,0.21705377101898193,0.648571252822876,2.8176774978637695,0.7629518508911133,0.4306185245513916,2.82613468170166,0.2536243498325348,0.6237587928771973,2.901583671569824,0.4797642230987549,0.4719568192958832,2.9175286293029785,-0.10890404134988785
nodd,0.5620692372322083,0.42892730236053467,-1.0909690856933594,0.5772566199302673,0.3601377010345459,-1.0281569957733154,0.5902644991874695,0.35900306701660156,-1.0277462005615234,0.6019723415374756,0.35908567905426025,-1.0271580219268799,0.5325927138328552,0.36812329292297363,-1.0368317365646362,0.5155816674232483,0.371920108795166,-1.0366333723068237,0.5017966032028198,0.37608277797698975,-1.0363928079605103,0.6187739372253418,0.3888925313949585,-0.6618375778198242,0.483704149723053,0.40668511390686035,-0.708585262298584,0.5879949331283569,0.4854377508163452,-0.9542701244354248,0.5369529724121094,0.49301838874816895,-0.9681559205055237,0.7424106001853943,0.7693915963172913,-0.44036543369293213,0.384581059217453,0.7132689952850342,-0.533943235874176,0.8129181265830994,1.1946371793746948,-0.5009104609489441,0.25793904066085815,1.1580071449279785,-0.8148038387298584,0.8347375988960266,1.530060887336731,-0.9530842900276184,0.24907401204109192,1.4037208557128906,-1.444783329963684,0.8596587181091309,1.6640092134475708,-1.0489099025726318,0.22338294982910156,1.5030245780944824,-1.5922743082046509,0.8265655040740967,1.6753700971603394,-1.1324950456619263,0.26205018162727356,1.4929918050765991,-1.6345058679580688,0.8141457438468933,1.6165742874145508,-1.0088729858398438,0.27748826146125793,1.4608937501907349,-1.4880911111831665,0.6695326566696167,1.5437284708023071,0.05968154966831207,0.43853941559791565,1.5308775901794434,-0.052242375910282135,0.6579196453094482,2.1853866577148438,-0.1366443783044815,0.43651461601257324,2.147495746612549,-0.32398179173469543,0.6473804116249084,2.709662914276123,0.5033977627754211,0.43390870094299316,2.7199673652648926,0.07267896085977554,0.6479907631874084,2.808656692504883,0.5688709020614624,0.42924296855926514,2.8214755058288574,0.10304880142211914,0.6181035041809082,2.882887363433838,0.2803075909614563,0.469818115234375,2.9043619632720947,-0.26242926716804504
nodd,0.5528311133384705,0.4298269748687744,-1.1685670614242554,0.5707375407218933,0.3612760305404663,-1.111808180809021,0.5845717191696167,0.35935473442077637,-1.111459493637085,0.5968055725097656,0.35851895809173584,-1.1109538078308105,0.5234917402267456,0.3708916902542114,-1.1150339841842651,0.5077400803565979,0.37479257583618164,-1.1149909496307373,0.4956910014152527,0.37925004959106445,-1.1148558855056763,0.61711585521698,0.38619744777679443,-0.7426890730857849,0.48130348324775696,0.41316187381744385,-0.764007568359375,0.5838109254837036,0.4856199026107788,-1.0275137424468994,0.5293487906455994,0.49430739879608154,-1.034377932548523,0.7509852647781372,0.7690926194190979,-0.5139232277870178,0.3928559124469757,0.725949764251709,-0.5412293672561646,0.8178602457046509,1.2164385318756104,-0.5464468002319336,0.2240944504737854,1.0058834552764893,-0.794853687286377,0.8291484117507935,1.546591877937317,-0.9477171897888184,0.1541597545146942,1.3524445295333862,-1.4168779850006104,0.8518450856208801,1.6753543615341187,-1.0418634414672852,0.11422160267829895,1.4408721923828125,-1.5606334209442139,0.8208276629447937,1.6791157722473145,-1.1299524307250977,0.1502893567085266,1.4408246278762817,-1.6146304607391357,0.8087005615234375,1.6274220943450928,-1.004621148109436,0.1712769865989685,1.4152418375015259,-1.4676368236541748,0.6803808212280273,1.5638986825942993,0.043495338410139084,0.4415806829929352,1.5614224672317505,-0.03514295071363449,0.6717950701713562,2.2185792922973633,-0.06388922780752182,0.4440481960773468,2.2079715728759766,-0.2290908545255661,0.6735853552818298,2.7884459495544434,0.5683333277702332,0.4478529095649719,2.791147232055664,0.22348837554454803,0.6765938401222229,2.891366481781006,0.6318012475967407,0.44367289543151855,2.8885509967803955,0.2592361867427826,0.6416044235229492,2.9614810943603516,0.3172371983528137,0.4792700409889221,2.9771203994750977,-0.11713029444217682
nodd,0.5617936253547668,0.41386878490448,-1.1191853284835815,0.5771757960319519,0.34939849376678467,-1.0535871982574463,0.5897750854492188,0.34820353984832764,-1.0530779361724854,0.6014097332954407,0.34841156005859375,-1.0524733066558838,0.5344425439834595,0.35733067989349365,-1.060761570930481,0.5177347660064697,0.36148643493652344,-1.0605247020721436,0.5039064884185791,0.3657839298248291,-1.0602729320526123,0.6178920865058899,0.3817570209503174,-0.6752901673316956,0.4873102903366089,0.39901888370513916,-0.7163406610488892,0.5880407691001892,0.47109973430633545,-0.9789806604385376,0.5368543267250061,0.4787626266479492,-0.9912768006324768,0.748918890953064,0.7677444219589233,-0.4483758807182312,0.38885343074798584,0.7190573215484619,-0.5298258662223816,0.8093138933181763,1.2267993688583374,-0.5226241946220398,0.2539580464363098,1.1785500049591064,-0.809384822845459,0.8279459476470947,1.5567644834518433,-0.9981359243392944,0.255312442779541,1.4410452842712402,-1.468913197517395,0.853405237197876,1.689208984375,-1.0999146699905396,0.22992783784866333,1.5447288751602173,-1.6235909461975098,0.8203814625740051,1.6992850303649902,-1.1822748184204102,0.2725326120853424,1.5372778177261353,-1.6659884452819824,0.8075323104858398,1.6410433053970337,-1.0545316934585571,0.28813493251800537,1.5038548707962036,-1.5143927335739136,0.6762126684188843,1.5601505041122437,0.06103312969207764,0.43649181723594666,1.547585129737854,-0.052931997925043106,0.6644378304481506,2.2245335578918457,-0.09282255917787552,0.4394587278366089,2.1570186614990234,-0.4219474792480469,0.6620291471481323,2.7669317722320557,0.6098180413246155,0.44388365745544434,2.751227617263794,0.013104061596095562,0.6632623076438904,2.8703927993774414,0.6809779405593872,0.43898430466651917,2.8564414978027344,0.0467744804918766,0.6344914436340332,2.94179630279541,0.3784639239311218,0.48365533351898193,2.9388647079467773,-0.3453132212162018
nodd,0.5618287920951843,0.4162048101425171,-1.002632737159729,0.5758241415023804,0.3444404602050781,-0.9367119073867798,0.5877352356910706,0.3413015604019165,-0.9359049797058105,0.5988858342170715,0.3392447233200073,-0.9352586269378662,0.5334582328796387,0.3586231470108032,-0.9410099387168884,0.517535388469696,0.3641120195388794,-0.9406133890151978,0.5038824677467346,0.3696126937866211,-0.940341591835022,0.6141118407249451,0.3703014850616455,-0.5684491991996765,0.4873560070991516,0.40415072441101074,-0.591044008731842,0.5899446606636047,0.46864771842956543,-0.866307258605957,0.5391784310340881,0.48326408863067627,-0.8733091950416565,0.7464598417282104,0.7656975984573364,-0.3699471652507782,0.39620667695999146,0.7347431182861328,-0.4155748188495636,0.8021665215492249,1.2088794708251953,-0.42990779876708984,0.2850259244441986,1.1966705322265625,-0.7127408981323242,0.8141874074935913,1.5449572801589966,-0.8735188245773315,0.28179362416267395,1.4199187755584717,-1.3933879137039185,0.839146614074707,1.6797857284545898,-0.974042534828186,0.2514491379261017,1.511453628540039,-1.5536644458770752,0.8065473437309265,1.6969164609909058,-1.0595675706863403,0.2917492985725403,1.5026013851165771,-1.5916686058044434,0.7944939136505127,1.6356511116027832,-0.9322916269302368,0.3099265396595001,1.472080111503601,-1.4407403469085693,0.685444712638855,1.571606993675232,0.041664090007543564,0.44409388303756714,1.5640958547592163,-0.033384062349796295,0.6742125749588013,2.2278223037719727,-0.132938951253891,0.4475526809692383,2.1776559352874756,-0.26726824045181274,0.6756828427314758,2.8022522926330566,0.518438458442688,0.4559236764907837,2.7699179649353027,0.14695796370506287,0.6785575151443481,2.9078218936920166,0.5857551693916321,0.45178908109664917,2.8754420280456543,0.1792563945055008,0.6411746144294739,2.9787955284118652,0.2815938889980316,0.49658945202827454,2.952911138534546,-0.1822446584701538
nodd,0.5691830515861511,0.3962458372116089,-0.9972643256187439,0.5808998346328735,0.33273839950561523,-0.9324366450309753,0.5916526317596436,0.3319195508956909,-0.9314500093460083,0.6020551919937134,0.3319929838180542,-0.9306759238243103,0.542567789554596,0.3424638509750366,-0.942447304725647,0.527408242225647,0.3478579521179199,-0.9420886635780334,0.5118786096572876,0.35370421409606934,-0.9416966438293457,0.6132676005363464,0.36801230907440186,-0.5727515816688538,0.49326443672180176,0.3891170024871826,-0.619613528251648,0.5934724807739258,0.45256733894348145,-0.8647369742393494,0.54383385181427,0.4650397300720215,-0.8787029981613159,0.743013858795166,0.7622186541557312,-0.37404221296310425,0.3910393714904785,0.7179518342018127,-0.46095791459083557,0.8148796558380127,1.1861402988433838,-0.4001087546348572,0.2411264181137085,1.0169315338134766,-0.6896736025810242,0.8390750288963318,1.5414482355117798,-0.8005412220954895,0.22817939519882202,1.3946503400802612,-1.2245367765426636,0.8716627955436707,1.6764992475509644,-0.8907801508903503,0.1870374083518982,1.4940274953842163,-1.3581910133361816,0.8337162733078003,1.7039686441421509,-0.9745039343833923,0.23276400566101074,1.5061628818511963,-1.4073288440704346,0.8198977112770081,1.6421549320220947,-0.8596115112304688,0.2532300353050232,1.4719669818878174,-1.2737082242965698,0.6775919795036316,1.5700030326843262,0.06009756401181221,0.4384651780128479,1.559560775756836,-0.051372796297073364,0.6716585755348206,2.2476701736450195,-0.14524535834789276,0.44356948137283325,2.211158514022827,-0.20208728313446045,0.6733858585357666,2.8514623641967773,0.43076276779174805,0.44784408807754517,2.823850154876709,0.183461531996727,0.6784979104995728,2.966165065765381,0.49214816093444824,0.4431670904159546,2.940324306488037,0.2143734097480774,0.6360432505607605,3.032930374145508,0.19383400678634644,0.4901542067527771,3.0029377937316895,-0.12741592526435852
nodd,0.569627046585083,0.37346911430358887,-0.9855524897575378,0.58144611120224,0.31875288486480713,-0.9212111830711365,0.5923967957496643,0.31973469257354736,-0.9201934933662415,0.6028597950935364,0.3209569454193115,-0.9193622469902039,0.5422813296318054,0.324013352394104,-0.9323858618736267,0.5266403555870056,0.3291175365447998,-0.9320230484008789,0.5106472373008728,0.33521807193756104,-0.9316120743751526,0.6151608824729919,0.362473726272583,-0.5712487697601318,0.4900495409965515,0.3788454532623291,-0.6239926218986511,0.59416264295578,0.4393153190612793,-0.8575916290283203,0.5423133969306946,0.4470142126083374,-0.873237133026123,0.7407513856887817,0.7628214359283447,-0.38017159700393677,0.3849574327468872,0.7077965140342712,-0.48107218742370605,0.8100201487541199,1.1925431489944458,-0.3948933184146881,0.2444467544555664,1.015383005142212,-0.6775530576705933,0.8327527046203613,1.5473902225494385,-0.7722312808036804,0.23234891891479492,1.4268897771835327,-1.1442490816116333,0.8662247657775879,1.681577205657959,-0.8606164455413818,0.19259560108184814,1.5358167886734009,-1.2691144943237305,0.8249490857124329,1.711129903793335,-0.9385334253311157,0.24281495809555054,1.552871584892273,-1.319531798362732,0.8109162449836731,1.648922085762024,-0.8290311694145203,0.26213449239730835,1.5140641927719116,-1.1923820972442627,0.6679720878601074,1.5658966302871704,0.06847526133060455,0.43064457178115845,1.5517765283584595,-0.059951018542051315,0.6605387330055237,2.2524771690368652,-0.09832927584648132,0.4342597723007202,2.221208095550537,-0.18443037569522858,0.6627864837646484,2.847266674041748,0.43410593271255493,0.4362105131149292,2.825453758239746,0.1764943152666092,0.6682578921318054,2.965012311935425,0.49141642451286316,0.4303246736526489,2.9428279399871826,0.20593369007110596,0.6258087158203125,3.025146961212158,0.20516590774059296,0.48189884424209595,3.0053677558898926,-0.12159361690282822
nodd,0.5672470927238464,0.3617597818374634,-0.904455840587616,0.5805976390838623,0.3118096590042114,-0.8387722373008728,0.5915979146957397,0.31383562088012695,-0.8378801941871643,0.6021440029144287,0.315853476524353,-0.8370767831802368,0.5405861735343933,0.31405043601989746,-0.8504307866096497,0.5252819657325745,0.3186529874801636,-0.8500998020172119,0.5098317861557007,0.32486069202423096,-0.8498656153678894,0.615915834903717,0.3577061891555786,-0.49138927459716797,0.4915240705013275,0.3678551912307739,-0.5434178113937378,0.5914243459701538,0.42920756340026855,-0.777546763420105,0.5408153533935547,0.4349015951156616,-0.7930117845535278,0.736213743686676,0.7471809387207031,-0.31276991963386536,0.39040616154670715,0.706618070602417,-0.40849584341049194,0.8104921579360962,1.1526615619659424,-0.3495662212371826,0.25871196389198303,0.9744198322296143,-0.675265371799469,0.8259892463684082,1.5067059993743896,-0.7505654692649841,0.234950989484787,1.3642245531082153,-1.2358934879302979,0.8535169363021851,1.6440627574920654,-0.837213933467865,0.19707602262496948,1.4655601978302002,-1.3741155862808228,0.816395103931427,1.670271873474121,-0.9166344404220581,0.23994871973991394,1.4701755046844482,-1.4130582809448242,0.8042613863945007,1.6090755462646484,-0.8073669075965881,0.25943100452423096,1.4363889694213867,-1.2814260721206665,0.6694044470787048,1.5449283123016357,0.05957561358809471,0.43611472845077515,1.5324856042861938,-0.05131281167268753,0.6570595502853394,2.220860481262207,-0.10388028621673584,0.4340972602367401,2.19392991065979,-0.13693755865097046,0.6481057405471802,2.808063507080078,0.4927733242511749,0.42698633670806885,2.8019371032714844,0.2181737720966339,0.6502717137336731,2.9159493446350098,0.5566191673278809,0.4203839898109436,2.913384437561035,0.24693280458450317,0.6130557656288147,2.9810314178466797,0.27475911378860474,0.4654726982116699,2.9770641326904297,-0.07897897064685822
nodd,0.5678430795669556,0.37479448318481445,-0.9952579736709595,0.5810262560844421,0.316575288772583,-0.9265335202217102,0.5926242470741272,0.316241979598999,-0.925447940826416,0.6034345030784607,0.31667661666870117,-0.9247037172317505,0.5402329564094543,0.32496941089630127,-0.9422417283058167,0.5248880386352539,0.3305668830871582,-0.9418715238571167,0.5094435811042786,0.33754467964172363,-0.9414529204368591,0.6176593899726868,0.35729169845581055,-0.5583359003067017,0.49042439460754395,0.380792498588562,-0.6271767616271973,0.5933711528778076,0.4408233165740967,-0.8592153191566467,0.5415359735488892,0.45169079303741455,-0.8792135715484619,0.7427744269371033,0.7631966471672058,-0.34494727849960327,0.38903743028640747,0.7170955538749695,-0.48814448714256287,0.8220452070236206,1.1765072345733643,-0.35219070315361023,0.2567357122898102,1.1390068531036377,-0.6796539425849915,0.8341822028160095,1.5401378870010376,-0.7552960515022278,0.21864718198776245,1.4298300743103027,-1.1534497737884521,0.8647972345352173,1.6787127256393433,-0.8449577689170837,0.17148306965827942,1.5344055891036987,-1.2821102142333984,0.8220863938331604,1.7096506357192993,-0.9287423491477966,0.22095152735710144,1.5553395748138428,-1.3414732217788696,0.8099936246871948,1.6461994647979736,-0.8143345713615417,0.242986798286438,1.5186662673950195,-1.2050217390060425,0.6722825765609741,1.5680004358291626,0.07758132368326187,0.4354979395866394,1.554923415184021,-0.06909463554620743,0.6506326198577881,2.253262996673584,-0.06118970364332199,0.4260329604148865,2.201587200164795,-0.26125192642211914,0.6375775337219238,2.84190034866333,0.5595468878746033,0.4134088456630707,2.8307955265045166,0.11514244228601456,0.6393452882766724,2.954714298248291,0.6253608465194702,0.40256309509277344,2.949979782104492,0.14530763030052185,0.6041719317436218,3.0195865631103516,0.338739275932312,0.4649566411972046,3.0118346214294434,-0.20346365869045258
nodd,0.5739800333976746,0.36316967010498047,-0.9588969349861145,0.5843260288238525,0.3105200529098511,-0.8992393016815186,0.5952247381210327,0.31121230125427246,-0.8983578085899353,0.6056278347969055,0.312044620513916,-0.8975956439971924,0.5455115437507629,0.3166621923446655,-0.9153046607971191,0.5298691391944885,0.32205092906951904,-0.9150843620300293,0.5135625004768372,0.3289608955383301,-0.9147111177444458,0.6170656681060791,0.35377490520477295,-0.5653033256530762,0.49158602952957153,0.37163591384887695,-0.6360921859741211,0.5980346202850342,0.4283655881881714,-0.8348085284233093,0.548274040222168,0.4371342658996582,-0.8557911515235901,0.7334504723548889,0.7429317235946655,-0.37764498591423035,0.38800567388534546,0.691681444644928,-0.5100969672203064,0.8042032718658447,1.1722118854522705,-0.4133061170578003,0.2362481653690338,0.9835155606269836,-0.6546612977981567,0.8121262192726135,1.5295723676681519,-0.7909942269325256,0.17576152086257935,1.3791046142578125,-1.0120192766189575,0.8425240516662598,1.662165880203247,-0.8774394989013672,0.12128517031669617,1.4823299646377563,-1.118584156036377,0.7988691926002502,1.688828468322754,-0.9471297264099121,0.16816091537475586,1.5148169994354248,-1.1832809448242188,0.7860708236694336,1.6299521923065186,-0.844868540763855,0.1924968957901001,1.479371428489685,-1.0639487504959106,0.6536442637443542,1.5436034202575684,0.07478419691324234,0.4261639416217804,1.528030276298523,-0.06623005867004395,0.6416095495223999,2.2480053901672363,-0.044853270053863525,0.4259049892425537,2.209033250808716,-0.17919710278511047,0.6417401432991028,2.834909200668335,0.44987285137176514,0.42073822021484375,2.8102893829345703,0.1832435429096222,0.6472716927528381,2.946929931640625,0.5032557845115662,0.4105067849159241,2.9221034049987793,0.21447065472602844,0.6092064380645752,3.007327079772949,0.21954981982707977,0.47063273191452026,2.9871273040771484,-0.09963670372962952
nodd,0.567077100276947,0.3756856918334961,-0.9841030836105347,0.5801963210105896,0.31932616233825684,-0.9166275858879089,0.5922256708145142,0.3197760581970215,-0.9156717658042908,0.6032663583755493,0.3205273151397705,-0.9148057103157043,0.5383586287498474,0.32728111743927,-0.9317854046821594,0.5224437117576599,0.33353734016418457,-0.9315189123153687,0.5071727633476257,0.340457558631897,-0.9311769008636475,0.6193481683731079,0.3596985340118408,-0.5552279949188232,0.4900539517402649,0.38612985610961914,-0.6222342252731323,0.5935070514678955,0.44004642963409424,-0.8521315455436707,0.5418482422828674,0.4511653184890747,-0.8718733191490173,0.7422002553939819,0.7578974366188049,-0.3499976694583893,0.3928106129169464,0.7152595520019531,-0.48709309101104736,0.8187298774719238,1.1695812940597534,-0.3526303768157959,0.23382410407066345,1.0129261016845703,-0.7139295935630798,0.8252859115600586,1.5336424112319946,-0.745085597038269,0.21523305773735046,1.3974063396453857,-1.2357165813446045,0.8531026840209961,1.6723577976226807,-0.8322734236717224,0.17351600527763367,1.5035899877548218,-1.3714685440063477,0.8112476468086243,1.6981241703033447,-0.9152268171310425,0.22326818108558655,1.5163639783859253,-1.416924238204956,0.7995247840881348,1.6365292072296143,-0.8034012913703918,0.24300888180732727,1.4795576333999634,-1.2828338146209717,0.6731892228126526,1.5615805387496948,0.07723109424114227,0.43649643659591675,1.5494810342788696,-0.06875347346067429,0.6604353785514832,2.2408249378204346,-0.07837549597024918,0.43401917815208435,2.214803695678711,-0.14922834932804108,0.6487095952033997,2.8240818977355957,0.5267449617385864,0.42249518632888794,2.8171916007995605,0.22611820697784424,0.6509077548980713,2.9362759590148926,0.5912983417510986,0.41379642486572266,2.9310736656188965,0.2563226819038391,0.6160399913787842,2.9995479583740234,0.31247150897979736,0.46860355138778687,2.994536876678467,-0.07542237639427185
nodd,0.5699173808097839,0.3998081684112549,-1.0524197816848755,0.5822508931159973,0.3359445333480835,-0.9917526245117188,0.5935564637184143,0.33538615703582764,-0.9910276532173157,0.6039241552352905,0.3352569341659546,-0.9902942180633545,0.5414724946022034,0.3435019254684448,-1.0033369064331055,0.5252363085746765,0.34862077236175537,-1.0030626058578491,0.5096655488014221,0.35471975803375244,-1.0027581453323364,0.6190314888954163,0.3698716163635254,-0.6453201174736023,0.49120694398880005,0.39066290855407715,-0.7027151584625244,0.5945073366165161,0.4569430351257324,-0.9242134690284729,0.5440225005149841,0.46747636795043945,-0.9410421848297119,0.7372284531593323,0.7566102743148804,-0.44073790311813354,0.38405680656433105,0.7042288780212402,-0.5497992038726807,0.7857222557067871,1.217299461364746,-0.5001744031906128,0.23774468898773193,1.0325368642807007,-0.8115357160568237,0.7999035716056824,1.5304908752441406,-0.9268635511398315,0.22843879461288452,1.37361478805542,-1.3718653917312622,0.8258262872695923,1.6559556722640991,-1.019525170326233,0.1973133087158203,1.46461021900177,-1.509265661239624,0.7915957570075989,1.6706595420837402,-1.0921052694320679,0.2400130033493042,1.4583741426467896,-1.5452468395233154,0.7787216901779175,1.6126841306686401,-0.9804924130439758,0.2572844624519348,1.4286291599273682,-1.4135832786560059,0.6546438932418823,1.5454323291778564,0.06770694255828857,0.42315903306007385,1.5276333093643188,-0.0599992461502552,0.6358893513679504,2.2185726165771484,-0.10537229478359222,0.4185985326766968,2.183420419692993,-0.2277085930109024,0.6208038330078125,2.780585765838623,0.470424622297287,0.40532153844833374,2.7628989219665527,0.14829620718955994,0.6206115484237671,2.8893089294433594,0.5318881273269653,0.39628297090530396,2.869878053665161,0.17922335863113403,0.5920138955116272,2.955883502960205,0.2519308924674988,0.4502474367618561,2.946632146835327,-0.1550748199224472
nodd,0.5668827295303345,0.4226795434951782,-1.0817539691925049,0.5815504789352417,0.3554961681365967,-1.0178128480911255,0.5939478278160095,0.35369813442230225,-1.0171397924423218,0.6049686670303345,0.35282421112060547,-1.0167052745819092,0.5383200645446777,0.36511898040771484,-1.028912901878357,0.5219778418540955,0.36904215812683105,-1.0286461114883423,0.5071571469306946,0.373380184173584,-1.0283819437026978,0.620606005191803,0.3831501007080078,-0.6483035087585449,0.48872479796409607,0.4068787097930908,-0.7045778632164001,0.5930807590484619,0.4768890142440796,-0.943576991558075,0.541591465473175,0.487604022026062,-0.9600644707679749,0.7462545037269592,0.7668290734291077,-0.4190064072608948,0.3877764344215393,0.7230468392372131,-0.5326352715492249,0.8115379810333252,1.2043473720550537,-0.44464951753616333,0.2651958465576172,1.1874868869781494,-0.7442651987075806,0.8310011625289917,1.5423834323883057,-0.8776835799217224,0.2682194113731384,1.4766497611999512,-1.303336262702942,0.8578150868415833,1.6717889308929443,-0.9758825898170471,0.24229183793067932,1.586635947227478,-1.4460523128509521,0.8239656686782837,1.685403823852539,-1.0606064796447754,0.2864322066307068,1.5837740898132324,-1.4955867528915405,0.8104336857795715,1.62912917137146,-0.9343296885490417,0.30182671546936035,1.546600103378296,-1.3488200902938843,0.6753610372543335,1.5539891719818115,0.06087170168757439,0.443838894367218,1.54945707321167,-0.05364976450800896,0.6634905934333801,2.2151777744293213,-0.004876249004155397,0.4446258544921875,2.1834158897399902,-0.24538719654083252,0.6571950912475586,2.734865188598633,0.7074471116065979,0.4446907639503479,2.7473642826080322,0.2257409542798996,0.6552411317825317,2.832531690597534,0.7796124815940857,0.43824878334999084,2.8480844497680664,0.2624947726726532,0.6365436315536499,2.9122390747070312,0.5021742582321167,0.4876475930213928,2.935018539428711,-0.09543373435735703
nodd,0.5820196866989136,0.4323841333389282,-1.328211784362793,0.5919798612594604,0.3629024028778076,-1.2607171535491943,0.6016918420791626,0.3605210781097412,-1.2604228258132935,0.6111571788787842,0.35947537422180176,-1.2600737810134888,0.5534470081329346,0.3733696937561035,-1.2803288698196411,0.537020742893219,0.3773508071899414,-1.2803155183792114,0.5208532810211182,0.38188183307647705,-1.2801579236984253,0.6187012195587158,0.38878679275512695,-0.8329437971115112,0.4983823895454407,0.4105299711227417,-0.9329351782798767,0.6024560928344727,0.4871559143066406,-1.163497805595398,0.5544342994689941,0.4989354610443115,-1.1931875944137573,0.7439525127410889,0.7726916670799255,-0.5384140610694885,0.3767606019973755,0.7244278788566589,-0.6857390999794006,0.8167994022369385,1.2013428211212158,-0.5331099629402161,0.1794148087501526,1.0070937871932983,-0.9625966548919678,0.8287309408187866,1.506653904914856,-0.9168938994407654,0.14802980422973633,1.3329839706420898,-1.568588376045227,0.847554087638855,1.6271624565124512,-1.0013298988342285,0.11110392212867737,1.4081553220748901,-1.7100896835327148,0.8250504732131958,1.6250758171081543,-1.0878496170043945,0.14395570755004883,1.3984434604644775,-1.7572613954544067,0.8135951161384583,1.5764553546905518,-0.9709981083869934,0.1643080711364746,1.3789604902267456,-1.611933708190918,0.6690852642059326,1.5434541702270508,0.07585883140563965,0.43409597873687744,1.5445367097854614,-0.06846999377012253,0.6683662533760071,2.1749162673950195,0.035621754825115204,0.4476909339427948,2.1692419052124023,-0.3597058951854706,0.6622300148010254,2.723010301589966,0.8363508582115173,0.4471805691719055,2.759751796722412,0.16708289086818695,0.6594659686088562,2.8214969635009766,0.9151408076286316,0.4416569769382477,2.853501319885254,0.20773102343082428,0.6486074328422546,2.9021759033203125,0.6007533073425293,0.48766952753067017,2.9563772678375244,-0.22299817204475403
nodd,0.571241021156311,0.4562903642654419,-1.4765541553497314,0.5850141644477844,0.3814204931259155,-1.4218974113464355,0.5966079831123352,0.37714529037475586,-1.4220502376556396,0.607248842716217,0.37406134605407715,-1.4219261407852173,0.5415975451469421,0.3911268711090088,-1.4335284233093262,0.5252385139465332,0.39278292655944824,-1.433793067932129,0.5120352506637573,0.39462709426879883,-1.4338865280151367,0.6201587319374084,0.3962160348892212,-1.0121761560440063,0.4941399097442627,0.4155843257904053,-1.0718789100646973,0.5961270928382874,0.50767982006073,-1.3122718334197998,0.5460313558578491,0.5151140689849854,-1.3307467699050903,0.7386156916618347,0.7483270764350891,-0.7050837874412537,0.38250666856765747,0.7048436403274536,-0.7772008180618286,0.813654899597168,1.2137670516967773,-0.772930383682251,0.23544594645500183,1.0087947845458984,-1.0899600982666016,0.831071674823761,1.4760267734527588,-1.192492961883545,0.16897082328796387,1.259770393371582,-1.7142314910888672,0.8489702939987183,1.5762954950332642,-1.287334680557251,0.12949281930923462,1.3098496198654175,-1.8553247451782227,0.8335634469985962,1.562867522239685,-1.367592692375183,0.15047582983970642,1.2998275756835938,-1.9054375886917114,0.8203635215759277,1.5258747339248657,-1.2435426712036133,0.17350497841835022,1.2887951135635376,-1.7583037614822388,0.6640238761901855,1.4952293634414673,0.04088157042860985,0.44001975655555725,1.4959145784378052,-0.034209996461868286,0.6644077301025391,2.078895330429077,0.013115272857248783,0.4493914842605591,2.085282325744629,-0.277313232421875,0.6609737873077393,2.6035423278808594,0.8574592471122742,0.45285576581954956,2.6590981483459473,0.30630001425743103,0.6638404130935669,2.686061382293701,0.9386284947395325,0.45174285769462585,2.74068021774292,0.3530709445476532,0.6310162544250488,2.7857232093811035,0.6156967282295227,0.47414305806159973,2.8549070358276367,-0.06795939058065414
nodd,0.5778142213821411,0.4490947723388672,-1.322791576385498,0.5906765460968018,0.37649965286254883,-1.2591183185577393,0.6019236445426941,0.3735007047653198,-1.258867621421814,0.6120821237564087,0.3718264102935791,-1.2584565877914429,0.5477474927902222,0.3869950771331787,-1.2726311683654785,0.5309706926345825,0.389481782913208,-1.2725334167480469,0.5154929757118225,0.39211440086364746,-1.272347331047058,0.6237067580223083,0.398939847946167,-0.8393875956535339,0.49489283561706543,0.4148813486099243,-0.913914680480957,0.6008451581001282,0.5011900663375854,-1.1607753038406372,0.5510106682777405,0.5099092721939087,-1.1832941770553589,0.7430732846260071,0.7657238245010376,-0.5413368940353394,0.37572166323661804,0.7146103382110596,-0.6591874957084656,0.8109642267227173,1.2105278968811035,-0.5600026845932007,0.22183021903038025,1.1384061574935913,-0.9209614396095276,0.8260698318481445,1.5114187002182007,-0.9887816309928894,0.2106904685497284,1.3463990688323975,-1.548088550567627,0.8444570302963257,1.6348237991333008,-1.0826371908187866,0.18639516830444336,1.4278887510299683,-1.694002389907837,0.8209820985794067,1.6297410726547241,-1.1666573286056519,0.21887889504432678,1.4079010486602783,-1.7381027936935425,0.8092986345291138,1.5786203145980835,-1.042637825012207,0.23457032442092896,1.385328769683838,-1.5900713205337524,0.6659301519393921,1.5500038862228394,0.07149782031774521,0.42723387479782104,1.5427166223526,-0.06405771523714066,0.6637165546417236,2.1748647689819336,0.013428667560219765,0.4380262494087219,2.1591622829437256,-0.35567328333854675,0.6542647480964661,2.714852809906006,0.8165100812911987,0.4356101155281067,2.7489285469055176,0.1561124622821808,0.6510529518127441,2.8138532638549805,0.8958097100257874,0.43001848459243774,2.8447823524475098,0.19526059925556183,0.6389403939247131,2.8946781158447266,0.591546356678009,0.475192666053772,2.9483189582824707,-0.22665363550186157
nodd,0.5687980055809021,0.45442068576812744,-1.5304666757583618,0.5842740535736084,0.3807792663574219,-1.473153829574585,0.5963232517242432,0.37727510929107666,-1.4732789993286133,0.6079119443893433,0.374936580657959,-1.4730015993118286,0.5394997596740723,0.3907175064086914,-1.482134461402893,0.5220622420310974,0.39363718032836914,-1.4823659658432007,0.5080286860466003,0.39705753326416016,-1.4824429750442505,0.625175952911377,0.3980618715286255,-1.049683690071106,0.49089759588241577,0.42211806774139404,-1.0984668731689453,0.5952188968658447,0.5076326131820679,-1.3623006343841553,0.5419193506240845,0.516321063041687,-1.3778263330459595,0.7468248009681702,0.7665697932243347,-0.7385125756263733,0.37787461280822754,0.7199700474739075,-0.7866687178611755,0.8102409839630127,1.2326788902282715,-0.7865743041038513,0.21527200937271118,1.1367065906524658,-1.0959808826446533,0.803993284702301,1.5162291526794434,-1.182521104812622,0.1793633997440338,1.3426753282546997,-1.7346214056015015,0.8161709308624268,1.628100037574768,-1.2795161008834839,0.1494736671447754,1.4168941974639893,-1.88069748878479,0.7959778904914856,1.615248441696167,-1.3570966720581055,0.17870774865150452,1.4049580097198486,-1.922223687171936,0.7848601341247559,1.5730364322662354,-1.2311025857925415,0.19774842262268066,1.383044719696045,-1.7751884460449219,0.6736996173858643,1.51668381690979,0.03759117051959038,0.4388768672943115,1.5184553861618042,-0.030557218939065933,0.6714808344841003,2.118601083755493,-0.08371226489543915,0.4496201276779175,2.1145272254943848,-0.2951837182044983,0.6686087846755981,2.6743295192718506,0.714266300201416,0.45588505268096924,2.6864724159240723,0.2991110384464264,0.6706465482711792,2.7655029296875,0.7898169159889221,0.4568997323513031,2.7684214115142822,0.3454974889755249,0.6378360986709595,2.8614113330841064,0.43878525495529175,0.47481632232666016,2.8902323246002197,-0.08645134419202805
nodd,0.5878215432167053,0.4553711414337158,-1.4372771978378296,0.598167896270752,0.37730300426483154,-1.3782308101654053,0.6081300377845764,0.3728039264678955,-1.3784373998641968,0.6174764633178711,0.3698155879974365,-1.3783625364303589,0.5584776997566223,0.39195239543914795,-1.397706389427185,0.5409557819366455,0.39521753787994385,-1.3980488777160645,0.5236070156097412,0.39811086654663086,-1.398162841796875,0.6252683997154236,0.39196252822875977,-0.9505550861358643,0.49877214431762695,0.4172079563140869,-1.0452793836593628,0.6091269850730896,0.5066090822219849,-1.2663675546646118,0.5606160163879395,0.5154925584793091,-1.2951000928878784,0.7377068400382996,0.7486879229545593,-0.6293020248413086,0.376534104347229,0.7142455577850342,-0.7673835158348083,0.7987293601036072,1.1838430166244507,-0.620899498462677,0.20132935047149658,1.0113847255706787,-1.0236327648162842,0.8086071610450745,1.4944241046905518,-0.9810133576393127,0.13897404074668884,1.3326297998428345,-1.6045342683792114,0.8250095248222351,1.6061841249465942,-1.0682743787765503,0.098356693983078,1.411361813545227,-1.742161750793457,0.8104132413864136,1.5934035778045654,-1.1616648435592651,0.1229061484336853,1.4046928882598877,-1.8065974712371826,0.7968605756759644,1.5562920570373535,-1.0351494550704956,0.14522317051887512,1.385061264038086,-1.6526098251342773,0.6634505391120911,1.5015158653259277,0.06103551387786865,0.44067680835723877,1.5053179264068604,-0.05431332811713219,0.6698271036148071,2.086610794067383,-0.030617928132414818,0.45591193437576294,2.0824015140533447,-0.3788301944732666,0.6626831293106079,2.6249051094055176,0.8028911352157593,0.46000996232032776,2.677091360092163,0.18180423974990845,0.6617224216461182,2.7057604789733887,0.8824484348297119,0.45661306381225586,2.759528160095215,0.22530348598957062,0.6482322216033936,2.8138883113861084,0.5599479079246521,0.4876413941383362,2.875354528427124,-0.21195146441459656
nodd,0.5814740061759949,0.45828890800476074,-1.3104114532470703,0.5925914645195007,0.3821141719818115,-1.2516100406646729,0.6034342646598816,0.3776724338531494,-1.2512309551239014,0.6136881709098816,0.37488603591918945,-1.2509125471115112,0.5519748330116272,0.3953479528427124,-1.2655999660491943,0.5354443788528442,0.39783990383148193,-1.2655878067016602,0.5195831060409546,0.40009641647338867,-1.2653064727783203,0.6249490976333618,0.40001344680786133,-0.8508979678153992,0.4966011941432953,0.42056000232696533,-0.9247971177101135,0.603432834148407,0.5105514526367188,-1.1544557809829712,0.5568006038665771,0.5173138976097107,-1.1767503023147583,0.741464376449585,0.7605744004249573,-0.5526416897773743,0.38344430923461914,0.7080527544021606,-0.679668664932251,0.81039959192276,1.212059497833252,-0.5781357288360596,0.23644089698791504,1.0328483581542969,-1.0031650066375732,0.8196082711219788,1.5087335109710693,-1.010457158088684,0.24861681461334229,1.2019157409667969,-1.639748215675354,0.8383711576461792,1.6280725002288818,-1.0995502471923828,0.22778013348579407,1.2357782125473022,-1.7881234884262085,0.8122566938400269,1.6246250867843628,-1.1757198572158813,0.2620092034339905,1.2138687372207642,-1.8074835538864136,0.8008624911308289,1.5759562253952026,-1.0607167482376099,0.27791687846183777,1.2093240022659302,-1.6720445156097412,0.669989824295044,1.532100796699524,0.06459677964448929,0.4378194808959961,1.5268771648406982,-0.057290852069854736,0.6675028204917908,2.1606712341308594,0.02187897451221943,0.4492937922477722,2.154893159866333,-0.24950656294822693,0.6632575988769531,2.6903581619262695,0.7661634683609009,0.4485231339931488,2.7157700061798096,0.27725711464881897,0.662846565246582,2.786792755126953,0.8405829668045044,0.44276025891304016,2.8077919483184814,0.3192559480667114,0.6419119834899902,2.867617607116699,0.5414058566093445,0.4894619882106781,2.909285068511963,-0.07448593527078629
nodd,0.5716111660003662,0.44180119037628174,-1.3185694217681885,0.5874796509742737,0.36828744411468506,-1.2554380893707275,0.5998328924179077,0.3653066158294678,-1.2554614543914795,0.6109325885772705,0.36376237869262695,-1.255182147026062,0.5416523218154907,0.38010871410369873,-1.2664189338684082,0.5244506001472473,0.38354694843292236,-1.2666096687316895,0.5104265809059143,0.38695037364959717,-1.2665305137634277,0.6256751418113708,0.39048194885253906,-0.8348525166511536,0.49228331446647644,0.41392195224761963,-0.8966962695121765,0.5978363752365112,0.49495935440063477,-1.156430959701538,0.5471135973930359,0.5051473379135132,-1.175473928451538,0.743908703327179,0.7611255049705505,-0.5396654605865479,0.38793912529945374,0.7256962060928345,-0.633786678314209,0.8017258644104004,1.192772626876831,-0.5592677593231201,0.2235237956047058,1.0443416833877563,-0.9134977459907532,0.8012180924415588,1.4570915699005127,-0.9776861667633057,0.25632140040397644,1.315280556678772,-1.553162932395935,0.8152955770492554,1.563958764076233,-1.0679519176483154,0.24507412314414978,1.3887611627578735,-1.7039852142333984,0.7940977811813354,1.5532028675079346,-1.149417519569397,0.2774755656719208,1.361427903175354,-1.734837293624878,0.7816945910453796,1.5149726867675781,-1.0276738405227661,0.2891436517238617,1.3424508571624756,-1.589464783668518,0.6756339073181152,1.5502763986587524,0.06252597272396088,0.4364834725856781,1.5511338710784912,-0.05514020100235939,0.6743638515472412,2.1635422706604004,-0.03431427478790283,0.45025235414505005,2.1483917236328125,-0.4592795968055725,0.6679624915122986,2.7072157859802246,0.753276526927948,0.4545024633407593,2.744276523590088,0.04434683173894882,0.6666476726531982,2.7998650074005127,0.8301723003387451,0.45369890332221985,2.8322958946228027,0.08263352513313293,0.6503613591194153,2.897386312484741,0.5138723254203796,0.48135945200920105,2.955178737640381,-0.35592466592788696
nodd,0.566885232925415,0.4314417839050293,-1.3167638778686523,0.584948718547821,0.3602794408798218,-1.254699945449829,0.5972415208816528,0.3576740026473999,-1.254831314086914,0.6086680889129639,0.3563542366027832,-1.2547539472579956,0.5397249460220337,0.3691462278366089,-1.264428734779358,0.5227833986282349,0.3710768222808838,-1.2647085189819336,0.5088685750961304,0.37323880195617676,-1.2646925449371338,0.6240650415420532,0.3848656415939331,-0.8241873383522034,0.49123281240463257,0.3991127014160156,-0.8807247877120972,0.5928401947021484,0.4859752655029297,-1.1482146978378296,0.5416824221611023,0.49319887161254883,-1.1657121181488037,0.7471932172775269,0.7734626531600952,-0.5244704484939575,0.3830541968345642,0.7165229916572571,-0.5973742008209229,0.79557204246521,1.2146077156066895,-0.48703187704086304,0.20757150650024414,1.0059516429901123,-0.8372999429702759,0.8073374629020691,1.5159605741500854,-0.8411409854888916,0.12462729215621948,1.3335362672805786,-1.472050428390503,0.8243764638900757,1.6298645734786987,-0.921870768070221,0.08408686518669128,1.4193862676620483,-1.6113532781600952,0.8082367181777954,1.614886999130249,-1.0239806175231934,0.11220067739486694,1.4160116910934448,-1.6831483840942383,0.7948971390724182,1.5769633054733276,-0.8965586423873901,0.13472992181777954,1.395025610923767,-1.5248258113861084,0.661923885345459,1.5659117698669434,0.05561184510588646,0.4284469485282898,1.5606660842895508,-0.04829823598265648,0.6582192182540894,2.1521646976470947,-0.029597925022244453,0.4349955916404724,2.0987017154693604,-0.4941904544830322,0.6526054739952087,2.7178170680999756,0.7865346074104309,0.4467240869998932,2.720757484436035,0.0315961129963398,0.653593897819519,2.808198928833008,0.8652637004852295,0.44746944308280945,2.812471866607666,0.07172384858131409,0.6278457641601562,2.913562297821045,0.5429176688194275,0.466532826423645,2.9244956970214844,-0.37868639826774597
nodd,0.5678977966308594,0.4106205701828003,-1.2657169103622437,0.5835371613502502,0.34252190589904785,-1.1999014616012573,0.5959445238113403,0.3411179780960083,-1.199643850326538,0.6073890924453735,0.3410886526107788,-1.1993964910507202,0.5406653881072998,0.35005879402160645,-1.2098063230514526,0.5239461064338684,0.35374653339385986,-1.2097657918930054,0.5095330476760864,0.35812222957611084,-1.2096879482269287,0.623782753944397,0.3759087324142456,-0.7736663818359375,0.4920474886894226,0.3917955160140991,-0.8320169448852539,0.5932546257972717,0.46941566467285156,-1.1018012762069702,0.542378842830658,0.47766363620758057,-1.11972177028656,0.746391773223877,0.7717480063438416,-0.4880150854587555,0.38958027958869934,0.7157531976699829,-0.57673579454422,0.7972525954246521,1.2185707092285156,-0.46758800745010376,0.21913161873817444,1.0033200979232788,-0.883517861366272,0.8162773847579956,1.5300889015197754,-0.855611264705658,0.17769548296928406,1.3426589965820312,-1.5932708978652954,0.8357518911361694,1.655776858329773,-0.9463185667991638,0.149419367313385,1.4275391101837158,-1.751338005065918,0.815650463104248,1.649594783782959,-1.045263648033142,0.18141064047813416,1.4135854244232178,-1.8028175830841064,0.8032194972038269,1.6007310152053833,-0.914253294467926,0.19936618208885193,1.3918534517288208,-1.6420358419418335,0.6717500686645508,1.5699201822280884,0.05920407548546791,0.43102777004241943,1.5685372352600098,-0.0514540895819664,0.6676045656204224,2.1913793087005615,-0.013407507911324501,0.4376162886619568,2.1822028160095215,-0.35695281624794006,0.6612290740013123,2.7783091068267822,0.7811057567596436,0.4397532045841217,2.800549030303955,0.17271949350833893,0.6577516198158264,2.878721237182617,0.8582706451416016,0.4349064230918884,2.897382974624634,0.2124709188938141,0.6437768936157227,2.962947130203247,0.5331793427467346,0.47266796231269836,3.000633716583252,-0.22559359669685364
nodd,0.5734954476356506,0.39050590991973877,-1.0290647745132446,0.5868341326713562,0.3293865919113159,-0.9605124592781067,0.5981279611587524,0.32956862449645996,-0.9597547054290771,0.6087057590484619,0.3305920362472534,-0.9590895771980286,0.546150267124176,0.335644006729126,-0.9766927361488342,0.5296765565872192,0.3403770923614502,-0.9764645099639893,0.5133287310600281,0.3460761308670044,-0.9761680960655212,0.6207963228225708,0.3701810836791992,-0.5818285346031189,0.4934977889060974,0.3871607780456543,-0.659999668598175,0.5972999334335327,0.453269362449646,-0.8891660571098328,0.5455155372619629,0.4626741409301758,-0.9122675061225891,0.7435222268104553,0.7714799642562866,-0.3604159951210022,0.3866790533065796,0.7150866389274597,-0.5038115382194519,0.8173730969429016,1.202667474746704,-0.3862335979938507,0.21288132667541504,1.013054609298706,-0.7836793661117554,0.8355544209480286,1.5444331169128418,-0.8270790576934814,0.2183285653591156,1.3811177015304565,-1.3982723951339722,0.8629422187805176,1.6776779890060425,-0.924493134021759,0.18474429845809937,1.4782932996749878,-1.551186442375183,0.8279789686203003,1.6946152448654175,-1.0094596147537231,0.22968780994415283,1.476449728012085,-1.5894749164581299,0.8151299357414246,1.6366719007492065,-0.8867013454437256,0.2476189136505127,1.4464260339736938,-1.4430019855499268,0.6724605560302734,1.582789421081543,0.07646437734365463,0.43543553352355957,1.571577787399292,-0.06822017580270767,0.6605498790740967,2.255222797393799,0.009482057765126228,0.4329717755317688,2.227598190307617,-0.152785524725914,0.6462089419364929,2.8309712409973145,0.7471932768821716,0.420432984828949,2.826932907104492,0.32825708389282227,0.6460509896278381,2.938884973526001,0.8240864872932434,0.41151368618011475,2.9357430934906006,0.36765098571777344,0.6181536316871643,3.0084168910980225,0.5429471135139465,0.46339958906173706,3.009241819381714,0.010627334006130695
nodd,0.5779679417610168,0.3607051372528076,-0.9481289982795715,0.58977872133255,0.30727243423461914,-0.8779271245002747,0.6003232002258301,0.30763912200927734,-0.8769211173057556,0.6106770634651184,0.3086986541748047,-0.876099169254303,0.550779402256012,0.31340980529785156,-0.8943469524383545,0.5346527099609375,0.3189964294433594,-0.8939224481582642,0.5180709362030029,0.3261958360671997,-0.8935540318489075,0.6227993369102478,0.3501551151275635,-0.5158548355102539,0.49575337767601013,0.3704594373703003,-0.5912697911262512,0.6011886596679688,0.42613887786865234,-0.8169668316841125,0.5515633821487427,0.4353816509246826,-0.8389711976051331,0.7457588911056519,0.7590336203575134,-0.3206571042537689,0.3913690149784088,0.7100222706794739,-0.4689818024635315,0.8135626912117004,1.1871836185455322,-0.3390844166278839,0.24566352367401123,1.0195293426513672,-0.7109383940696716,0.8306353688240051,1.5518962144851685,-0.7419102191925049,0.25406414270401,1.4439222812652588,-1.2395737171173096,0.8608407974243164,1.6933537721633911,-0.8308536410331726,0.2158244252204895,1.5580852031707764,-1.3782272338867188,0.8204532861709595,1.7211363315582275,-0.9122560620307922,0.2665729820728302,1.5698522329330444,-1.42190420627594,0.8076858520507812,1.6557484865188599,-0.800216794013977,0.28499168157577515,1.5286283493041992,-1.2860745191574097,0.6756282448768616,1.5736027956008911,0.07864353060722351,0.4400164783000946,1.5616477727890015,-0.0704864114522934,0.6687521934509277,2.2560524940490723,-0.05078165605664253,0.4458376169204712,2.223982095718384,-0.17152602970600128,0.6678377389907837,2.841658592224121,0.5662369132041931,0.44500279426574707,2.821333885192871,0.22090266644954681,0.6696024537086487,2.957932472229004,0.6315456032752991,0.4370366632938385,2.9366958141326904,0.25226613879203796,0.6410282850265503,3.014364242553711,0.350875586271286,0.4989182949066162,2.9991440773010254,-0.0816727727651596
nodd,0.5805659294128418,0.36030423641204834,-0.9362021684646606,0.5905324816703796,0.30719947814941406,-0.8637944459915161,0.6005150079727173,0.30704164505004883,-0.862786054611206,0.610533595085144,0.307680606842041,-0.8622015118598938,0.5546343326568604,0.31336653232574463,-0.8808785676956177,0.5389580726623535,0.31845128536224365,-0.8804569840431213,0.5232073664665222,0.3248436450958252,-0.8801085948944092,0.6219819188117981,0.3479137420654297,-0.4942519962787628,0.4984460473060608,0.3703380823135376,-0.5738930702209473,0.603023886680603,0.4257441759109497,-0.8011804819107056,0.5566694140434265,0.4345790147781372,-0.8243948221206665,0.7425858974456787,0.7582562565803528,-0.2867768704891205,0.38781601190567017,0.7139996290206909,-0.44822579622268677,0.828335165977478,1.1588709354400635,-0.29874613881111145,0.25234198570251465,1.0047218799591064,-0.7821998000144958,0.8511114120483398,1.5197652578353882,-0.7400350570678711,0.2922849655151367,1.3080030679702759,-1.4223862886428833,0.8795348405838013,1.6632553339004517,-0.8370315432548523,0.26937901973724365,1.3897700309753418,-1.5860316753387451,0.8403667211532593,1.6902512311935425,-0.9256912469863892,0.3152145445346832,1.3778587579727173,-1.609118938446045,0.828545093536377,1.6246731281280518,-0.8018728494644165,0.32940030097961426,1.3537664413452148,-1.46226167678833,0.6724449992179871,1.5572253465652466,0.06492120772600174,0.44003015756607056,1.5421820878982544,-0.05708620324730873,0.6569922566413879,2.226449728012085,-0.08224860578775406,0.43488913774490356,2.197369337081909,-0.16615182161331177,0.6436784863471985,2.810445785522461,0.5733650326728821,0.42801445722579956,2.797297477722168,0.24545827507972717,0.6428732872009277,2.91864013671875,0.6413730382919312,0.42078542709350586,2.9090933799743652,0.2768118977546692,0.6117920875549316,2.980454206466675,0.35387077927589417,0.4688021242618561,2.9708118438720703,-0.07237455248832703
nodd,0.570361852645874,0.3495410680770874,-0.8922572731971741,0.5828909873962402,0.3020366430282593,-0.820884644985199,0.5939494371414185,0.3035888671875,-0.8198528289794922,0.6043683886528015,0.3055872917175293,-0.8193215727806091,0.5452748537063599,0.3053809404373169,-0.8340022563934326,0.5308844447135925,0.3096621036529541,-0.8335453867912292,0.5157897472381592,0.3153808116912842,-0.8332427144050598,0.6172969937324524,0.3494868278503418,-0.4546009600162506,0.4954136312007904,0.3525204658508301,-0.5195518732070923,0.5956968069076538,0.4187129735946655,-0.7589471936225891,0.5454022884368896,0.4223001003265381,-0.7781534790992737,0.7362756133079529,0.7578141689300537,-0.26472947001457214,0.38859429955482483,0.6988554000854492,-0.3854473829269409,0.8051074743270874,1.1860560178756714,-0.3034283220767975,0.24657297134399414,0.9707462191581726,-0.7502232193946838,0.8277056217193604,1.5277655124664307,-0.7274312376976013,0.2426101267337799,1.2266693115234375,-1.4238911867141724,0.8543926477432251,1.6652151346206665,-0.8179703950881958,0.21128225326538086,1.29317045211792,-1.586936593055725,0.8207894563674927,1.6875711679458618,-0.9059044718742371,0.2548651397228241,1.2863448858261108,-1.6041992902755737,0.8094642758369446,1.6231945753097534,-0.7885798811912537,0.2727688252925873,1.2682831287384033,-1.4633815288543701,0.6633972525596619,1.5528568029403687,0.060349125415086746,0.4305202066898346,1.5319091081619263,-0.052270807325839996,0.649290144443512,2.2207555770874023,-0.07972655445337296,0.4265748858451843,2.192774534225464,-0.16281576454639435,0.639184296131134,2.811896800994873,0.5718445777893066,0.4213528633117676,2.802471876144409,0.2605835795402527,0.6378560066223145,2.9200611114501953,0.6390218734741211,0.4149783253669739,2.9169998168945312,0.2922218441963196,0.6063076853752136,2.9845941066741943,0.34995853900909424,0.4565240442752838,2.974501371383667,-0.06046656146645546
nodd,0.5699982047080994,0.35367369651794434,-0.8849470019340515,0.5833850502967834,0.30359792709350586,-0.8167070746421814,0.5946471095085144,0.30494534969329834,-0.8156074285507202,0.6055290699005127,0.30676257610321045,-0.8150006532669067,0.5446058511734009,0.30835509300231934,-0.8263892531394958,0.5296710729598999,0.3134148120880127,-0.8259820938110352,0.5143184065818787,0.32027125358581543,-0.8255119919776917,0.6205111742019653,0.3495253324508667,-0.4661819338798523,0.4937231242656708,0.36495518684387207,-0.514021635055542,0.5953603386878967,0.4210249185562134,-0.7576267719268799,0.5449052453041077,0.4269365072250366,-0.7717851996421814,0.7373071908950806,0.7534087896347046,-0.2858275771141052,0.3938555121421814,0.7058650851249695,-0.3900377154350281,0.8144326210021973,1.1684460639953613,-0.33700984716415405,0.2735893428325653,1.0209105014801025,-0.7506381273269653,0.8231679201126099,1.5043129920959473,-0.7526140213012695,0.3179089426994324,1.235640287399292,-1.3963521718978882,0.8476619720458984,1.6396114826202393,-0.8436223864555359,0.29817524552345276,1.3000518083572388,-1.5555485486984253,0.8116166591644287,1.6646521091461182,-0.9181158542633057,0.34309542179107666,1.2824087142944336,-1.5613662004470825,0.800885021686554,1.6006628274917603,-0.8074800372123718,0.35744911432266235,1.2646489143371582,-1.4297585487365723,0.6719611883163452,1.555509090423584,0.059499893337488174,0.4375383257865906,1.5376853942871094,-0.05138903483748436,0.6571846604347229,2.231963634490967,-0.11868879199028015,0.4335537552833557,2.2045516967773438,-0.16652646660804749,0.6434075236320496,2.823873996734619,0.49811193346977234,0.42301636934280396,2.8149492740631104,0.22175215184688568,0.6452188491821289,2.9336113929748535,0.5646049976348877,0.4165326654911041,2.92966890335083,0.25296086072921753,0.6047828197479248,3.0087404251098633,0.2825852334499359,0.45966535806655884,2.9966297149658203,-0.08267021924257278
nodd,0.5718401074409485,0.35653698444366455,-0.9798439741134644,0.583771288394928,0.30483078956604004,-0.9150989055633545,0.5943808555603027,0.3061652183532715,-0.9140728712081909,0.6051797866821289,0.3085423707962036,-0.91330885887146,0.5477822422981262,0.3100851774215698,-0.9283836483955383,0.5328952074050903,0.31542646884918213,-0.928055465221405,0.5177938342094421,0.3222830295562744,-0.927707850933075,0.6176889538764954,0.35531699657440186,-0.5682958364486694,0.4937400221824646,0.3670687675476074,-0.6297746896743774,0.5956513285636902,0.4262198209762573,-0.8530176877975464,0.5465725660324097,0.43014419078826904,-0.8710881471633911,0.7375586032867432,0.7505953907966614,-0.3778814673423767,0.38899755477905273,0.6988637447357178,-0.4940962791442871,0.8070079684257507,1.1853216886520386,-0.4223303198814392,0.23644033074378967,0.9834362864494324,-0.7176016569137573,0.824806809425354,1.5274627208709717,-0.8232536911964417,0.18795794248580933,1.35198974609375,-1.1993993520736694,0.85587477684021,1.6592026948928833,-0.9119892716407776,0.14251670241355896,1.4467726945877075,-1.3235421180725098,0.8175443410873413,1.6867516040802002,-0.9861258268356323,0.1875208020210266,1.4629637002944946,-1.3741670846939087,0.8047544360160828,1.6247847080230713,-0.8792873024940491,0.2090364396572113,1.43072509765625,-1.2479959726333618,0.6625531315803528,1.552241325378418,0.07672194391489029,0.42946457862854004,1.5389025211334229,-0.06833429634571075,0.6508576273918152,2.2437500953674316,-0.04735546186566353,0.4300079345703125,2.2176573276519775,-0.1956968456506729,0.64394611120224,2.832745313644409,0.5325400829315186,0.420241117477417,2.8289690017700195,0.18891723453998566,0.6462292075157166,2.947225570678711,0.5936233997344971,0.4107735753059387,2.944429874420166,0.22038041055202484,0.6129357814788818,3.008627414703369,0.3034796714782715,0.468692809343338,3.008598804473877,-0.11829620599746704
nodd,0.5710150003433228,0.3589184284210205,-0.9096918106079102,0.5837132334709167,0.3098735809326172,-0.841213583946228,0.5945748686790466,0.3116896152496338,-0.8401111960411072,0.6051254868507385,0.313173770904541,-0.8395423293113708,0.5438400506973267,0.3126945495605469,-0.8542113900184631,0.5285192728042603,0.3172832727432251,-0.85381019115448,0.5128147006034851,0.3231470584869385,-0.8534144163131714,0.618763267993927,0.35498297214508057,-0.4852854013442993,0.4925364553928375,0.36838674545288086,-0.5499033331871033,0.5953902006149292,0.42478764057159424,-0.7805522680282593,0.5442367196083069,0.4315934181213379,-0.7996920943260193,0.7324848175048828,0.7590739130973816,-0.296159029006958,0.38596004247665405,0.7022048830986023,-0.415586918592453,0.8120249509811401,1.1828240156173706,-0.33891546726226807,0.23673218488693237,0.9937368035316467,-0.7771260738372803,0.8245148658752441,1.5017284154891968,-0.7488318681716919,0.2615188658237457,1.2070049047470093,-1.423485517501831,0.849332869052887,1.6301771402359009,-0.8375844359397888,0.23585200309753418,1.263589859008789,-1.5816621780395508,0.8144383430480957,1.6512231826782227,-0.9131598472595215,0.28059619665145874,1.2515356540679932,-1.5886751413345337,0.8042283058166504,1.590627908706665,-0.8044911623001099,0.2965160012245178,1.2365648746490479,-1.457570195198059,0.6616212129592896,1.558006763458252,0.06303038448095322,0.4297812283039093,1.5408177375793457,-0.055037494748830795,0.6502876281738281,2.2241268157958984,-0.05782485008239746,0.4302551746368408,2.2085423469543457,-0.1264074444770813,0.6431140899658203,2.8149120807647705,0.5922778248786926,0.4237251877784729,2.8081586360931396,0.31778600811958313,0.6449072360992432,2.9270224571228027,0.6606646776199341,0.4182400107383728,2.9224252700805664,0.3529801368713379,0.6069716811180115,2.9920544624328613,0.37782368063926697,0.45793479681015015,2.9845433235168457,0.011893967166543007
nodd,0.5632416605949402,0.3809741735458374,-1.0277636051177979,0.578038215637207,0.32358217239379883,-0.9589436054229736,0.5898711681365967,0.32418882846832275,-0.958250105381012,0.6007338166236877,0.3255811929702759,-0.9577517509460449,0.535888671875,0.3311232328414917,-0.9719985723495483,0.5195357799530029,0.33756041526794434,-0.9717568159103394,0.5056278109550476,0.3448115587234497,-0.9715207815170288,0.6171254515647888,0.36409521102905273,-0.5687401294708252,0.4900355339050293,0.38584601879119873,-0.6315631866455078,0.5894256830215454,0.4422447681427002,-0.8822175860404968,0.5364071726799011,0.45349419116973877,-0.9008992314338684,0.7377158403396606,0.7624021172523499,-0.3390590250492096,0.3897688388824463,0.718944251537323,-0.4542892575263977,0.8197693228721619,1.1785987615585327,-0.3130556046962738,0.20494529604911804,1.0056705474853516,-0.751655638217926,0.8289259672164917,1.5264605283737183,-0.6934840679168701,0.16497451066970825,1.3504886627197266,-1.4208623170852661,0.8512158393859863,1.663368582725525,-0.7824223637580872,0.1252121925354004,1.4413994550704956,-1.5762579441070557,0.8179537057876587,1.6741492748260498,-0.8770992159843445,0.16696661710739136,1.4397897720336914,-1.627312421798706,0.8074942231178284,1.617677927017212,-0.7531546950340271,0.1875598430633545,1.4134531021118164,-1.4718905687332153,0.6735547780990601,1.569697380065918,0.06016145274043083,0.43788060545921326,1.5651127099990845,-0.052006930112838745,0.6617276668548584,2.240713119506836,-0.04140554368495941,0.434833288192749,2.210399627685547,-0.22585518658161163,0.6547973155975342,2.827561855316162,0.6702651381492615,0.43492233753204346,2.823660373687744,0.24304059147834778,0.6546924710273743,2.933340072631836,0.7417049407958984,0.4291836619377136,2.9314517974853516,0.27887290716171265,0.6280351877212524,3.0000033378601074,0.43919509649276733,0.47005516290664673,3.001835823059082,-0.10054553300142288
nodd,0.5692054033279419,0.4074653387069702,-1.3848154544830322,0.5857460498809814,0.342305064201355,-1.317711353302002,0.5976629853248596,0.3418935537338257,-1.3176182508468628,0.6086790561676025,0.3426530361175537,-1.3172943592071533,0.5421244502067566,0.3498079776763916,-1.3337289094924927,0.525251030921936,0.3540095090866089,-1.333901047706604,0.511058509349823,0.3587822914123535,-1.333857536315918,0.6238750219345093,0.3762798309326172,-0.8778884410858154,0.4932677745819092,0.39135026931762695,-0.9601237177848816,0.5937337875366211,0.4633277654647827,-1.2145806550979614,0.5412396192550659,0.4738314151763916,-1.2394142150878906,0.7429442405700684,0.7580503225326538,-0.5679050087928772,0.3798257112503052,0.715682864189148,-0.6847081184387207,0.8068509101867676,1.1984059810638428,-0.5612046122550964,0.20147690176963806,1.0050863027572632,-0.9693458676338196,0.8248515129089355,1.488764762878418,-0.9598848819732666,0.13156041502952576,1.3279829025268555,-1.6204708814620972,0.8458065986633301,1.6012678146362305,-1.049272894859314,0.09221044182777405,1.4111180305480957,-1.7674247026443481,0.8260160684585571,1.595449447631836,-1.143454670906067,0.12283560633659363,1.4059067964553833,-1.8288824558258057,0.8124303817749023,1.5536003112792969,-1.0164425373077393,0.14365261793136597,1.3831539154052734,-1.670925498008728,0.6688944101333618,1.5411206483840942,0.06570858508348465,0.4330233931541443,1.5447752475738525,-0.05801715329289436,0.6713870763778687,2.163278579711914,-0.03587751090526581,0.44444167613983154,2.154453992843628,-0.41650310158729553,0.6726992130279541,2.7400097846984863,0.7972409725189209,0.45120158791542053,2.7810215950012207,0.12664614617824554,0.6744845509529114,2.838327407836914,0.8774803280830383,0.44902503490448,2.876464366912842,0.16799327731132507,0.6502947211265564,2.9224061965942383,0.5401087999343872,0.4815611243247986,2.9794299602508545,-0.28436869382858276
nodd,0.5786114931106567,0.43772733211517334,-1.350873351097107,0.5920004844665527,0.36724650859832764,-1.281143069267273,0.6030412912368774,0.36444365978240967,-1.2809191942214966,0.6132396459579468,0.3629159927368164,-1.2806166410446167,0.5496008992195129,0.37653958797454834,-1.300922155380249,0.5328375101089478,0.37903523445129395,-1.3009520769119263,0.5172293186187744,0.38192689418792725,-1.3008829355239868,0.6246619820594788,0.39104557037353516,-0.8437585830688477,0.4965251684188843,0.4096541404724121,-0.9440105557441711,0.6017847657203674,0.49109017848968506,-1.182674765586853,0.5519453287124634,0.5014539957046509,-1.2123407125473022,0.7472534775733948,0.7788196206092834,-0.5486174821853638,0.37497901916503906,0.7289722561836243,-0.6895701885223389,0.8191856145858765,1.2126902341842651,-0.5606213212013245,0.19397112727165222,1.0063905715942383,-0.9601198434829712,0.821370005607605,1.5277578830718994,-0.965053915977478,0.14007043838500977,1.3517426252365112,-1.5702850818634033,0.83819580078125,1.6515222787857056,-1.055344581604004,0.10077202320098877,1.4370348453521729,-1.7141752243041992,0.8137766122817993,1.6479977369308472,-1.1421515941619873,0.13400879502296448,1.4347960948944092,-1.769500494003296,0.8030940294265747,1.598848819732666,-1.0193848609924316,0.15409734845161438,1.410004734992981,-1.6171064376831055,0.6707119345664978,1.5534135103225708,0.07230623811483383,0.43553805351257324,1.5555517673492432,-0.06488792598247528,0.6657356023788452,2.1846654415130615,-0.005387831013649702,0.44238269329071045,2.1620426177978516,-0.44367045164108276,0.6612807512283325,2.733128070831299,0.8193104863166809,0.4446354806423187,2.757784843444824,0.11205936223268509,0.6589043140411377,2.8309874534606934,0.8986592292785645,0.4393274188041687,2.8516507148742676,0.1542147547006607,0.6457902193069458,2.9101691246032715,0.5692933201789856,0.4832836389541626,2.953558921813965,-0.2889131009578705
nodd,0.5715002417564392,0.4470174312591553,-1.4782754182815552,0.5861539244651794,0.38000333309173584,-1.418837547302246,0.5978615880012512,0.37824904918670654,-1.4186547994613647,0.60908442735672,0.3776218891143799,-1.4183281660079956,0.5440568923950195,0.38500046730041504,-1.431388258934021,0.527092695236206,0.38613152503967285,-1.4315077066421509,0.51275235414505,0.3880805969238281,-1.4314441680908203,0.6233536005020142,0.4041398763656616,-1.0039204359054565,0.49475181102752686,0.41254448890686035,-1.0670640468597412,0.5943901538848877,0.5009409189224243,-1.3151071071624756,0.5456047654151917,0.5048841834068298,-1.334540605545044,0.7358144521713257,0.7578152418136597,-0.6821725368499756,0.3812906742095947,0.7051882743835449,-0.7823684215545654,0.8101242780685425,1.2093658447265625,-0.7202058434486389,0.2364097237586975,1.0324170589447021,-1.0973007678985596,0.8214553594589233,1.4755423069000244,-1.1470398902893066,0.24253562092781067,1.2634317874908447,-1.7198015451431274,0.8394749164581299,1.5834306478500366,-1.2428752183914185,0.219377338886261,1.3152331113815308,-1.8660281896591187,0.8165168762207031,1.5778183937072754,-1.3185557126998901,0.2518318295478821,1.3007915019989014,-1.8975828886032104,0.8051134347915649,1.53360116481781,-1.1965440511703491,0.2679232954978943,1.2862211465835571,-1.7557213306427002,0.6613245606422424,1.4938366413116455,0.0517503060400486,0.43530139327049255,1.491404414176941,-0.044818487018346786,0.6615543365478516,2.1063649654388428,-0.027009425684809685,0.4471699595451355,2.099618673324585,-0.2622446119785309,0.6589823365211487,2.638373374938965,0.77653568983078,0.4489533305168152,2.66361403465271,0.3044760525226593,0.6610549688339233,2.7304606437683105,0.853700578212738,0.4457389712333679,2.7513139247894287,0.3487129509449005,0.6305617690086365,2.81185245513916,0.5267189145088196,0.4809264540672302,2.852112293243408,-0.06565766036510468
nodd,0.5745081305503845,0.45572900772094727,-1.536576509475708,0.587450385093689,0.3824864625930786,-1.47989821434021,0.5983062982559204,0.3786027431488037,-1.4799922704696655,0.6089900732040405,0.37617063522338867,-1.4799009561538696,0.5455765724182129,0.39429450035095215,-1.494762659072876,0.528380274772644,0.3967236280441284,-1.495116949081421,0.5139099955558777,0.3989243507385254,-1.4951698780059814,0.6224650740623474,0.4001588821411133,-1.0523148775100708,0.4953019320964813,0.4213756322860718,-1.126038908958435,0.5978931188583374,0.5086049437522888,-1.364739179611206,0.5497567653656006,0.5145402550697327,-1.3873246908187866,0.7406234741210938,0.7583442330360413,-0.7170214653015137,0.38411760330200195,0.717052698135376,-0.8201216459274292,0.8109258413314819,1.2290160655975342,-0.7347599864006042,0.2334461212158203,1.1280304193496704,-1.1705609560012817,0.8104065656661987,1.494654655456543,-1.1138724088668823,0.2157011330127716,1.2477833032608032,-1.8162789344787598,0.8233660459518433,1.5961247682571411,-1.2058354616165161,0.1906089186668396,1.2901577949523926,-1.964952826499939,0.806843638420105,1.5800565481185913,-1.2829228639602661,0.2166500985622406,1.2739946842193604,-1.9989322423934937,0.7951756715774536,1.5439797639846802,-1.161104679107666,0.23487144708633423,1.265408992767334,-1.8530160188674927,0.6722180843353271,1.4972270727157593,0.048319011926651,0.4479326605796814,1.5040127038955688,-0.041630931198596954,0.6773501038551331,2.081850051879883,0.013996168039739132,0.4620576798915863,2.077324390411377,-0.2962534725666046,0.6726779937744141,2.623541831970215,0.888180673122406,0.4685747027397156,2.6556177139282227,0.3322805166244507,0.6748010516166687,2.7072958946228027,0.9709290862083435,0.4676271080970764,2.737260580062866,0.3822609484195709,0.646744966506958,2.811016082763672,0.634419322013855,0.4911734461784363,2.8526570796966553,-0.05317877233028412
nodd,0.5709318518638611,0.4752657413482666,-1.4905346632003784,0.5868929624557495,0.39916837215423584,-1.432899832725525,0.5989872813224792,0.394547700881958,-1.4331167936325073,0.61020427942276,0.39087462425231934,-1.4330838918685913,0.5425489544868469,0.40686118602752686,-1.4469435214996338,0.5264151096343994,0.4067462682723999,-1.4473235607147217,0.5133364796638489,0.4067502021789551,-1.4474984407424927,0.6237788200378418,0.41140687465667725,-1.003496527671814,0.4944216012954712,0.4231060743331909,-1.074967861175537,0.5950213074684143,0.5305171012878418,-1.319130539894104,0.5431270003318787,0.5315507054328918,-1.3414000272750854,0.7371475100517273,0.7532638907432556,-0.6861698031425476,0.3761293292045593,0.7033127546310425,-0.7653144001960754,0.7990275025367737,1.1682461500167847,-0.6766830682754517,0.20851698517799377,0.9822590947151184,-1.034067988395691,0.8082380890846252,1.3598334789276123,-0.9880870580673218,0.11582154035568237,1.293434500694275,-1.638000726699829,0.8214321136474609,1.436585783958435,-1.0701284408569336,0.07175126671791077,1.362452507019043,-1.7679702043533325,0.8136485815048218,1.4159165620803833,-1.152775526046753,0.09208014607429504,1.3589521646499634,-1.835357427597046,0.8010865449905396,1.3933539390563965,-1.036336898803711,0.11763477325439453,1.3443609476089478,-1.687772274017334,0.6530566811561584,1.496551752090454,0.044098854064941406,0.430698961019516,1.5034428834915161,-0.03745271638035774,0.6611186265945435,2.0206971168518066,-0.12535610795021057,0.4462836980819702,2.044663667678833,-0.4299400746822357,0.6554501056671143,2.5713610649108887,0.6972162127494812,0.4521823823451996,2.633721351623535,0.14830870926380157,0.6548855304718018,2.655135154724121,0.7746609449386597,0.45142829418182373,2.715397834777832,0.19290214776992798,0.6379527449607849,2.7566351890563965,0.43343546986579895,0.46932169795036316,2.8261938095092773,-0.25824007391929626
nodd,0.58150315284729,0.4577009677886963,-1.4614421129226685,0.5937587022781372,0.38133060932159424,-1.4027589559555054,0.6042615175247192,0.37662768363952637,-1.4030232429504395,0.6142820715904236,0.37348365783691406,-1.402902364730835,0.5519967079162598,0.39537763595581055,-1.4183241128921509,0.5342590808868408,0.39825141429901123,-1.4186995029449463,0.518124520778656,0.4010121822357178,-1.4188058376312256,0.6236222386360168,0.3958700895309448,-0.9740654826164246,0.4975643455982208,0.4230126142501831,-1.0519970655441284,0.6034878492355347,0.5080437064170837,-1.2906901836395264,0.5545141696929932,0.5166573524475098,-1.314728021621704,0.7384153604507446,0.7487136125564575,-0.6538383960723877,0.37929344177246094,0.7219598889350891,-0.758458137512207,0.8020337820053101,1.1961857080459595,-0.6915555000305176,0.23538252711296082,1.1385122537612915,-1.0708917379379272,0.7996759414672852,1.4660565853118896,-1.1004996299743652,0.22608572244644165,1.3195396661758423,-1.7055604457855225,0.8117149472236633,1.5661566257476807,-1.1987566947937012,0.20644649863243103,1.3836244344711304,-1.8544845581054688,0.7963029146194458,1.549519419670105,-1.2781084775924683,0.23175770044326782,1.3618887662887573,-1.8909467458724976,0.7832949757575989,1.5172300338745117,-1.1496914625167847,0.24772915244102478,1.345873236656189,-1.7423774003982544,0.6720075011253357,1.505028486251831,0.045274924486875534,0.4449821710586548,1.5097355842590332,-0.0386149063706398,0.6700080633163452,2.0656862258911133,-0.08735010772943497,0.4549727737903595,2.067727565765381,-0.3323788642883301,0.6588174104690552,2.624022960662842,0.741844892501831,0.4570320248603821,2.651276111602783,0.26167741417884827,0.6587847471237183,2.708773136138916,0.8206437230110168,0.4572650194168091,2.7310948371887207,0.30797475576400757,0.635119616985321,2.815490245819092,0.4861737787723541,0.4732772409915924,2.8547110557556152,-0.12632876634597778
nodd,0.5800833702087402,0.46253204345703125,-1.4236383438110352,0.5929218530654907,0.3887585401535034,-1.3626047372817993,0.6038492918014526,0.38541698455810547,-1.3628156185150146,0.614266037940979,0.38335537910461426,-1.3626794815063477,0.5514848232269287,0.39738988876342773,-1.3783314228057861,0.5348860025405884,0.39872467517852783,-1.3786851167678833,0.5193053483963013,0.40021228790283203,-1.3788442611694336,0.6247670650482178,0.4078950881958008,-0.928622841835022,0.4977364242076874,0.41842079162597656,-1.0098485946655273,0.6016541719436646,0.5160375237464905,-1.2520018815994263,0.5525649785995483,0.5215504169464111,-1.2769359350204468,0.7360917925834656,0.7676601409912109,-0.6219083070755005,0.373654305934906,0.7133610844612122,-0.7121663689613342,0.7867021560668945,1.1895276308059692,-0.6218913197517395,0.20441114902496338,1.0073432922363281,-0.9639124870300293,0.7759788036346436,1.395963430404663,-0.9636231660842896,0.1412905752658844,1.3557941913604736,-1.5669053792953491,0.7831107378005981,1.4816869497299194,-1.0518862009048462,0.1041136384010315,1.442198634147644,-1.700610876083374,0.7732037305831909,1.4575310945510864,-1.1302903890609741,0.12888988852500916,1.4346864223480225,-1.7666434049606323,0.76287442445755,1.4312543869018555,-1.0104540586471558,0.1509293019771576,1.4121794700622559,-1.615614891052246,0.654144823551178,1.5233768224716187,0.04801184684038162,0.42682769894599915,1.5285464525222778,-0.04113069549202919,0.6557313203811646,2.0681161880493164,-0.13979555666446686,0.4384419918060303,2.0774636268615723,-0.5198739171028137,0.6546791195869446,2.6247410774230957,0.6777516007423401,0.4474373459815979,2.682933807373047,0.03914252296090126,0.6555668711662292,2.7137107849121094,0.7541625499725342,0.44730377197265625,2.7687525749206543,0.08117575943470001,0.635342538356781,2.8089652061462402,0.4096497595310211,0.46593624353408813,2.880434989929199,-0.3775692582130432
nodd,0.5797789096832275,0.4553910493850708,-1.325986623764038,0.5917308330535889,0.37798821926116943,-1.265561580657959,0.6035098433494568,0.3735426664352417,-1.2655411958694458,0.6143150329589844,0.37086641788482666,-1.265199065208435,0.5486911535263062,0.391626238822937,-1.2800487279891968,0.5312510132789612,0.39475882053375244,-1.280166506767273,0.5164037942886353,0.3977566957473755,-1.280112385749817,0.6277937889099121,0.3977564573287964,-0.8468092679977417,0.49602842330932617,0.42249512672424316,-0.9230896234512329,0.603787899017334,0.5108323097229004,-1.1619542837142944,0.555261492729187,0.5177510976791382,-1.1851578950881958,0.7446351647377014,0.7615483999252319,-0.5594873428344727,0.3794804513454437,0.7160593867301941,-0.6634120345115662,0.8096887469291687,1.177717924118042,-0.5571480989456177,0.19575968384742737,1.0912243127822876,-0.968709409236908,0.8112278580665588,1.4943814277648926,-0.9194756150245667,0.1427132487297058,1.3346174955368042,-1.6247159242630005,0.8256920576095581,1.6180164813995361,-1.005487084388733,0.10713738203048706,1.4191452264785767,-1.7704962491989136,0.8031107783317566,1.6096923351287842,-1.0913971662521362,0.1391448676586151,1.4096425771713257,-1.82313871383667,0.7924591898918152,1.565068244934082,-0.9711102843284607,0.15918433666229248,1.3878275156021118,-1.671312689781189,0.669907808303833,1.536169171333313,0.0619908832013607,0.4375717043876648,1.5368071794509888,-0.05463152006268501,0.6687387228012085,2.139263868331909,-0.03700210526585579,0.44629961252212524,2.1350655555725098,-0.3661006987094879,0.6628394722938538,2.7005345821380615,0.688050389289856,0.44947901368141174,2.7336997985839844,0.11006423085927963,0.6621778011322021,2.7965238094329834,0.7590547800064087,0.44599103927612305,2.824471950531006,0.14664514362812042,0.6438487768173218,2.879765510559082,0.44047263264656067,0.4802253246307373,2.929211139678955,-0.27859896421432495
nodd,0.5774232149124146,0.44352293014526367,-1.3386904001235962,0.5916033387184143,0.3688565492630005,-1.270464539527893,0.6030431389808655,0.3650146722793579,-1.2703993320465088,0.6137514114379883,0.36270809173583984,-1.2701390981674194,0.5486863255500793,0.37995147705078125,-1.2873060703277588,0.5313117504119873,0.38232421875,-1.287431240081787,0.5163764357566833,0.38457202911376953,-1.2872530221939087,0.6244930624961853,0.3911416530609131,-0.8278308510780334,0.49545127153396606,0.4096914529800415,-0.9172059893608093,0.6009835004806519,0.49853503704071045,-1.167824625968933,0.5503451228141785,0.505517840385437,-1.1950421333312988,0.7467989325523376,0.775074303150177,-0.5157667398452759,0.3758254647254944,0.7260650396347046,-0.66256183385849,0.8005775213241577,1.2120593786239624,-0.5478790998458862,0.2315775752067566,1.1747394800186157,-0.9746523499488831,0.7855510115623474,1.497941255569458,-1.0036914348602295,0.28026434779167175,1.3285880088806152,-1.6333645582199097,0.7960198521614075,1.615236520767212,-1.1038870811462402,0.2738629877567291,1.3973784446716309,-1.795202374458313,0.77134108543396,1.6061655282974243,-1.1813523769378662,0.311257928609848,1.3691234588623047,-1.8168983459472656,0.7611616849899292,1.5626474618911743,-1.05376398563385,0.32117027044296265,1.3517329692840576,-1.6657465696334839,0.6746734380722046,1.568368673324585,0.07433851063251495,0.4327320456504822,1.5678974390029907,-0.06674695014953613,0.6767037510871887,2.1799628734588623,-0.0548742339015007,0.4480835795402527,2.1703178882598877,-0.4541890621185303,0.6724680066108704,2.748382091522217,0.7506877183914185,0.45102325081825256,2.777768135070801,0.09761190414428711,0.6709838509559631,2.8483057022094727,0.8292809128761292,0.44719839096069336,2.8711962699890137,0.13982291519641876,0.6575548648834229,2.938201904296875,0.5055925250053406,0.48703810572624207,2.9880497455596924,-0.30529284477233887
nodd,0.5722692012786865,0.4189474582672119,-1.068098545074463,0.5867398381233215,0.3503173589706421,-1.006613850593567,0.5982192158699036,0.34784936904907227,-1.006478190422058,0.6091514825820923,0.34655261039733887,-1.0062061548233032,0.5446410179138184,0.36141860485076904,-1.019171953201294,0.5288759469985962,0.36526012420654297,-1.0192482471466064,0.5140310525894165,0.36939358711242676,-1.0190961360931396,0.6223509311676025,0.37725603580474854,-0.614775538444519,0.49547693133354187,0.3979593515396118,-0.6806029081344604,0.5973652601242065,0.47036564350128174,-0.918026864528656,0.547362208366394,0.48067283630371094,-0.9380970597267151,0.7367416620254517,0.7575371861457825,-0.3812730610370636,0.39388370513916016,0.7120094895362854,-0.4724886417388916,0.7887035012245178,1.183786153793335,-0.35219740867614746,0.20581558346748352,0.9785122275352478,-0.7762184143066406,0.8097369074821472,1.512839674949646,-0.6876726150512695,0.08875381946563721,1.2792795896530151,-1.453342080116272,0.8314959406852722,1.6374183893203735,-0.7671890258789062,0.03694337606430054,1.3537871837615967,-1.5975337028503418,0.8104590773582458,1.633583664894104,-0.8642997741699219,0.06711748242378235,1.354104995727539,-1.6663485765457153,0.7978287935256958,1.5891658067703247,-0.7443069219589233,0.09331980347633362,1.338416576385498,-1.5100988149642944,0.6611728668212891,1.5549921989440918,0.05394797399640083,0.4358704686164856,1.5513941049575806,-0.04605710133910179,0.6545405983924866,2.172805070877075,-0.053286388516426086,0.4359218180179596,2.1495165824890137,-0.33888953924179077,0.6518663763999939,2.7495059967041016,0.6755896210670471,0.4404064118862152,2.7742862701416016,0.14847639203071594,0.6549186706542969,2.8453402519226074,0.7478826642036438,0.4373767077922821,2.8732848167419434,0.18683145940303802,0.6246731877326965,2.931766986846924,0.44297727942466736,0.46311816573143005,2.9602181911468506,-0.21681611239910126
nodd,0.5693638324737549,0.3996098041534424,-1.1014184951782227,0.5843366980552673,0.3336219787597656,-1.0351464748382568,0.5955510139465332,0.33298182487487793,-1.0347344875335693,0.6061427593231201,0.3331218957901001,-1.0343079566955566,0.5422740578651428,0.34013235569000244,-1.0454374551773071,0.525543212890625,0.34388136863708496,-1.045301079750061,0.5109906792640686,0.34823763370513916,-1.0450141429901123,0.6198557019233704,0.3667041063308716,-0.6309362053871155,0.49267491698265076,0.3807872533798218,-0.6884587407112122,0.5939168334007263,0.4564398527145386,-0.9486429691314697,0.5418766140937805,0.4649726152420044,-0.966277539730072,0.741046667098999,0.7640308141708374,-0.3927561938762665,0.3859967291355133,0.7171221971511841,-0.48567381501197815,0.8010505437850952,1.2024041414260864,-0.4345655143260956,0.23433417081832886,1.0137245655059814,-0.8572435975074768,0.8069469332695007,1.5414481163024902,-0.8897481560707092,0.23865598440170288,1.273521900177002,-1.602401852607727,0.826858639717102,1.68034827709198,-0.9910687208175659,0.21415746212005615,1.3375558853149414,-1.7750262022018433,0.7949225902557373,1.6831514835357666,-1.077711820602417,0.2511763870716095,1.3228033781051636,-1.806114912033081,0.7842252254486084,1.6267528533935547,-0.9471834301948547,0.2677444517612457,1.3074816465377808,-1.6466625928878784,0.6708860397338867,1.587899088859558,0.054862383753061295,0.42772483825683594,1.5801831483840942,-0.04652221128344536,0.667028546333313,2.2350220680236816,-0.093540720641613,0.434751033782959,2.20609712600708,-0.3232037425041199,0.6731783747673035,2.8385188579559326,0.5722535252571106,0.4475356936454773,2.811593532562256,0.17992529273033142,0.6756296753883362,2.948718547821045,0.6382467150688171,0.44372114539146423,2.9128360748291016,0.21901291608810425,0.644457995891571,3.0197196006774902,0.30873212218284607,0.4849897623062134,3.008735179901123,-0.18152013421058655
nodd,0.567736804485321,0.37518739700317383,-0.9589352011680603,0.5819286108016968,0.3191324472427368,-0.8913671374320984,0.593527615070343,0.32068824768066406,-0.8905139565467834,0.60477215051651,0.3226020336151123,-0.8897871971130371,0.540053129196167,0.3234834671020508,-0.9061723351478577,0.524226725101471,0.32829606533050537,-0.9058918356895447,0.5087571740150452,0.3341926336288452,-0.9056228399276733,0.6202037334442139,0.36345648765563965,-0.5227012634277344,0.4903823137283325,0.37505292892456055,-0.5911211371421814,0.5935394763946533,0.4415562152862549,-0.8228697776794434,0.5408293008804321,0.447212815284729,-0.8431740403175354,0.7371750473976135,0.7640686631202698,-0.3164481520652771,0.38690468668937683,0.7075653076171875,-0.44867244362831116,0.808692455291748,1.1792739629745483,-0.3367518484592438,0.24437135457992554,1.0180227756500244,-0.6876588463783264,0.8323744535446167,1.5421833992004395,-0.7520338296890259,0.22584858536720276,1.4244472980499268,-1.2346254587173462,0.8630367517471313,1.6782199144363403,-0.8427934050559998,0.1876465380191803,1.5356756448745728,-1.3761706352233887,0.8256281018257141,1.701179027557373,-0.930385172367096,0.23434847593307495,1.546126127243042,-1.4229893684387207,0.8113950490951538,1.6428006887435913,-0.8124352693557739,0.25371620059013367,1.5087993144989014,-1.2825945615768433,0.6688794493675232,1.5683785676956177,0.07569774240255356,0.43367454409599304,1.557565689086914,-0.06736351549625397,0.666297435760498,2.2497715950012207,-0.06592442840337753,0.44017255306243896,2.2219631671905518,-0.19163192808628082,0.6620596647262573,2.8442306518554688,0.5616791248321533,0.4387385845184326,2.8436715602874756,0.18595324456691742,0.662323534488678,2.952857494354248,0.6278396248817444,0.4309195876121521,2.957275867462158,0.2153884321451187,0.6380706429481506,3.024336814880371,0.3482551574707031,0.4846705198287964,3.023817777633667,-0.1302141398191452
nodd,0.5791783332824707,0.360945463180542,-0.8651052713394165,0.5898200869560242,0.3095402717590332,-0.7973837852478027,0.5998428463935852,0.31044042110443115,-0.7964317798614502,0.6097857356071472,0.3121117353439331,-0.7956956028938293,0.5537557005882263,0.31327390670776367,-0.8160850405693054,0.5383840203285217,0.3173574209213257,-0.8157742023468018,0.5227075815200806,0.3227269649505615,-0.8154844641685486,0.6192343831062317,0.35700738430023193,-0.4424910843372345,0.4977360963821411,0.36672866344451904,-0.5279787182807922,0.6007735133171082,0.4286535978317261,-0.7348783612251282,0.5538030862808228,0.43499457836151123,-0.7600377202033997,0.7319409251213074,0.7459984421730042,-0.26259222626686096,0.38930952548980713,0.6980185508728027,-0.398604154586792,0.8051493167877197,1.1440327167510986,-0.27769267559051514,0.23083439469337463,0.9789125323295593,-0.6270805597305298,0.8219466805458069,1.508648157119751,-0.6509103178977966,0.19494226574897766,1.3628970384597778,-1.1186621189117432,0.8509422540664673,1.645976185798645,-0.7342845797538757,0.1500834822654724,1.4654396772384644,-1.2476108074188232,0.8134052157402039,1.673370599746704,-0.8142078518867493,0.19625979661941528,1.4783979654312134,-1.293013572692871,0.8009388446807861,1.6140449047088623,-0.7081400752067566,0.21715790033340454,1.4446159601211548,-1.1653916835784912,0.6684508919715881,1.5502010583877563,0.06892292946577072,0.4376183748245239,1.5447229146957397,-0.06046747788786888,0.6620790958404541,2.2201879024505615,-0.06122327968478203,0.44063109159469604,2.197089672088623,-0.1399802267551422,0.6660498380661011,2.818098783493042,0.5249084830284119,0.4414949119091034,2.810037612915039,0.2396714985370636,0.670305073261261,2.9299302101135254,0.588149905204773,0.4336041212081909,2.9237499237060547,0.27080580592155457,0.6354238390922546,2.985330104827881,0.31416410207748413,0.4874514937400818,2.979342460632324,-0.05052771419286728
nodd,0.5706712603569031,0.3537306785583496,-0.8530694246292114,0.5824180841445923,0.3045506477355957,-0.783720076084137,0.5936773419380188,0.3051961660385132,-0.7827118039131165,0.604431688785553,0.3066678047180176,-0.7821667790412903,0.5448938012123108,0.3100849390029907,-0.7951035499572754,0.5303735136985779,0.31518304347991943,-0.7947512865066528,0.5153264999389648,0.322182297706604,-0.7943682074546814,0.617766797542572,0.3515979051589966,-0.42106449604034424,0.49356892704963684,0.370211124420166,-0.47439247369766235,0.596121609210968,0.422015905380249,-0.7201173901557922,0.5475789904594421,0.4291493892669678,-0.7359216809272766,0.7301427721977234,0.7442281246185303,-0.2240961790084839,0.39756983518600464,0.7133341431617737,-0.339910089969635,0.8145888447761536,1.1460695266723633,-0.27301132678985596,0.30550670623779297,1.036362886428833,-0.7355132102966309,0.8286619186401367,1.4777659177780151,-0.7302035689353943,0.3619943857192993,1.1407434940338135,-1.4198917150497437,0.8532301187515259,1.610910177230835,-0.8245980143547058,0.34968966245651245,1.1775696277618408,-1.586188554763794,0.8180797100067139,1.6288015842437744,-0.9001065492630005,0.38954001665115356,1.1546858549118042,-1.583584189414978,0.8061513304710388,1.5707632303237915,-0.7854960560798645,0.4020226299762726,1.1468018293380737,-1.450592279434204,0.685600757598877,1.5461329221725464,0.05577549338340759,0.4536292552947998,1.541259527206421,-0.047638315707445145,0.6848331689834595,2.2111763954162598,-0.11695166677236557,0.46486732363700867,2.19470477104187,-0.15515752136707306,0.6837083697319031,2.817068576812744,0.5389453768730164,0.46633315086364746,2.809662342071533,0.25491705536842346,0.6851085424423218,2.92232346534729,0.6078022718429565,0.4601345956325531,2.9201712608337402,0.28678804636001587,0.6554772257804871,2.9970998764038086,0.3192901015281677,0.5091074109077454,2.98667049407959,-0.05856127664446831
nodd,0.5744628310203552,0.3377842903137207,-0.8862905502319336,0.5846060514450073,0.29379820823669434,-0.8151367902755737,0.5949439406394958,0.2955055236816406,-0.8141500949859619,0.6048391461372375,0.297247052192688,-0.8133583664894104,0.5489619374275208,0.2965538501739502,-0.8372993469238281,0.5345856547355652,0.3011329174041748,-0.8369923830032349,0.5200685858726501,0.30697178840637207,-0.8366349935531616,0.6155568957328796,0.3386998176574707,-0.4507593810558319,0.4970809817314148,0.34867382049560547,-0.5507321953773499,0.5982025861740112,0.40474069118499756,-0.7532767057418823,0.5502110123634338,0.4096086025238037,-0.7825260758399963,0.7326202392578125,0.737157940864563,-0.25757771730422974,0.3871040940284729,0.6954486966133118,-0.4343063533306122,0.8190439939498901,1.1463470458984375,-0.27301913499832153,0.21394893527030945,0.9811044931411743,-0.65763258934021,0.8508816957473755,1.5168073177337646,-0.6816105246543884,0.15981614589691162,1.3480784893035889,-1.134144902229309,0.886050283908844,1.6565217971801758,-0.7652015686035156,0.10591360926628113,1.450246810913086,-1.2619428634643555,0.8451970815658569,1.6861318349838257,-0.8507444262504578,0.15463605523109436,1.4722883701324463,-1.3167599439620972,0.831339418888092,1.6244210004806519,-0.7422465085983276,0.178411602973938,1.4385632276535034,-1.1844319105148315,0.668394923210144,1.54585599899292,0.0824032723903656,0.4378858804702759,1.5406851768493652,-0.07377608865499496,0.6632965803146362,2.234898805618286,-0.06270622462034225,0.4397945702075958,2.2173664569854736,-0.18380647897720337,0.6693864464759827,2.8323476314544678,0.4938082993030548,0.44059059023857117,2.8407721519470215,0.1786118447780609,0.6750844717025757,2.9472475051879883,0.553823709487915,0.43225765228271484,2.9579010009765625,0.20806224644184113,0.637621283531189,2.9968056678771973,0.2735971510410309,0.49007755517959595,3.009321689605713,-0.11966469883918762
nodd,0.5730210542678833,0.3334695100784302,-0.870075523853302,0.5835487842559814,0.2922344207763672,-0.7952595949172974,0.5938204526901245,0.294447660446167,-0.7943366169929504,0.6039230227470398,0.29703688621520996,-0.7937235236167908,0.5475087761878967,0.2929571866989136,-0.8130948543548584,0.5328052043914795,0.29685890674591064,-0.8127396106719971,0.5174750089645386,0.30238282680511475,-0.8123308420181274,0.6159000992774963,0.3420804738998413,-0.41258832812309265,0.49416106939315796,0.3480921983718872,-0.49871787428855896,0.5962059497833252,0.402366042137146,-0.7312504649162292,0.5487755537033081,0.40713512897491455,-0.7566934823989868,0.7245299816131592,0.7484560608863831,-0.20740315318107605,0.38148775696754456,0.7052797079086304,-0.3722631633281708,0.8035714626312256,1.1568347215652466,-0.24184124171733856,0.26466402411460876,0.9895565509796143,-0.7908222675323486,0.8276317119598389,1.5003355741500854,-0.6989918351173401,0.30776044726371765,1.1901557445526123,-1.5062191486358643,0.8549262285232544,1.6391147375106812,-0.7897166013717651,0.28809845447540283,1.245922565460205,-1.6764158010482788,0.8198007941246033,1.658172369003296,-0.8720846176147461,0.32996898889541626,1.2293273210525513,-1.6851997375488281,0.8073746562004089,1.5963566303253174,-0.7572323083877563,0.34411972761154175,1.2140452861785889,-1.5420019626617432,0.6639722585678101,1.5513124465942383,0.07550138980150223,0.4311935007572174,1.541182279586792,-0.06717163324356079,0.6681918501853943,2.2183806896209717,-0.1409730315208435,0.4465876519680023,2.197537899017334,-0.22566334903240204,0.6712345480918884,2.84653902053833,0.47911784052848816,0.454067200422287,2.821950912475586,0.1803082525730133,0.6732243895530701,2.961883544921875,0.5433139204978943,0.44944941997528076,2.937361240386963,0.21080629527568817,0.644432008266449,3.0244579315185547,0.23870398104190826,0.49823182821273804,2.997718334197998,-0.15293917059898376
nodd,0.5723698735237122,0.32388412952423096,-0.8961567282676697,0.5842135548591614,0.28482890129089355,-0.8221665620803833,0.5943153500556946,0.28676748275756836,-0.821370542049408,0.6041703820228577,0.28877580165863037,-0.8205128908157349,0.5485938787460327,0.28658854961395264,-0.840259313583374,0.5341762900352478,0.29035723209381104,-0.8399658799171448,0.5197314620018005,0.2944573163986206,-0.8397548198699951,0.6170501112937927,0.33812904357910156,-0.44949451088905334,0.49610233306884766,0.3426065444946289,-0.5326247811317444,0.5962943434715271,0.3969348669052124,-0.7617915272712708,0.5481306314468384,0.40013301372528076,-0.7862983345985413,0.728860080242157,0.7418018579483032,-0.263489305973053,0.38348332047462463,0.694991409778595,-0.4074500799179077,0.8059017658233643,1.151699185371399,-0.3186389207839966,0.2617532014846802,0.9927446842193604,-0.7311074137687683,0.8411527872085571,1.5093337297439575,-0.7800880670547485,0.22665274143218994,1.3846741914749146,-1.3561820983886719,0.8740005493164062,1.6476190090179443,-0.8733599781990051,0.1889195442199707,1.4920988082885742,-1.507441759109497,0.838150143623352,1.674094319343567,-0.9598438143730164,0.23171240091323853,1.495202898979187,-1.5478993654251099,0.8232080936431885,1.6129947900772095,-0.8420630693435669,0.2504543960094452,1.4583054780960083,-1.403698205947876,0.6651456952095032,1.5425180196762085,0.07393451780080795,0.43135443329811096,1.531623125076294,-0.0655454769730568,0.6605144739151001,2.2256336212158203,-0.13234150409698486,0.4369979798793793,2.1967313289642334,-0.1853054314851761,0.6586847305297852,2.8335235118865967,0.4626089036464691,0.4386807680130005,2.820791721343994,0.16681694984436035,0.6609228849411011,2.945474624633789,0.5245723128318787,0.43334531784057617,2.934746742248535,0.19333475828170776,0.627933144569397,3.003492832183838,0.22750413417816162,0.48051297664642334,2.9938220977783203,-0.15290050208568573
nodd,0.5731917023658752,0.3471958637237549,-0.8855273723602295,0.5843145251274109,0.3015317916870117,-0.818103015422821,0.5947087407112122,0.30278146266937256,-0.8172574043273926,0.6047526001930237,0.30457377433776855,-0.8165339827537537,0.5503271222114563,0.3055593967437744,-0.8345842957496643,0.5360578298568726,0.3103194236755371,-0.8343542218208313,0.5220373272895813,0.31633031368255615,-0.8341068029403687,0.6170527338981628,0.34936749935150146,-0.46849140524864197,0.49930495023727417,0.36416518688201904,-0.540127158164978,0.5970246195793152,0.4130610227584839,-0.7577201128005981,0.5495765805244446,0.41888976097106934,-0.7787834405899048,0.7365833520889282,0.7434318661689758,-0.28787243366241455,0.3978181481361389,0.704221248626709,-0.41748836636543274,0.8158302307128906,1.1468007564544678,-0.32594355940818787,0.260076642036438,0.9725726842880249,-0.6467214822769165,0.8441880345344543,1.5060700178146362,-0.7364638447761536,0.1915096640586853,1.3546438217163086,-1.131240963935852,0.8777560591697693,1.640076994895935,-0.8219879865646362,0.13952922821044922,1.4550282955169678,-1.2562307119369507,0.8399989604949951,1.6689205169677734,-0.9051044583320618,0.1822008490562439,1.4762934446334839,-1.3142104148864746,0.8257764577865601,1.6105403900146484,-0.795749306678772,0.20559725165367126,1.442071557044983,-1.183188557624817,0.6720594763755798,1.5352280139923096,0.0672840029001236,0.4449816942214966,1.5282237529754639,-0.05875260382890701,0.6594511270523071,2.22016978263855,-0.09704123437404633,0.4422992467880249,2.1937973499298096,-0.17411381006240845,0.6571012735366821,2.815361261367798,0.46131789684295654,0.43810707330703735,2.809523344039917,0.1872226744890213,0.6616013646125793,2.9240779876708984,0.5202140212059021,0.43099069595336914,2.921359062194824,0.21632437407970428,0.6214503049850464,2.9831271171569824,0.2291157841682434,0.47893455624580383,2.9799978733062744,-0.11324885487556458
nodd,0.5699688196182251,0.35150885581970215,-0.8340279459953308,0.5821449160575867,0.3044731616973877,-0.7661217451095581,0.5933660864830017,0.30489397048950195,-0.765110194683075,0.6032779812812805,0.3061410188674927,-0.764297366142273,0.5449790358543396,0.31142735481262207,-0.7801770567893982,0.530540406703949,0.3170132637023926,-0.7798219919204712,0.5155684351921082,0.32432448863983154,-0.7794418334960938,0.6169230937957764,0.347223162651062,-0.42402124404907227,0.49454227089881897,0.3714238405227661,-0.4826665222644806,0.5945175290107727,0.4171401262283325,-0.7104253172874451,0.5459607839584351,0.4281196594238281,-0.7275857329368591,0.735960066318512,0.7361366152763367,-0.24597714841365814,0.40502774715423584,0.7035918831825256,-0.3691071569919586,0.8119633793830872,1.1288918256759644,-0.22878067195415497,0.2736881375312805,0.9787436127662659,-0.5174899101257324,0.8285194635391235,1.502105474472046,-0.5865802764892578,0.24702659249305725,1.389427661895752,-0.9213463068008423,0.8602889776229858,1.642746925354004,-0.6637529730796814,0.19971385598182678,1.4980964660644531,-1.030655026435852,0.818557858467102,1.6772375106811523,-0.7451313138008118,0.24466463923454285,1.5224772691726685,-1.09322190284729,0.8056619763374329,1.6131137609481812,-0.6430986523628235,0.26607418060302734,1.48204505443573,-0.9721959829330444,0.6758058667182922,1.5220264196395874,0.06956921517848969,0.44798892736434937,1.510961890220642,-0.06122633442282677,0.6642977595329285,2.1992619037628174,-0.09908810257911682,0.447245717048645,2.168701171875,-0.15534192323684692,0.6560187339782715,2.7734127044677734,0.44005855917930603,0.43775010108947754,2.765812873840332,0.16706418991088867,0.658721923828125,2.8819923400878906,0.497975617647171,0.4293513894081116,2.87886905670166,0.19303041696548462,0.623048722743988,2.945040464401245,0.2235993593931198,0.48517411947250366,2.939746379852295,-0.11892014741897583
nodd,0.5717803239822388,0.3650050163269043,-0.9585660696029663,0.5839441418647766,0.3118288516998291,-0.8898311853408813,0.5948507189750671,0.31259262561798096,-0.8888750672340393,0.6053422689437866,0.3136204481124878,-0.8882990479469299,0.5453276634216309,0.3162769079208374,-0.9048112034797668,0.5301041603088379,0.32072722911834717,-0.9044355154037476,0.5144119262695312,0.3268235921859741,-0.904224157333374,0.6178110241889954,0.3527580499649048,-0.5217515230178833,0.49324727058410645,0.3708847761154175,-0.593253493309021,0.5953623652458191,0.4293055534362793,-0.8227494955062866,0.5467216372489929,0.4361412525177002,-0.8437179923057556,0.737998902797699,0.7644793391227722,-0.3225250542163849,0.3854225277900696,0.7066881656646729,-0.44422706961631775,0.8068239688873291,1.1790794134140015,-0.36923500895500183,0.23775804042816162,1.000218152999878,-0.7295447587966919,0.8276793956756592,1.5100276470184326,-0.7988498210906982,0.21464267373085022,1.3709404468536377,-1.3182426691055298,0.855569064617157,1.6403045654296875,-0.8929763436317444,0.1792851686477661,1.4670078754425049,-1.465559720993042,0.8204323649406433,1.6629509925842285,-0.9752740263938904,0.22473469376564026,1.4721952676773071,-1.5040193796157837,0.8081760406494141,1.6047464609146118,-0.8577858805656433,0.24316516518592834,1.4416238069534302,-1.3638023138046265,0.6646656394004822,1.5527551174163818,0.06609990447759628,0.4320007264614105,1.5448476076126099,-0.058074451982975006,0.6556926965713501,2.226703405380249,-0.03480461239814758,0.4330160617828369,2.2006988525390625,-0.22025814652442932,0.6517921686172485,2.8056111335754395,0.6102592349052429,0.4330562353134155,2.8103909492492676,0.19532212615013123,0.6496814489364624,2.9131195545196533,0.6760522723197937,0.4251035749912262,2.923213005065918,0.22662170231342316,0.628905713558197,2.9715776443481445,0.38617268204689026,0.4768916368484497,2.981780529022217,-0.1308048516511917
nodd,0.5712493658065796,0.3908402919769287,-1.0110838413238525,0.5833861231803894,0.3276944160461426,-0.9394599795341492,0.594375729560852,0.3259795904159546,-0.9387747049331665,0.6049074530601501,0.32548367977142334,-0.9382333159446716,0.5432461500167847,0.33822309970855713,-0.9538007974624634,0.5273239016532898,0.34387826919555664,-0.9535220861434937,0.5119438767433167,0.3507683277130127,-0.953249990940094,0.6174608469009399,0.3635774850845337,-0.5433681607246399,0.49371567368507385,0.39076411724090576,-0.6147561073303223,0.5954065322875977,0.45032012462615967,-0.8641590476036072,0.5454898476600647,0.46353447437286377,-0.885437548160553,0.7413113713264465,0.7713931202888489,-0.3247789144515991,0.3945409655570984,0.7345302104949951,-0.4411376416683197,0.8028711676597595,1.1938655376434326,-0.37852033972740173,0.20664870738983154,1.0386064052581787,-0.7487310171127319,0.811062216758728,1.5082324743270874,-0.839206874370575,0.21398207545280457,1.3761637210845947,-1.41290283203125,0.8328808546066284,1.6352301836013794,-0.9412475824356079,0.1822044849395752,1.4659574031829834,-1.5727033615112305,0.8013295531272888,1.6467069387435913,-1.0265254974365234,0.2243444323539734,1.4609121084213257,-1.610302448272705,0.7905213236808777,1.5915700197219849,-0.8982942700386047,0.24198400974273682,1.432791829109192,-1.4582006931304932,0.6823548674583435,1.5740370750427246,0.060248084366321564,0.44504910707473755,1.5743345022201538,-0.05218873172998428,0.6852501630783081,2.219650983810425,-0.08912558108568192,0.45941343903541565,2.215804100036621,-0.23942649364471436,0.6957885026931763,2.816061496734619,0.5860894322395325,0.47221916913986206,2.8230581283569336,0.23356103897094727,0.6973584890365601,2.9256467819213867,0.6541794538497925,0.46921783685684204,2.9289968013763428,0.2693721652030945,0.6724347472190857,2.99375581741333,0.34327855706214905,0.5119951367378235,3.0105643272399902,-0.11126988381147385
nodd,0.5636746883392334,0.41206109523773193,-1.1345014572143555,0.5826367139816284,0.34958887100219727,-1.0708191394805908,0.5950420498847961,0.3502213954925537,-1.0706042051315308,0.6066441535949707,0.35195982456207275,-1.0701651573181152,0.5389199256896973,0.3528062105178833,-1.0813640356063843,0.5224508047103882,0.3555535078048706,-1.0813508033752441,0.5086472630500793,0.35925137996673584,-1.081215739250183,0.6233701109886169,0.38759398460388184,-0.6743327379226685,0.49261683225631714,0.39116084575653076,-0.7329156994819641,0.5888504981994629,0.47090470790863037,-0.9840087294578552,0.5356974005699158,0.4782477617263794,-1.0020802021026611,0.7402414083480835,0.7834135293960571,-0.4373297393321991,0.38417577743530273,0.7122699022293091,-0.5170226097106934,0.7900760173797607,1.2122972011566162,-0.4941076636314392,0.2174329161643982,1.0064367055892944,-0.7628377676010132,0.7870879173278809,1.509946584701538,-0.9351204037666321,0.17490670084953308,1.372741937637329,-1.3653281927108765,0.8035356998443604,1.6304889917373657,-1.0337222814559937,0.14187413454055786,1.4708507061004639,-1.5091603994369507,0.7757900953292847,1.6288666725158691,-1.115537405014038,0.18082773685455322,1.473128080368042,-1.5595754384994507,0.7654617428779602,1.5812519788742065,-0.9901043772697449,0.19862312078475952,1.4435282945632935,-1.4123262166976929,0.6629878878593445,1.5672119855880737,0.058711081743240356,0.4255322813987732,1.5594907999038696,-0.05038364231586456,0.662499189376831,2.2046189308166504,-0.09307946264743805,0.43688464164733887,2.190006732940674,-0.33516451716423035,0.6697643995285034,2.7981719970703125,0.5441253185272217,0.4480055272579193,2.7944064140319824,0.13879750669002533,0.6714048981666565,2.905446767807007,0.6069503426551819,0.4453406035900116,2.8950510025024414,0.17504167556762695,0.6453774571418762,2.9778401851654053,0.2836972773075104,0.480102002620697,2.987049102783203,-0.22427615523338318
nodd,0.5677014589309692,0.44369935989379883,-1.3544636964797974,0.5853054523468018,0.373882532119751,-1.293352484703064,0.5981833338737488,0.3711930513381958,-1.2934584617614746,0.6096099615097046,0.3697882890701294,-1.2932950258255005,0.5395123958587646,0.38177490234375,-1.3037294149398804,0.522639811038971,0.3839768171310425,-1.3039973974227905,0.5092251896858215,0.3867380619049072,-1.3040019273757935,0.6247574090957642,0.3975869417190552,-0.8718288540840149,0.4927715063095093,0.4139249324798584,-0.9300287365913391,0.5948476791381836,0.49592626094818115,-1.1896075010299683,0.5435095429420471,0.5041606426239014,-1.2079153060913086,0.7408023476600647,0.7741868495941162,-0.5752139091491699,0.3792734742164612,0.7265018224716187,-0.6623712778091431,0.7959786653518677,1.203993558883667,-0.6409986019134521,0.22970563173294067,1.1263500452041626,-1.003556489944458,0.7939431071281433,1.4473261833190918,-1.0899125337600708,0.26988324522972107,1.2519659996032715,-1.6723414659500122,0.8064792156219482,1.54641592502594,-1.1947146654129028,0.26382559537887573,1.309065580368042,-1.8325151205062866,0.7866162061691284,1.5319268703460693,-1.270025610923767,0.29790717363357544,1.2841787338256836,-1.850339651107788,0.7745946645736694,1.4980134963989258,-1.1396005153656006,0.30808472633361816,1.2713919878005981,-1.7041809558868408,0.6695595979690552,1.5477564334869385,0.0482371561229229,0.4336869716644287,1.5456891059875488,-0.04092331603169441,0.6679400205612183,2.1242306232452393,-0.07399111241102219,0.44497454166412354,2.1317174434661865,-0.35261669754981995,0.6649594306945801,2.6916470527648926,0.6929462552070618,0.45090752840042114,2.7196006774902344,0.21171440184116364,0.6653280854225159,2.784315586090088,0.7661229968070984,0.4510318636894226,2.8048739433288574,0.2548843026161194,0.6396355032920837,2.879141092300415,0.43189457058906555,0.4703276753425598,2.9255764484405518,-0.18021251261234283
nodd,0.5742515921592712,0.46092987060546875,-1.5008423328399658,0.5880120396614075,0.38740384578704834,-1.445198655128479,0.600413978099823,0.3834550380706787,-1.4454240798950195,0.6116833686828613,0.3808032274246216,-1.445278525352478,0.5432488322257996,0.39739882946014404,-1.4575976133346558,0.5261346697807312,0.3990083932876587,-1.4580142498016357,0.5123394727706909,0.40064382553100586,-1.458068609237671,0.6261127591133118,0.4036273956298828,-1.026203989982605,0.49357590079307556,0.4221113920211792,-1.0894238948822021,0.5987453460693359,0.5133923888206482,-1.3335908651351929,0.5490856766700745,0.5190737843513489,-1.3535759449005127,0.7410796880722046,0.7656565308570862,-0.7006268501281738,0.3794853687286377,0.7150363922119141,-0.7899560332298279,0.8090095520019531,1.203383207321167,-0.7910776138305664,0.25297895073890686,1.1518573760986328,-1.170879602432251,0.7991836071014404,1.3941859006881714,-1.247700572013855,0.30410727858543396,1.1762586832046509,-1.8182810544967651,0.8092568516731262,1.4742690324783325,-1.350203514099121,0.3004189133644104,1.1961994171142578,-1.9689128398895264,0.7909547090530396,1.455949306488037,-1.4061753749847412,0.3298302888870239,1.168662190437317,-1.974022626876831,0.7790725827217102,1.4306766986846924,-1.2885764837265015,0.3407725989818573,1.1671663522720337,-1.8425201177597046,0.670778751373291,1.5155786275863647,0.04181865230202675,0.43964168429374695,1.520407795906067,-0.034774646162986755,0.6753802299499512,2.111654758453369,-0.06581225246191025,0.45762142539024353,2.1316704750061035,-0.2973257005214691,0.6772972941398621,2.6641550064086914,0.7410686612129211,0.46426981687545776,2.703399419784546,0.3094126880168915,0.6807711124420166,2.752711296081543,0.8173859119415283,0.4646358788013458,2.7829861640930176,0.35749760270118713,0.6490715742111206,2.848663568496704,0.4748840630054474,0.4856119751930237,2.906708240509033,-0.07487357407808304
nodd,0.5837022066116333,0.45437169075012207,-1.6060556173324585,0.5955631136894226,0.3783996105194092,-1.554352045059204,0.6061052083969116,0.3743818998336792,-1.5545381307601929,0.6160133481025696,0.37181735038757324,-1.5544718503952026,0.5529811382293701,0.38985443115234375,-1.5722962617874146,0.5351431369781494,0.39198923110961914,-1.5727297067642212,0.5185584425926208,0.39389050006866455,-1.5728118419647217,0.6265420317649841,0.39350438117980957,-1.1329402923583984,0.49605369567871094,0.41115570068359375,-1.2202707529067993,0.6043742299079895,0.5045977234840393,-1.4337929487228394,0.556749701499939,0.5120737552642822,-1.4605541229248047,0.7305938005447388,0.7437800765037537,-0.7704504132270813,0.3732157051563263,0.6954753398895264,-0.912087619304657,0.8074308633804321,1.1893200874328613,-0.8150478601455688,0.23904088139533997,1.0000486373901367,-1.2818882465362549,0.8241459131240845,1.4205524921417236,-1.2421966791152954,0.2751031816005707,1.1441229581832886,-1.888683795928955,0.8407765626907349,1.5087579488754272,-1.3394355773925781,0.2626126706600189,1.1603538990020752,-2.0355701446533203,0.8253066539764404,1.4924507141113281,-1.4117809534072876,0.2860502004623413,1.137083888053894,-2.052927255630493,0.8114189505577087,1.4624115228652954,-1.290027379989624,0.3000659942626953,1.1377798318862915,-1.9163347482681274,0.6528258323669434,1.4779266119003296,0.05198751389980316,0.43307268619537354,1.4770565032958984,-0.04560291767120361,0.660987377166748,2.0574891567230225,0.019507382065057755,0.45064935088157654,2.0730042457580566,-0.16853496432304382,0.6590518951416016,2.611499309539795,0.8227298259735107,0.45771706104278564,2.63735294342041,0.43999913334846497,0.6617058515548706,2.696974754333496,0.8993093967437744,0.4563371539115906,2.7154111862182617,0.48920124769210815,0.632117748260498,2.7933993339538574,0.5698477625846863,0.4844382405281067,2.833158016204834,0.07461240887641907
nodd,0.5669651031494141,0.4706723690032959,-1.5959227085113525,0.5843100547790527,0.3954085111618042,-1.5458656549453735,0.5965184569358826,0.39114058017730713,-1.5461339950561523,0.607927680015564,0.38761115074157715,-1.546210527420044,0.5399600267410278,0.4016987085342407,-1.5572788715362549,0.5238999724388123,0.40121471881866455,-1.5576732158660889,0.5111857652664185,0.40119433403015137,-1.5578263998031616,0.6217869520187378,0.40662646293640137,-1.129014015197754,0.49379968643188477,0.41842901706695557,-1.1873430013656616,0.5913883447647095,0.5238874554634094,-1.4259309768676758,0.5393474102020264,0.5257601141929626,-1.444429874420166,0.7382127046585083,0.7623865604400635,-0.7861787676811218,0.37526416778564453,0.7027291059494019,-0.8587231040000916,0.8072441816329956,1.2066760063171387,-0.7531551122665405,0.19608208537101746,0.9827694296836853,-1.1019850969314575,0.8339263200759888,1.4597421884536743,-1.0496973991394043,0.08248147368431091,1.2656605243682861,-1.681067943572998,0.8528430461883545,1.5492697954177856,-1.1325207948684692,0.03279620409011841,1.3278226852416992,-1.8092375993728638,0.845746636390686,1.5271025896072388,-1.2264443635940552,0.047487497329711914,1.3225328922271729,-1.8847429752349854,0.8299515247344971,1.499572515487671,-1.1021642684936523,0.07549354434013367,1.312624454498291,-1.7336664199829102,0.648264467716217,1.4724982976913452,0.037722982466220856,0.4315125346183777,1.4798452854156494,-0.03145914524793625,0.6728841066360474,2.003246307373047,-0.0522274486720562,0.4628583788871765,2.0472474098205566,-0.2384565770626068,0.676629364490509,2.553058624267578,0.8135225176811218,0.476502925157547,2.6191954612731934,0.4045056104660034,0.676796019077301,2.631514072418213,0.8945958018302917,0.4763012230396271,2.6962172985076904,0.4555908441543579,0.6639083027839661,2.7451694011688232,0.5528870820999146,0.49655231833457947,2.810661792755127,0.01906188391149044
nodd,0.5795533061027527,0.4658527374267578,-1.5968704223632812,0.592000424861908,0.38617265224456787,-1.545432209968567,0.6031017899513245,0.37975502014160156,-1.5457097291946411,0.613479733467102,0.3748033046722412,-1.5457721948623657,0.5484797358512878,0.40290188789367676,-1.5573124885559082,0.530741810798645,0.4060957431793213,-1.5578066110610962,0.5158892869949341,0.40862369537353516,-1.5578830242156982,0.6243958473205566,0.3937472105026245,-1.121206283569336,0.4949779510498047,0.42757320404052734,-1.1818954944610596,0.6029003262519836,0.5157091617584229,-1.4242631196975708,0.5544336438179016,0.5255358219146729,-1.4434691667556763,0.7406337261199951,0.749022364616394,-0.7638800740242004,0.38475409150123596,0.7152366638183594,-0.8557736277580261,0.8120583295822144,1.199580192565918,-0.7541778087615967,0.22997665405273438,1.0110888481140137,-1.2335436344146729,0.808141827583313,1.4247403144836426,-1.0848782062530518,0.2837821841239929,1.1336219310760498,-1.869584083557129,0.8177468776702881,1.5098357200622559,-1.1665078401565552,0.27781906723976135,1.1427364349365234,-2.0141921043395996,0.8047043681144714,1.4864377975463867,-1.2388142347335815,0.3001788258552551,1.1111843585968018,-2.025233507156372,0.791535496711731,1.4618562459945679,-1.1265467405319214,0.31399187445640564,1.1167508363723755,-1.8943043947219849,0.6671811938285828,1.493543028831482,0.03298176825046539,0.44519907236099243,1.4969737529754639,-0.026854215189814568,0.6669320464134216,2.0202112197875977,-0.11310788244009018,0.4536745846271515,2.0342583656311035,-0.276845782995224,0.6546688079833984,2.5856781005859375,0.6921094059944153,0.45819494128227234,2.607225179672241,0.3415314257144928,0.6561973094940186,2.668166160583496,0.7683447003364563,0.45981699228286743,2.6840014457702637,0.39085716009140015,0.6257739067077637,2.780740261077881,0.42990192770957947,0.470962256193161,2.809941530227661,-0.03607172518968582
nodd,0.5687622427940369,0.4746304750442505,-1.4946260452270508,0.5872847437858582,0.40101587772369385,-1.4397903680801392,0.5993236899375916,0.39719486236572266,-1.4400626420974731,0.6108040809631348,0.3944277763366699,-1.440008521080017,0.5414448976516724,0.4080941677093506,-1.452045202255249,0.5243679881095886,0.4076812267303467,-1.4524354934692383,0.5105905532836914,0.4070403575897217,-1.4526458978652954,0.6264104843139648,0.4145817756652832,-1.0207548141479492,0.4920833110809326,0.42006945610046387,-1.0846089124679565,0.5935043096542358,0.5284318923950195,-1.3262540102005005,0.5399690866470337,0.5302795171737671,-1.3461359739303589,0.7381289005279541,0.7640784382820129,-0.7056351900100708,0.37925422191619873,0.6953263878822327,-0.7775274515151978,0.7992116808891296,1.2066856622695923,-0.7758097648620605,0.21383637189865112,0.9992566108703613,-1.0228060483932495,0.7924392223358154,1.3725154399871826,-1.1750843524932861,0.16364893317222595,1.2881585359573364,-1.5869110822677612,0.8007514476776123,1.444043517112732,-1.2731273174285889,0.12905696034431458,1.357419490814209,-1.718367338180542,0.7911785840988159,1.4195226430892944,-1.3440961837768555,0.15082776546478271,1.3492335081100464,-1.7754179239273071,0.7803962230682373,1.3958542346954346,-1.2213882207870483,0.17174232006072998,1.3320198059082031,-1.6308447122573853,0.6560757160186768,1.5056753158569336,0.049172211438417435,0.4306349754333496,1.503348708152771,-0.04243453964591026,0.6548813581466675,2.070450782775879,-0.008641542866826057,0.44249099493026733,2.054266929626465,-0.40575525164604187,0.6447398066520691,2.6080145835876465,0.8217751383781433,0.4456480145454407,2.633450508117676,0.1817474365234375,0.6436511278152466,2.6916332244873047,0.8996678590774536,0.44467079639434814,2.713625192642212,0.22779610753059387,0.623738169670105,2.7915890216827393,0.5653312802314758,0.46284186840057373,2.8303098678588867,-0.2132292240858078
nodd,0.5677241683006287,0.46519792079925537,-1.4924424886703491,0.583374559879303,0.3908182382583618,-1.433595895767212,0.5957997441291809,0.3865029811859131,-1.4332607984542847,0.6074877381324768,0.383145809173584,-1.432861328125,0.5383682250976562,0.39893150329589844,-1.443028450012207,0.5214546918869019,0.3989790678024292,-1.4429819583892822,0.5082851648330688,0.39935529232025146,-1.4428399801254272,0.6243337988853455,0.40266966819763184,-1.0282765626907349,0.49163806438446045,0.41821765899658203,-1.077908992767334,0.5932176113128662,0.5171183943748474,-1.3348530530929565,0.5431574583053589,0.5205284357070923,-1.3501306772232056,0.7435213327407837,0.7596390843391418,-0.7296050190925598,0.3768188953399658,0.7151623368263245,-0.7924485802650452,0.8164182901382446,1.2228857278823853,-0.7573503851890564,0.24223649501800537,1.167436957359314,-1.0401384830474854,0.8237504959106445,1.4964951276779175,-1.1466630697250366,0.2434970736503601,1.3831511735916138,-1.6156666278839111,0.8434277772903442,1.6073437929153442,-1.2432111501693726,0.217317134141922,1.464815616607666,-1.7536265850067139,0.8167360424995422,1.6072802543640137,-1.3172353506088257,0.25452741980552673,1.4530328512191772,-1.796454668045044,0.8051111102104187,1.5592564344406128,-1.1958359479904175,0.2708297669887543,1.4269155263900757,-1.6563836336135864,0.6692960262298584,1.5090864896774292,0.041070111095905304,0.43409350514411926,1.505293369293213,-0.03384106233716011,0.6584057807922363,2.137831211090088,-0.08690408617258072,0.4360719323158264,2.1196095943450928,-0.3207704722881317,0.6493139266967773,2.647787094116211,0.7034186124801636,0.4323510527610779,2.677612543106079,0.22238384187221527,0.6510403156280518,2.7411043643951416,0.781764805316925,0.42954403162002563,2.7699854373931885,0.2656291723251343,0.6153159141540527,2.8192367553710938,0.4660857319831848,0.45937225222587585,2.8648672103881836,-0.14007103443145752
nodd,0.577589213848114,0.440970778465271,-1.3973819017410278,0.5913586020469666,0.3655741214752197,-1.3317041397094727,0.6032092571258545,0.3627225160598755,-1.3316705226898193,0.6141573190689087,0.36136317253112793,-1.3313976526260376,0.5478929877281189,0.3751339912414551,-1.3461447954177856,0.5303046107292175,0.3774970769882202,-1.3462225198745728,0.5152862071990967,0.37990570068359375,-1.346099615097046,0.6278024911880493,0.3898348808288574,-0.891261100769043,0.49496927857398987,0.40569567680358887,-0.9695824980735779,0.6006542444229126,0.4955543279647827,-1.226421594619751,0.5511175990104675,0.5044727325439453,-1.2504891157150269,0.747096598148346,0.7748535871505737,-0.5806068181991577,0.3758596181869507,0.7191340923309326,-0.6968027353286743,0.8060272932052612,1.2303667068481445,-0.619297206401825,0.2124534547328949,1.1611624956130981,-1.0373256206512451,0.8065122365951538,1.5129643678665161,-1.0587295293807983,0.229762464761734,1.3143784999847412,-1.7262414693832397,0.8213927149772644,1.630507230758667,-1.1550512313842773,0.212263822555542,1.3778457641601562,-1.8853899240493774,0.7981891632080078,1.621225118637085,-1.2339556217193604,0.24932649731636047,1.357954502105713,-1.9125924110412598,0.7868651151657104,1.5763216018676758,-1.109201431274414,0.2636585831642151,1.341762661933899,-1.7623709440231323,0.6709961891174316,1.5665777921676636,0.06473997980356216,0.42737048864364624,1.5656245946884155,-0.057101570069789886,0.6738901138305664,2.184582471847534,-0.04679315909743309,0.44246822595596313,2.182561159133911,-0.4543326795101166,0.6725542545318604,2.7488484382629395,0.7792420387268066,0.44665104150772095,2.789534091949463,0.11859709024429321,0.6718766689300537,2.84971284866333,0.8586997985839844,0.4433540105819702,2.884134531021118,0.16213592886924744,0.654295802116394,2.9349799156188965,0.5249021649360657,0.480538010597229,2.9969756603240967,-0.292388916015625
nodd,0.5779134631156921,0.4325697422027588,-1.3863019943237305,0.5916627645492554,0.36192381381988525,-1.3224784135818481,0.6028557419776917,0.359234094619751,-1.3225905895233154,0.6135795712471008,0.35785090923309326,-1.3223828077316284,0.5490268468856812,0.3721446990966797,-1.3381434679031372,0.5318043231964111,0.37534117698669434,-1.3384100198745728,0.5155973434448242,0.37864744663238525,-1.3384060859680176,0.6260477900505066,0.38472235202789307,-0.8909379243850708,0.4951901137828827,0.4059634208679199,-0.9716041684150696,0.6010289788246155,0.48779940605163574,-1.2179116010665894,0.5517603754997253,0.49723732471466064,-1.242426872253418,0.7469362020492554,0.7700427770614624,-0.5703709125518799,0.38533616065979004,0.7299463152885437,-0.7084794044494629,0.8126698732376099,1.216018795967102,-0.6062829494476318,0.24998509883880615,1.1628565788269043,-1.013805866241455,0.8185042142868042,1.5024378299713135,-1.0670199394226074,0.25770092010498047,1.3471111059188843,-1.6676466464996338,0.8344933986663818,1.6122331619262695,-1.1653825044631958,0.242914617061615,1.4210491180419922,-1.824586272239685,0.8137060403823853,1.600640058517456,-1.2508981227874756,0.27256840467453003,1.3963186740875244,-1.8601881265640259,0.7997995615005493,1.561424970626831,-1.119933843612671,0.2860598862171173,1.3761588335037231,-1.7050789594650269,0.676264762878418,1.549436330795288,0.06821854412555695,0.440340518951416,1.5486048460006714,-0.06125381588935852,0.6728506088256836,2.1582088470458984,0.0010616207728162408,0.45001420378685,2.1382553577423096,-0.3803216516971588,0.6623123288154602,2.705498695373535,0.8538233041763306,0.4509461522102356,2.7369585037231445,0.1767926663160324,0.6611236333847046,2.794227123260498,0.9366086721420288,0.449306845664978,2.8223719596862793,0.22008953988552094,0.6426964402198792,2.900120258331299,0.6194099187850952,0.47827380895614624,2.9501795768737793,-0.21661202609539032
nodd,0.5696236491203308,0.4226241111755371,-1.2565643787384033,0.5859651565551758,0.353373646736145,-1.1927697658538818,0.5978749394416809,0.3510798215866089,-1.1926319599151611,0.6089105606079102,0.34978044033050537,-1.192275881767273,0.5420053601264954,0.36187517642974854,-1.202628493309021,0.5252198576927185,0.3642768859863281,-1.2027523517608643,0.5108867287635803,0.3667682409286499,-1.2026735544204712,0.6225939989089966,0.37868940830230713,-0.7723384499549866,0.49379488825798035,0.3935903310775757,-0.8258734941482544,0.594917893409729,0.4744241237640381,-1.0942623615264893,0.5425441265106201,0.4839060306549072,-1.1108849048614502,0.7422918677330017,0.7595730423927307,-0.48624444007873535,0.38718801736831665,0.7137405872344971,-0.5654940009117126,0.7817627191543579,1.173490047454834,-0.44928210973739624,0.22095683217048645,1.0118775367736816,-0.8269716501235962,0.7630534172058105,1.4479010105133057,-0.8215110898017883,0.19846060872077942,1.3655309677124023,-1.4960310459136963,0.7713112831115723,1.5626864433288574,-0.9081490635871887,0.17325448989868164,1.4573516845703125,-1.6461691856384277,0.7503892779350281,1.5508439540863037,-0.9978665709495544,0.207060307264328,1.4384442567825317,-1.6990278959274292,0.7419142127037048,1.5089446306228638,-0.8736671209335327,0.22339275479316711,1.4124888181686401,-1.542790174484253,0.6692625284194946,1.5548206567764282,0.05514327809214592,0.42968589067459106,1.5567227602005005,-0.047295503318309784,0.6691509485244751,2.174849271774292,-0.09008660167455673,0.4379175305366516,2.168076992034912,-0.380903035402298,0.6699114441871643,2.738241672515869,0.6710959672927856,0.4461503028869629,2.7881994247436523,0.08476149290800095,0.6723002195358276,2.8330230712890625,0.7476999759674072,0.4451366066932678,2.8833842277526855,0.12074139714241028,0.643867015838623,2.925138473510742,0.4354270100593567,0.47456035017967224,2.9887828826904297,-0.3026277422904968
nodd,0.5553150177001953,0.4202932119369507,-1.1493686437606812,0.5748334527015686,0.3549729585647583,-1.0894215106964111,0.5885087251663208,0.3534860610961914,-1.0888571739196777,0.601032018661499,0.3533726930618286,-1.0883378982543945,0.5292174220085144,0.3643674850463867,-1.0937588214874268,0.5134859681129456,0.36815452575683594,-1.0936388969421387,0.5010496973991394,0.3724799156188965,-1.0934373140335083,0.6209962368011475,0.3857976198196411,-0.7127588987350464,0.48770633339881897,0.40647590160369873,-0.7376263737678528,0.5849566459655762,0.4744856357574463,-1.0063403844833374,0.5317763090133667,0.4868910312652588,-1.0141159296035767,0.7473883628845215,0.768032968044281,-0.482826292514801,0.3960097134113312,0.7301416993141174,-0.5228679180145264,0.7996085286140442,1.2091580629348755,-0.49750545620918274,0.23143821954727173,1.1246408224105835,-0.7839086055755615,0.8022745251655579,1.5133243799209595,-0.888119637966156,0.19194844365119934,1.3535473346710205,-1.4200433492660522,0.8227097988128662,1.637531042098999,-0.9830212593078613,0.15399762988090515,1.4416587352752686,-1.5662343502044678,0.7931886911392212,1.643101453781128,-1.068326473236084,0.19265738129615784,1.4415346384048462,-1.6198850870132446,0.7826799750328064,1.590763807296753,-0.9439437389373779,0.21337515115737915,1.4152227640151978,-1.4712673425674438,0.6779325604438782,1.56427001953125,0.04723415523767471,0.43734169006347656,1.5581064224243164,-0.03886944800615311,0.6599586606025696,2.229055404663086,-0.03997870907187462,0.431995689868927,2.2001917362213135,-0.23430848121643066,0.6506447792053223,2.7957496643066406,0.6480556726455688,0.42664197087287903,2.7918572425842285,0.23895268142223358,0.6522836089134216,2.898303508758545,0.7178238034248352,0.4207760691642761,2.8926544189453125,0.2771209180355072,0.615356981754303,2.974277973175049,0.4063217043876648,0.45965707302093506,2.980830669403076,-0.10183794796466827
nodd,0.564415693283081,0.4115931987762451,-1.1372090578079224,0.5821618437767029,0.3442610502243042,-1.0724976062774658,0.5950708389282227,0.3426356315612793,-1.0720465183258057,0.6067150235176086,0.34223437309265137,-1.0715254545211792,0.5376747846603394,0.3529704809188843,-1.0824960470199585,0.5208054780960083,0.3570139408111572,-1.0823256969451904,0.5069844722747803,0.3614581823348999,-1.0821740627288818,0.622905969619751,0.37592506408691406,-0.673856794834137,0.4910098910331726,0.39409470558166504,-0.7277536988258362,0.591982901096344,0.46838581562042236,-0.9857291579246521,0.5390987396240234,0.47709882259368896,-1.0022845268249512,0.742286741733551,0.7708682417869568,-0.4218474328517914,0.38828837871551514,0.718256413936615,-0.516470193862915,0.8090286254882812,1.1938250064849854,-0.45307794213294983,0.21774420142173767,1.011592984199524,-0.8091947436332703,0.8139354586601257,1.5112165212631226,-0.9051065444946289,0.21538513898849487,1.3713250160217285,-1.4958744049072266,0.8320661187171936,1.6433379650115967,-1.0060471296310425,0.18971318006515503,1.463487982749939,-1.6586607694625854,0.8019596338272095,1.6451202630996704,-1.095083475112915,0.22739776968955994,1.4514116048812866,-1.7000154256820679,0.7926064729690552,1.5901190042495728,-0.9636973142623901,0.24302250146865845,1.4244304895401,-1.541900873184204,0.670891284942627,1.573109745979309,0.059064533561468124,0.4297838807106018,1.5672441720962524,-0.05086502432823181,0.6698934435844421,2.2289764881134033,-0.06250245124101639,0.4394276738166809,2.2119059562683105,-0.2939494252204895,0.6755029559135437,2.8145840167999268,0.614498496055603,0.4497091770172119,2.817673683166504,0.17079538106918335,0.6757276654243469,2.9221489429473877,0.6812456250190735,0.4446333646774292,2.9196786880493164,0.2055930197238922,0.6529858112335205,2.988117218017578,0.36056363582611084,0.48956313729286194,3.008502960205078,-0.19184274971485138
nodd,0.5657070875167847,0.3936046361923218,-1.0231826305389404,0.5816571712493896,0.33239424228668213,-0.9567879438400269,0.5944263339042664,0.33159589767456055,-0.9560715556144714,0.6060189008712769,0.33198869228363037,-0.9555522203445435,0.5391315817832947,0.34066522121429443,-0.9667170643806458,0.522882878780365,0.3455054759979248,-0.9664230346679688,0.5085118412971497,0.3511364459991455,-0.9662031531333923,0.6213775277137756,0.36968111991882324,-0.58250492811203,0.4908897578716278,0.3919243812561035,-0.6329138875007629,0.5918989777565002,0.45489275455474854,-0.8839964270591736,0.5392308235168457,0.4669710397720337,-0.899101734161377,0.7460349798202515,0.7677685618400574,-0.3737770915031433,0.39375802874565125,0.722252607345581,-0.4629552364349365,0.8143783807754517,1.1940321922302246,-0.40659481287002563,0.22968557476997375,1.1135947704315186,-0.7908065915107727,0.8324905633926392,1.5343884229660034,-0.8330363035202026,0.20824727416038513,1.3091768026351929,-1.474618911743164,0.8573184013366699,1.6718113422393799,-0.9319650530815125,0.17468267679214478,1.3911423683166504,-1.6368414163589478,0.824649453163147,1.6846033334732056,-1.0211478471755981,0.21603968739509583,1.383790373802185,-1.6720094680786133,0.8135600686073303,1.6251229047775269,-0.8934410214424133,0.23444649577140808,1.360904335975647,-1.520652174949646,0.6792494654655457,1.572382926940918,0.05341270565986633,0.44229990243911743,1.5631235837936401,-0.045326169580221176,0.66573166847229,2.226775884628296,-0.02154114842414856,0.43957775831222534,2.1968023777008057,-0.1650516837835312,0.6572639346122742,2.794095277786255,0.6902726888656616,0.43688756227493286,2.7850351333618164,0.317192405462265,0.6572690606117249,2.8979697227478027,0.7627615928649902,0.4306800365447998,2.8899412155151367,0.3554045259952545,0.625731348991394,2.963876247406006,0.4683704972267151,0.4719483256340027,2.9621386528015137,-0.0070585208013653755
nodd,0.5747227072715759,0.3897446393966675,-1.039681077003479,0.587678849697113,0.33186089992523193,-0.9719317555427551,0.5988581776618958,0.33208656311035156,-0.971446692943573,0.6092854142189026,0.33306920528411865,-0.9709101915359497,0.5480034351348877,0.3371948003768921,-0.987548828125,0.5323998332023621,0.34113597869873047,-0.9874194264411926,0.5167410969734192,0.34626173973083496,-0.9872626662254333,0.6205412149429321,0.37205934524536133,-0.5822086930274963,0.49741700291633606,0.38494908809661865,-0.6597914099693298,0.5989270806312561,0.45221853256225586,-0.8929449319839478,0.5470782518386841,0.4599344730377197,-0.916103184223175,0.7379770278930664,0.7593889832496643,-0.3610011339187622,0.38890331983566284,0.7208701968193054,-0.48240646719932556,0.8089939951896667,1.149588704109192,-0.41816475987434387,0.2102419137954712,1.0138444900512695,-0.7740684151649475,0.8177708983421326,1.4845811128616333,-0.8718312978744507,0.20372700691223145,1.3820055723190308,-1.3987390995025635,0.8391097784042358,1.6175813674926758,-0.9716524481773376,0.17221349477767944,1.48308527469635,-1.5509661436080933,0.8074089884757996,1.6294162273406982,-1.0528208017349243,0.21086764335632324,1.4794858694076538,-1.5974338054656982,0.7963720560073853,1.575528621673584,-0.9285576939582825,0.2279696762561798,1.4487093687057495,-1.4463119506835938,0.6739915013313293,1.5589488744735718,0.06758610904216766,0.4394530653953552,1.5608394145965576,-0.05941023677587509,0.6733779907226562,2.221015691757202,-0.03281443566083908,0.4480431079864502,2.2014732360839844,-0.29135286808013916,0.6783015727996826,2.8087878227233887,0.645164966583252,0.45645931363105774,2.8191909790039062,0.15205471217632294,0.6792420148849487,2.914217948913574,0.7132329344749451,0.45019498467445374,2.9222633838653564,0.1863570511341095,0.6577878594398499,2.984302520751953,0.4045715630054474,0.5003204345703125,3.007068634033203,-0.19794541597366333
nodd,0.574256420135498,0.38552796840667725,-1.005703330039978,0.5886878967285156,0.32631194591522217,-0.9372997879981995,0.6001816391944885,0.3263223171234131,-0.9366017580032349,0.6108630299568176,0.3271598815917969,-0.9358769655227661,0.5472637414932251,0.3324897289276123,-0.9528135061264038,0.5308391451835632,0.3372197151184082,-0.9526017308235168,0.5145114660263062,0.3432295322418213,-0.9523246884346008,0.6248470544815063,0.36540770530700684,-0.5603525042533875,0.49492064118385315,0.38334035873413086,-0.6351195573806763,0.5982767343521118,0.4483405351638794,-0.8663160800933838,0.5463851094245911,0.4573906660079956,-0.8884562253952026,0.738716721534729,0.7666050791740417,-0.346791535615921,0.39254504442214966,0.715979814529419,-0.47857213020324707,0.8085126876831055,1.192164421081543,-0.3954009413719177,0.24093541502952576,1.006739854812622,-0.7836723327636719,0.8281964063644409,1.5380454063415527,-0.8557605147361755,0.22129574418067932,1.3652191162109375,-1.431040644645691,0.8559121489524841,1.6723660230636597,-0.9548689723014832,0.18418896198272705,1.4614864587783813,-1.5881279706954956,0.821938157081604,1.689662218093872,-1.0414701700210571,0.22695621848106384,1.4609469175338745,-1.6282094717025757,0.8086535334587097,1.6316360235214233,-0.9163347482681274,0.24634137749671936,1.4311996698379517,-1.4776362180709839,0.6748400926589966,1.5629432201385498,0.06980721652507782,0.43996018171310425,1.5483688116073608,-0.06141598895192146,0.6586015224456787,2.2157187461853027,-0.08084498345851898,0.43468013405799866,2.1712334156036377,-0.2094055712223053,0.648317277431488,2.807572841644287,0.5948491096496582,0.42761725187301636,2.776768684387207,0.22692406177520752,0.6508866548538208,2.9168007373809814,0.6654744148254395,0.4208601713180542,2.885554313659668,0.26226431131362915,0.6133044958114624,2.9821033477783203,0.3712642788887024,0.46642857789993286,2.9551310539245605,-0.09569941461086273
nodd,0.5701380372047424,0.3947352170944214,-1.0780601501464844,0.5849385857582092,0.3348435163497925,-1.009488821029663,0.5964364409446716,0.33547019958496094,-1.0088260173797607,0.6074512004852295,0.33690202236175537,-1.0083515644073486,0.5438112020492554,0.33979320526123047,-1.0229008197784424,0.5284023284912109,0.344246506690979,-1.022653579711914,0.513427197933197,0.34990012645721436,-1.0224963426589966,0.6234304308891296,0.3746222257614136,-0.6111299991607666,0.4952871799468994,0.38854146003723145,-0.6791825890541077,0.5952448844909668,0.4536246061325073,-0.9281848669052124,0.543290376663208,0.46088218688964844,-0.9485095143318176,0.7414891123771667,0.7694668173789978,-0.3695865273475647,0.39001476764678955,0.720961332321167,-0.48814302682876587,0.822075605392456,1.1852104663848877,-0.383749395608902,0.21160948276519775,1.0085889101028442,-0.7765911221504211,0.8489592671394348,1.521435022354126,-0.8167087435722351,0.18356013298034668,1.3711093664169312,-1.4314566850662231,0.8755125999450684,1.6546581983566284,-0.915585994720459,0.14870020747184753,1.4632694721221924,-1.5866578817367554,0.844340980052948,1.6652461290359497,-1.0083484649658203,0.1868438720703125,1.4625461101531982,-1.6397545337677002,0.8318016529083252,1.6100773811340332,-0.8784074783325195,0.20565012097358704,1.4358984231948853,-1.4830710887908936,0.6736936569213867,1.5739004611968994,0.06476382166147232,0.43579885363578796,1.5705312490463257,-0.05652834475040436,0.6666073799133301,2.2422678470611572,-0.004605994559824467,0.43822717666625977,2.2194550037384033,-0.2620411515235901,0.6648002862930298,2.83443284034729,0.6939900517463684,0.4418123662471771,2.8279497623443604,0.2166614681482315,0.6620644330978394,2.9417214393615723,0.7622349858283997,0.4333043098449707,2.931842565536499,0.2522183954715729,0.6464277505874634,3.0033109188079834,0.44651538133621216,0.48687416315078735,3.011622428894043,-0.14291095733642578
nodd,0.5685145258903503,0.39673399925231934,-1.02224862575531,0.5835031270980835,0.3349391222000122,-0.9561842083930969,0.5955207943916321,0.33473753929138184,-0.9554914236068726,0.6067075133323669,0.33531081676483154,-0.9549611806869507,0.5414848327636719,0.3415294885635376,-0.9675082564353943,0.5255250334739685,0.34638822078704834,-0.9672778248786926,0.5105450749397278,0.35216450691223145,-0.9669994115829468,0.623438835144043,0.37018561363220215,-0.582227885723114,0.4938386082649231,0.3890104293823242,-0.6393072009086609,0.5945384502410889,0.45605671405792236,-0.8827723264694214,0.5426701307296753,0.4630244970321655,-0.8996925354003906,0.7378901243209839,0.7597622871398926,-0.3634101152420044,0.3923811912536621,0.7139256000518799,-0.474505215883255,0.810077965259552,1.175845742225647,-0.4187205731868744,0.24850410223007202,0.9966713786125183,-0.8021247386932373,0.8266953229904175,1.4963091611862183,-0.8897109031677246,0.2777150273323059,1.2883745431900024,-1.4706443548202515,0.8511075973510742,1.626386284828186,-0.9951897263526917,0.2614421844482422,1.3657004833221436,-1.636289119720459,0.8169268369674683,1.6386955976486206,-1.0786254405975342,0.3042037785053253,1.3472464084625244,-1.65878164768219,0.8051667809486389,1.5823019742965698,-0.9484816789627075,0.3160727620124817,1.325305461883545,-1.509685754776001,0.6718265414237976,1.5506129264831543,0.05632953718304634,0.43786969780921936,1.5424408912658691,-0.04833558201789856,0.6590272784233093,2.2120838165283203,-0.09365302324295044,0.4352198839187622,2.1936564445495605,-0.21218115091323853,0.6494860649108887,2.7945175170898438,0.5298781991004944,0.43134188652038574,2.7782554626464844,0.2320440709590912,0.649355947971344,2.901010751724243,0.5934643745422363,0.4250250458717346,2.8811120986938477,0.2663843631744385,0.6197353601455688,2.965811252593994,0.2900000512599945,0.46785035729408264,2.959700584411621,-0.09586229175329208
nodd,0.5727106332778931,0.39977312088012695,-1.1145888566970825,0.5878174304962158,0.3387303352355957,-1.0473672151565552,0.5987712144851685,0.3393462896347046,-1.0469508171081543,0.609800398349762,0.3407552242279053,-1.0464736223220825,0.546830415725708,0.3418983221054077,-1.0604056119918823,0.5309370160102844,0.3452000617980957,-1.0602399110794067,0.5152928233146667,0.3496347665786743,-1.0600900650024414,0.6245726943016052,0.37764203548431396,-0.6390130519866943,0.49491122364997864,0.3842024803161621,-0.7100146412849426,0.5962569117546082,0.4585380554199219,-0.9594752788543701,0.5443928241729736,0.4635305404663086,-0.98097825050354,0.7353050708770752,0.7690125107765198,-0.39915117621421814,0.3851892948150635,0.7103615999221802,-0.5062898397445679,0.7915886640548706,1.1786049604415894,-0.45672231912612915,0.21171808242797852,1.00016450881958,-0.8606097102165222,0.8075223565101624,1.466550350189209,-0.9178389310836792,0.17985305190086365,1.2973917722702026,-1.5932283401489258,0.8265170454978943,1.5912933349609375,-1.022135853767395,0.14667895436286926,1.3796916007995605,-1.7602460384368896,0.8017213344573975,1.5895425081253052,-1.1102954149246216,0.1812622845172882,1.3704043626785278,-1.8050024509429932,0.7918275594711304,1.5377697944641113,-0.9778124690055847,0.20019832253456116,1.3490170240402222,-1.6426243782043457,0.6622645854949951,1.5672540664672852,0.06210837513208389,0.4222283959388733,1.5570590496063232,-0.05374129116535187,0.6610723733901978,2.206130027770996,-0.08976700901985168,0.42991018295288086,2.1896049976348877,-0.33088505268096924,0.6679002642631531,2.807709217071533,0.5804976224899292,0.44189921021461487,2.8062896728515625,0.14083267748355865,0.6686807870864868,2.916954517364502,0.6468392610549927,0.43726956844329834,2.9095396995544434,0.17637871205806732,0.6434622406959534,2.980628252029419,0.32089442014694214,0.47956401109695435,2.9950709342956543,-0.23158104717731476
nodd,0.5675269961357117,0.40701985359191895,-1.1035624742507935,0.5834881067276001,0.34321415424346924,-1.0424143075942993,0.5954815745353699,0.3429213762283325,-1.0419756174087524,0.6067731976509094,0.3432493209838867,-1.0414265394210815,0.5410938262939453,0.34752511978149414,-1.050774335861206,0.5247679948806763,0.3505643606185913,-1.0506170988082886,0.510596752166748,0.3543236255645752,-1.0505223274230957,0.6234169602394104,0.3765144348144531,-0.6646655797958374,0.4930744171142578,0.3868952989578247,-0.7104201912879944,0.5933025479316711,0.4635024070739746,-0.9603874683380127,0.5416218042373657,0.46834707260131836,-0.9744048118591309,0.7370089292526245,0.7630621790885925,-0.4499015510082245,0.38781309127807617,0.7096070647239685,-0.5014875531196594,0.7965493202209473,1.1710976362228394,-0.5095107555389404,0.2004641890525818,0.9945268630981445,-0.7933677434921265,0.7960928678512573,1.4624906778335571,-0.9316103458404541,0.15395590662956238,1.3092856407165527,-1.439905047416687,0.8122881650924683,1.5865328311920166,-1.030159592628479,0.11685138940811157,1.3910906314849854,-1.5867058038711548,0.783940315246582,1.5874781608581543,-1.105909824371338,0.15047889947891235,1.3836908340454102,-1.6340442895889282,0.7750569581985474,1.5364402532577515,-0.9854781031608582,0.17047518491744995,1.3608399629592896,-1.488907814025879,0.663079023361206,1.5532095432281494,0.048924438655376434,0.4248986840248108,1.5485464334487915,-0.04067080840468407,0.6512641906738281,2.2116634845733643,-0.046113722026348114,0.42729586362838745,2.195671796798706,-0.24136723577976227,0.6497538685798645,2.7917580604553223,0.5907891988754272,0.42908787727355957,2.7837319374084473,0.2116347700357437,0.6492534279823303,2.897334575653076,0.6544802784919739,0.4227314889431,2.881503105163574,0.24720202386379242,0.6244426965713501,2.9607841968536377,0.33881205320358276,0.46589499711990356,2.9697389602661133,-0.13038448989391327
nodd,0.5663537979125977,0.4070028066635132,-1.103313684463501,0.5829259157180786,0.3434476852416992,-1.0433496236801147,0.5946429967880249,0.3433666229248047,-1.0431417226791382,0.6056199669837952,0.34407472610473633,-1.0427463054656982,0.5410864949226379,0.34713995456695557,-1.0499659776687622,0.5252515077590942,0.3494529724121094,-1.0498950481414795,0.511548638343811,0.35245847702026367,-1.049878716468811,0.6207480430603027,0.3778942823410034,-0.657086968421936,0.49412429332733154,0.38343656063079834,-0.6976171731948853,0.5919608473777771,0.4623297452926636,-0.9552901983261108,0.5402463674545288,0.46602702140808105,-0.9679976105690002,0.732688307762146,0.7617655992507935,-0.44547271728515625,0.3863522410392761,0.7081419229507446,-0.46688008308410645,0.7858273386955261,1.1669368743896484,-0.5166763663291931,0.20909100770950317,0.9760740399360657,-0.7900258898735046,0.769199550151825,1.4563566446304321,-0.9439533948898315,0.11896631121635437,1.2633377313613892,-1.4950275421142578,0.7784518599510193,1.5799801349639893,-1.045253872871399,0.07841229438781738,1.339263916015625,-1.6483405828475952,0.7532163262367249,1.5727651119232178,-1.1212868690490723,0.10564583539962769,1.3308583498001099,-1.702156662940979,0.746073842048645,1.5245667695999146,-0.9963481426239014,0.12698039412498474,1.3115737438201904,-1.5476349592208862,0.6583646535873413,1.5521488189697266,0.03944052383303642,0.42271092534065247,1.5508174896240234,-0.031312234699726105,0.656493067741394,2.1959335803985596,-0.06558478623628616,0.43051260709762573,2.181986093521118,-0.2876130938529968,0.6659702062606812,2.7743024826049805,0.6177065372467041,0.4453909695148468,2.7889840602874756,0.19234254956245422,0.6667575836181641,2.8734779357910156,0.6844626665115356,0.44266390800476074,2.8851542472839355,0.2292180061340332,0.6422088742256165,2.947086811065674,0.3593618869781494,0.47480309009552,2.9760236740112305,-0.1697128862142563
nodd,0.5670241117477417,0.42201268672943115,-1.1382986307144165,0.582970142364502,0.35058844089508057,-1.0776000022888184,0.5961979627609253,0.34857964515686035,-1.0771219730377197,0.6076653003692627,0.34758734703063965,-1.0765483379364014,0.5381588935852051,0.3614448308944702,-1.0853867530822754,0.5212528109550476,0.36572301387786865,-1.0852487087249756,0.5069941878318787,0.3703101873397827,-1.0850791931152344,0.624810516834259,0.37967467308044434,-0.6991429328918457,0.4899486303329468,0.4035695791244507,-0.7439204454421997,0.5934006571769714,0.4754122495651245,-0.9943903684616089,0.5423253178596497,0.4865138530731201,-1.0079717636108398,0.7452890872955322,0.7627430558204651,-0.4740707576274872,0.3920523524284363,0.7173689603805542,-0.5400885343551636,0.802321195602417,1.1970643997192383,-0.5490925312042236,0.22208619117736816,1.0019789934158325,-0.8586052656173706,0.8076984882354736,1.530774474143982,-1.0023983716964722,0.2032812535762787,1.3176838159561157,-1.5361676216125488,0.8271738290786743,1.6671380996704102,-1.1057687997817993,0.17399188876152039,1.4029922485351562,-1.6956239938735962,0.7958003282546997,1.6719633340835571,-1.1869460344314575,0.21205610036849976,1.392977237701416,-1.7323473691940308,0.7859353423118591,1.6147979497909546,-1.0589025020599365,0.2289770543575287,1.369309425354004,-1.581329584121704,0.6695791482925415,1.5615265369415283,0.05591675266623497,0.4306487441062927,1.5511029958724976,-0.04769835248589516,0.6559057831764221,2.2145800590515137,-0.0682666078209877,0.42991799116134644,2.1804823875427246,-0.307863712310791,0.6511695981025696,2.7915587425231934,0.5722678303718567,0.42969244718551636,2.777499198913574,0.13036565482616425,0.651840329170227,2.8981270790100098,0.6367303729057312,0.4230012893676758,2.879035234451294,0.1644376665353775,0.621913492679596,2.963620185852051,0.3213873505592346,0.46722763776779175,2.964787006378174,-0.22214306890964508
nodd,0.5609251856803894,0.4258432388305664,-1.1695804595947266,0.5808317065238953,0.35786283016204834,-1.1072970628738403,0.5942248702049255,0.3563511371612549,-1.1070935726165771,0.6061606407165527,0.355920672416687,-1.1066718101501465,0.5352821350097656,0.36416733264923096,-1.1161150932312012,0.5189124941825867,0.36618614196777344,-1.1161181926727295,0.5059128999710083,0.36879658699035645,-1.1160317659378052,0.6227599382400513,0.3873169422149658,-0.7101673483848572,0.49041450023651123,0.39881348609924316,-0.7598221898078918,0.5882813334465027,0.47960221767425537,-1.0175131559371948,0.5360772609710693,0.4862973690032959,-1.0327129364013672,0.7439567446708679,0.7680409550666809,-0.45928195118904114,0.3853676915168762,0.7128130197525024,-0.535098671913147,0.8052169680595398,1.1851787567138672,-0.495535671710968,0.2262609302997589,1.0020081996917725,-0.82989901304245,0.8083873391151428,1.5229332447052002,-0.931704044342041,0.17369556427001953,1.3367029428482056,-1.5154374837875366,0.8251006007194519,1.658065676689148,-1.0259653329849243,0.14017480611801147,1.4258238077163696,-1.6701263189315796,0.7979211211204529,1.655090570449829,-1.1158220767974854,0.1718679964542389,1.4139792919158936,-1.7214457988739014,0.7878004312515259,1.6026533842086792,-0.9879926443099976,0.19058921933174133,1.389689326286316,-1.5640361309051514,0.663669228553772,1.560912013053894,0.059411611407995224,0.4270865321159363,1.554332971572876,-0.05160370096564293,0.6534337997436523,2.1924805641174316,-0.043495576828718185,0.4256121516227722,2.163522243499756,-0.36148062348365784,0.6450336575508118,2.7460291385650635,0.6817998886108398,0.4241821765899658,2.7671308517456055,0.08753280341625214,0.6447939872741699,2.843266010284424,0.7543365955352783,0.41894662380218506,2.8633198738098145,0.12217369675636292,0.619787335395813,2.922760486602783,0.45082414150238037,0.45630091428756714,2.960083246231079,-0.28147804737091064
nodd,0.5634151101112366,0.42526566982269287,-1.1185394525527954,0.5821236371994019,0.3566337823867798,-1.0551239252090454,0.5951481461524963,0.35448479652404785,-1.0548937320709229,0.6069905757904053,0.3534061908721924,-1.0544716119766235,0.5369249582290649,0.36481404304504395,-1.0649904012680054,0.5203222632408142,0.3674076795578003,-1.06498384475708,0.5068976879119873,0.37043750286102295,-1.0648162364959717,0.6239839792251587,0.38409674167633057,-0.6556975841522217,0.49139294028282166,0.4005786180496216,-0.7090007066726685,0.5908849239349365,0.4792146682739258,-0.9659855961799622,0.5384965538978577,0.4870762825012207,-0.9823527932167053,0.7442201375961304,0.7646661400794983,-0.40021324157714844,0.38908571004867554,0.713589608669281,-0.49154987931251526,0.8040124177932739,1.1820032596588135,-0.4034103453159332,0.20930889248847961,0.9950213432312012,-0.7906380891799927,0.8094051480293274,1.5127674341201782,-0.8240606784820557,0.15681275725364685,1.3032803535461426,-1.505297064781189,0.8261411786079407,1.6440341472625732,-0.9150368571281433,0.12189361453056335,1.3877930641174316,-1.66278076171875,0.800517201423645,1.6385319232940674,-1.0110697746276855,0.15558069944381714,1.3746765851974487,-1.7156034708023071,0.7905206084251404,1.5878902673721313,-0.8814905881881714,0.1745712161064148,1.3530555963516235,-1.554503083229065,0.6650175452232361,1.5506999492645264,0.057128120213747025,0.4348584711551666,1.5431106090545654,-0.04944460466504097,0.6634871959686279,2.1739907264709473,-0.11895210295915604,0.43929439783096313,2.151978015899658,-0.354655385017395,0.6598718762397766,2.7413971424102783,0.5949317216873169,0.4437122642993927,2.774446964263916,0.07986471801996231,0.6614730358123779,2.8382086753845215,0.6658655405044556,0.4407085180282593,2.875868797302246,0.11203110218048096,0.6345480680465698,2.9237422943115234,0.35999879240989685,0.4712286591529846,2.9622251987457275,-0.29297080636024475
nodd,0.571946918964386,0.4302365779876709,-1.2424516677856445,0.5865569710731506,0.36016619205474854,-1.1786377429962158,0.599028468132019,0.3589503765106201,-1.1784100532531738,0.6105049848556519,0.35888218879699707,-1.17805016040802,0.5433726906776428,0.36625492572784424,-1.187299370765686,0.526523232460022,0.3689647912979126,-1.1872581243515015,0.5117332339286804,0.37237799167633057,-1.1871575117111206,0.6267561912536621,0.38832855224609375,-0.7626989483833313,0.49282002449035645,0.40273475646972656,-0.8157188296318054,0.5972223877906799,0.48597216606140137,-1.082639455795288,0.5465291738510132,0.4924204349517822,-1.0989354848861694,0.7472229599952698,0.773536205291748,-0.4930921494960785,0.3854290246963501,0.7152485251426697,-0.5599384903907776,0.8048261404037476,1.219820499420166,-0.5314935445785522,0.2243615686893463,1.0035417079925537,-0.8749220371246338,0.8184279799461365,1.523559808731079,-0.9827897548675537,0.1824592649936676,1.3323614597320557,-1.5926281213760376,0.8370128273963928,1.6481014490127563,-1.0815820693969727,0.1553829312324524,1.414849042892456,-1.751212477684021,0.8129099011421204,1.6420542001724243,-1.1711759567260742,0.18764683604240417,1.3992143869400024,-1.7971035242080688,0.8010935187339783,1.592444896697998,-1.039415955543518,0.20486366748809814,1.3772554397583008,-1.6392650604248047,0.6714761257171631,1.564489483833313,0.05256420746445656,0.4296491742134094,1.5613510608673096,-0.044738106429576874,0.6667616367340088,2.1902899742126465,-0.06484772264957428,0.4356101453304291,2.1790032386779785,-0.3588082194328308,0.6644120812416077,2.7730154991149902,0.6553782820701599,0.441691130399704,2.7836601734161377,0.13400019705295563,0.663044273853302,2.8755955696105957,0.7256397008895874,0.4389449656009674,2.8797013759613037,0.17075003683567047,0.6408724784851074,2.9540646076202393,0.39713388681411743,0.47194182872772217,2.9820947647094727,-0.25447821617126465
nodd,0.5656653642654419,0.42858076095581055,-1.2538344860076904,0.581863284111023,0.3582090139389038,-1.1858717203140259,0.5949621796607971,0.35657036304473877,-1.1856619119644165,0.6069576144218445,0.35625672340393066,-1.1851866245269775,0.5369271636009216,0.365054726600647,-1.1979855298995972,0.5201348066329956,0.36782193183898926,-1.1980611085891724,0.5066139698028564,0.3712441921234131,-1.1979674100875854,0.6234251260757446,0.38686227798461914,-0.763723611831665,0.4898788332939148,0.40276646614074707,-0.8290082216262817,0.5925890803337097,0.4849705696105957,-1.0935086011886597,0.5412505269050598,0.49131321907043457,-1.1133451461791992,0.7452022433280945,0.7737125158309937,-0.48417022824287415,0.38509514927864075,0.7286753058433533,-0.5891568660736084,0.8081879019737244,1.2064383029937744,-0.52398681640625,0.22754031419754028,1.1639256477355957,-0.866178572177887,0.7990148067474365,1.5138511657714844,-0.9927675127983093,0.22184407711029053,1.4097352027893066,-1.540761947631836,0.812832772731781,1.6390341520309448,-1.0940093994140625,0.20091450214385986,1.5092486143112183,-1.7008211612701416,0.7851841449737549,1.6332042217254639,-1.1771878004074097,0.23730015754699707,1.490829586982727,-1.744218111038208,0.7747464776039124,1.58545982837677,-1.046639323234558,0.2513875663280487,1.4610111713409424,-1.5848828554153442,0.6775306463241577,1.571349859237671,0.07267146557569504,0.43454599380493164,1.5747601985931396,-0.06471306085586548,0.677779495716095,2.224604368209839,-0.014195195399224758,0.4462337791919708,2.2037181854248047,-0.4061777889728546,0.675874650478363,2.7810282707214355,0.7720164656639099,0.4508853256702423,2.806001663208008,0.09581898152828217,0.6748276948928833,2.8811120986938477,0.8488562703132629,0.4461078345775604,2.9006662368774414,0.13382619619369507,0.6599861979484558,2.9612574577331543,0.5294936895370483,0.49070650339126587,3.006699562072754,-0.2937203645706177
nodd,0.5630121231079102,0.41657066345214844,-1.0924408435821533,0.5807376503944397,0.35207223892211914,-1.029889464378357,0.5935176014900208,0.3516268730163574,-1.0296266078948975,0.6053759455680847,0.3525688648223877,-1.0292021036148071,0.5367251634597778,0.3581889867782593,-1.0393126010894775,0.5199305415153503,0.36141347885131836,-1.0392160415649414,0.5061728358268738,0.3653155565261841,-1.0390865802764893,0.6216045618057251,0.38748598098754883,-0.6371132731437683,0.48971685767173767,0.39857637882232666,-0.6908936500549316,0.5897420644760132,0.4761230945587158,-0.9429134130477905,0.5378598570823669,0.4809962511062622,-0.9595115780830383,0.7433125376701355,0.7696468234062195,-0.39941737055778503,0.386103093624115,0.7105127573013306,-0.4808575212955475,0.7930679321289062,1.2038187980651855,-0.4077768325805664,0.2079346477985382,0.9920253753662109,-0.7950236797332764,0.8097972273826599,1.5302636623382568,-0.792564868927002,0.15255150198936462,1.3275794982910156,-1.4932076930999756,0.8301596641540527,1.6619677543640137,-0.8799400329589844,0.11807501316070557,1.4177820682525635,-1.6464930772781372,0.8049342632293701,1.660751223564148,-0.9721384048461914,0.15458717942237854,1.4125124216079712,-1.6960641145706177,0.7938590049743652,1.6087491512298584,-0.8492690920829773,0.1735249161720276,1.3881568908691406,-1.5425631999969482,0.6655930876731873,1.5681077241897583,0.05818915367126465,0.4301126301288605,1.5636639595031738,-0.049970414489507675,0.6692458987236023,2.2028181552886963,-0.08887609094381332,0.4422229826450348,2.1825122833251953,-0.3681151270866394,0.6767773628234863,2.795039176940918,0.5852476954460144,0.45416054129600525,2.80466365814209,0.08279532194137573,0.6782381534576416,2.9003725051879883,0.6518650650978088,0.4499300420284271,2.907635450363159,0.11674393713474274,0.6557798981666565,2.971682071685791,0.33535847067832947,0.4886598587036133,2.9920802116394043,-0.2900383174419403
nodd,0.5699794888496399,0.42432212829589844,-1.1204135417938232,0.5861307382583618,0.35883820056915283,-1.05844247341156,0.598690927028656,0.35852551460266113,-1.0581411123275757,0.6103925704956055,0.35938596725463867,-1.0575796365737915,0.5424731969833374,0.3661339282989502,-1.0685001611709595,0.5259997844696045,0.37027084827423096,-1.068402647972107,0.5104933381080627,0.3751499652862549,-1.0682387351989746,0.6264520883560181,0.39378511905670166,-0.6684325337409973,0.49212682247161865,0.4084591865539551,-0.724568247795105,0.5955927968025208,0.48202192783355713,-0.9721874594688416,0.5427051782608032,0.49093592166900635,-0.9894248843193054,0.742999255657196,0.7727333903312683,-0.4369952082633972,0.3889537453651428,0.7156236171722412,-0.5197533965110779,0.8061622977256775,1.195041298866272,-0.47918689250946045,0.22146883606910706,0.9890336394309998,-0.858453094959259,0.8204878568649292,1.5318760871887207,-0.9091812968254089,0.17098426818847656,1.3203957080841064,-1.5698710680007935,0.8412694931030273,1.6679508686065674,-1.0063259601593018,0.13716673851013184,1.4064937829971313,-1.730987548828125,0.8115977644920349,1.6687657833099365,-1.0939531326293945,0.172637939453125,1.3974852561950684,-1.7736037969589233,0.8005637526512146,1.6142079830169678,-0.9668928384780884,0.19165349006652832,1.3744758367538452,-1.6177985668182373,0.6719231605529785,1.5641950368881226,0.05925487354397774,0.4344005882740021,1.5587584972381592,-0.051061589270830154,0.6747151613235474,2.197813034057617,-0.08901934325695038,0.4452420473098755,2.1979477405548096,-0.27797654271125793,0.6799447536468506,2.7864491939544678,0.5478763580322266,0.45393484830856323,2.800506830215454,0.1645975410938263,0.6815087199211121,2.893580436706543,0.611713171005249,0.4498431384563446,2.9008610248565674,0.19860142469406128,0.6559963822364807,2.961660146713257,0.2974747121334076,0.4885903596878052,2.989635944366455,-0.19071891903877258
nodd,0.5673670172691345,0.43237245082855225,-1.1835606098175049,0.5829346179962158,0.3596433401107788,-1.1192677021026611,0.5956730842590332,0.3569660186767578,-1.1189519166946411,0.6070705056190491,0.35559630393981934,-1.1184849739074707,0.5376315712928772,0.370847225189209,-1.129193902015686,0.5204271674156189,0.37467896938323975,-1.1291239261627197,0.5062557458877563,0.37875306606292725,-1.1289620399475098,0.6218481063842773,0.3852570056915283,-0.7132114171981812,0.4893866777420044,0.40988099575042725,-0.7676341533660889,0.5943728089332581,0.48542463779449463,-1.028505563735962,0.5425593852996826,0.4966402053833008,-1.0452125072479248,0.7462459802627563,0.7694118618965149,-0.4526088535785675,0.3871685266494751,0.7312592267990112,-0.5474862456321716,0.798199474811554,1.2122586965560913,-0.49802374839782715,0.2287060022354126,1.1565096378326416,-0.8428114652633667,0.8053978085517883,1.5317156314849854,-0.9714640378952026,0.2260356843471527,1.381539225578308,-1.5385576486587524,0.8249272108078003,1.6597360372543335,-1.0757811069488525,0.20304027199745178,1.473300814628601,-1.7037783861160278,0.7974286675453186,1.6585818529129028,-1.1671291589736938,0.24130544066429138,1.456546664237976,-1.7424277067184448,0.7854617834091187,1.6074333190917969,-1.03065025806427,0.2563682496547699,1.4296934604644775,-1.5826547145843506,0.6782844066619873,1.5803806781768799,0.05713069811463356,0.43571585416793823,1.5741065740585327,-0.04918969050049782,0.6699742078781128,2.2184438705444336,-0.0868072584271431,0.43695980310440063,2.2071337699890137,-0.29011574387550354,0.6650795340538025,2.801116704940796,0.6206180453300476,0.4386749267578125,2.8087375164031982,0.19774509966373444,0.6652097105979919,2.905158758163452,0.6918177604675293,0.4349638819694519,2.9067678451538086,0.23555997014045715,0.6383241415023804,2.985903263092041,0.37940600514411926,0.47187837958335876,3.0101799964904785,-0.16142365336418152
nodd,0.5708985924720764,0.4280247688293457,-1.2326042652130127,0.5856395363807678,0.3579446077346802,-1.1724810600280762,0.5977943539619446,0.3567131757736206,-1.1724156141281128,0.6090853214263916,0.35657167434692383,-1.172110676765442,0.5429054498672485,0.363116979598999,-1.182348608970642,0.5262194871902466,0.3652414083480835,-1.1823761463165283,0.5116223096847534,0.3682377338409424,-1.182297945022583,0.6238448619842529,0.38609588146209717,-0.7619600892066956,0.49297332763671875,0.39729416370391846,-0.8211095333099365,0.5950267314910889,0.48454582691192627,-1.0730957984924316,0.5451436042785645,0.48953258991241455,-1.0912981033325195,0.743721067905426,0.7676598429679871,-0.4916864335536957,0.3846845030784607,0.6995968818664551,-0.5709227919578552,0.8034545183181763,1.2031948566436768,-0.4921993911266327,0.20690569281578064,0.9852835536003113,-0.9036322832107544,0.8241653442382812,1.5325559377670288,-0.8752659559249878,0.1364925503730774,1.2880594730377197,-1.6185884475708008,0.8425790071487427,1.6651721000671387,-0.9627475738525391,0.10054251551628113,1.3697006702423096,-1.772117257118225,0.8203824758529663,1.6558988094329834,-1.0581399202346802,0.12910950183868408,1.3587437868118286,-1.828593373298645,0.8094226121902466,1.6052218675613403,-0.9318880438804626,0.14880508184432983,1.3386188745498657,-1.6695905923843384,0.6628890633583069,1.5633143186569214,0.058218054473400116,0.4292849004268646,1.5607128143310547,-0.050633542239665985,0.6684491038322449,2.165890693664551,-0.040127262473106384,0.440891832113266,2.172178268432617,-0.323873907327652,0.6724798083305359,2.7509918212890625,0.6581267714500427,0.4514736235141754,2.7851104736328125,0.14934378862380981,0.6729736924171448,2.853825092315674,0.7259369492530823,0.448419988155365,2.8826138973236084,0.18469476699829102,0.6514129638671875,2.927983283996582,0.40435636043548584,0.48274940252304077,2.9773805141448975,-0.23529934883117676
nodd,0.569868803024292,0.42186248302459717,-1.1569000482559204,0.5858715176582336,0.35380101203918457,-1.0956369638442993,0.5979719161987305,0.3526036739349365,-1.0956077575683594,0.6094492673873901,0.3524104356765747,-1.095420479774475,0.5421223640441895,0.3591115474700928,-1.1054977178573608,0.5251473784446716,0.36111176013946533,-1.1056171655654907,0.5106605887413025,0.36373913288116455,-1.1055113077163696,0.6243832111358643,0.3835916519165039,-0.6899808049201965,0.4930804967880249,0.39327526092529297,-0.7467616200447083,0.5947995185852051,0.47763752937316895,-1.000065565109253,0.5433825850486755,0.48260927200317383,-1.0174483060836792,0.7450833916664124,0.7662116289138794,-0.4261886775493622,0.38810864090919495,0.7084246277809143,-0.5049917697906494,0.8044213056564331,1.1980571746826172,-0.40885022282600403,0.20226290822029114,0.9836825132369995,-0.7689275741577148,0.8326191902160645,1.525640606880188,-0.7758002877235413,0.07784336805343628,1.2757072448730469,-1.4290499687194824,0.8545716404914856,1.6493289470672607,-0.8537828326225281,0.0272940993309021,1.3523746728897095,-1.5662972927093506,0.836178183555603,1.6385128498077393,-0.9572428464889526,0.0541079044342041,1.3515716791152954,-1.6393204927444458,0.8229296207427979,1.5945078134536743,-0.8338519334793091,0.07985904812812805,1.335426688194275,-1.4843735694885254,0.6594616770744324,1.5572588443756104,0.054059986025094986,0.43081724643707275,1.548844337463379,-0.046525515615940094,0.6509191989898682,2.1580169200897217,-0.06453944742679596,0.42771732807159424,2.124795913696289,-0.4551653563976288,0.6439797282218933,2.7181320190429688,0.6842623353004456,0.4306623935699463,2.7553329467773438,0.01176498644053936,0.6455223560333252,2.8109378814697266,0.7577666640281677,0.42850667238235474,2.8531508445739746,0.04686032980680466,0.617072343826294,2.9020731449127197,0.45306795835494995,0.45034822821617126,2.9487571716308594,-0.3799520432949066
nodd,0.5605490207672119,0.42885470390319824,-1.2497928142547607,0.5785982608795166,0.35897326469421387,-1.1889686584472656,0.5919045209884644,0.35705745220184326,-1.188732385635376,0.6039421558380127,0.3560749292373657,-1.1883320808410645,0.5335136651992798,0.3656214475631714,-1.197043776512146,0.5175356268882751,0.36765921115875244,-1.197052001953125,0.5050460696220398,0.3704190254211426,-1.1969079971313477,0.6210967302322388,0.38483667373657227,-0.7900070548057556,0.49036329984664917,0.40065932273864746,-0.8353698253631592,0.5883131623268127,0.4838557243347168,-1.0959676504135132,0.5372810959815979,0.4914461374282837,-1.1099389791488647,0.7471444606781006,0.7586789727210999,-0.5177121758460999,0.3885977268218994,0.7152971625328064,-0.5903002619743347,0.8122704029083252,1.1962716579437256,-0.5343787670135498,0.22479519248008728,1.0083739757537842,-0.8281590938568115,0.8227030038833618,1.5306508541107178,-0.9453577399253845,0.19017136096954346,1.3755749464035034,-1.443094253540039,0.8425009250640869,1.659470558166504,-1.033990502357483,0.15674027800559998,1.4711720943450928,-1.5870386362075806,0.8157916069030762,1.6583601236343384,-1.1262158155441284,0.19233110547065735,1.4632999897003174,-1.641736388206482,0.8038116693496704,1.6080824136734009,-1.000923991203308,0.21078205108642578,1.435163140296936,-1.4905775785446167,0.6733996868133545,1.545151710510254,0.05482856184244156,0.4383842647075653,1.5439157485961914,-0.047173935920000076,0.6708512306213379,2.16731333732605,-0.038624510169029236,0.4437766671180725,2.1587893962860107,-0.331246018409729,0.6727120876312256,2.7107090950012207,0.6943654417991638,0.44968220591545105,2.761784553527832,0.1217978224158287,0.6760115623474121,2.8065366744995117,0.7683171033859253,0.4474412202835083,2.8590128421783447,0.15695291757583618,0.6446070075035095,2.8889434337615967,0.46818119287490845,0.4806344509124756,2.9539246559143066,-0.24440757930278778
nodd,0.5761674642562866,0.4199446439743042,-1.1953303813934326,0.591184675693512,0.3518162965774536,-1.1309956312179565,0.6027136445045471,0.350435733795166,-1.1309808492660522,0.6135309338569641,0.3500359058380127,-1.1308282613754272,0.5490198135375977,0.3608754873275757,-1.145926594734192,0.5323001742362976,0.36488258838653564,-1.1460736989974976,0.5163703560829163,0.3693511486053467,-1.145942211151123,0.6267443299293518,0.3815758228302002,-0.7116063237190247,0.49657881259918213,0.40138697624206543,-0.7922976613044739,0.600037693977356,0.47421884536743164,-1.0333579778671265,0.5495960712432861,0.48394644260406494,-1.0576777458190918,0.7449970245361328,0.7691841125488281,-0.42975467443466187,0.39121943712234497,0.7132609486579895,-0.5540780425071716,0.7970985174179077,1.1973575353622437,-0.39476287364959717,0.20954018831253052,0.9760217070579529,-0.7844170928001404,0.819518506526947,1.5186504125595093,-0.7531985640525818,0.09863311052322388,1.2928588390350342,-1.384136438369751,0.8401495218276978,1.6390514373779297,-0.8301235437393188,0.0519101619720459,1.371816635131836,-1.5185434818267822,0.822441816329956,1.6294981241226196,-0.9340032935142517,0.08125144243240356,1.3713438510894775,-1.5881825685501099,0.8088861107826233,1.5872119665145874,-0.811598002910614,0.10531583428382874,1.3537571430206299,-1.4361838102340698,0.6700783371925354,1.5573837757110596,0.07334776222705841,0.4399736225605011,1.5528596639633179,-0.06572164595127106,0.6700860261917114,2.160696268081665,0.005202019587159157,0.4486182928085327,2.131075620651245,-0.45062166452407837,0.6670758128166199,2.7157490253448486,0.7870107889175415,0.45471927523612976,2.7520298957824707,0.04826437681913376,0.666761040687561,2.808554172515869,0.8642916679382324,0.4515807628631592,2.847458839416504,0.08648278564214706,0.6510851383209229,2.9035372734069824,0.566940426826477,0.48429855704307556,2.950634241104126,-0.34417301416397095
nodd,0.5734115242958069,0.4242970943450928,-1.2514960765838623,0.5891791582107544,0.3555417060852051,-1.1850898265838623,0.6011621952056885,0.3536055088043213,-1.1850714683532715,0.6120604872703552,0.3525596857070923,-1.1848359107971191,0.5452370047569275,0.3651944398880005,-1.2018263339996338,0.5282665491104126,0.36914849281311035,-1.2020432949066162,0.5129852890968323,0.37350618839263916,-1.2019717693328857,0.6252351403236389,0.38142597675323486,-0.7553806304931641,0.4948956072330475,0.40502870082855225,-0.8425151705741882,0.597815752029419,0.4767611026763916,-1.085762858390808,0.5472378134727478,0.4863002300262451,-1.1120507717132568,0.7450444102287292,0.7696134448051453,-0.44514572620391846,0.3895258605480194,0.7196243405342102,-0.5977586507797241,0.8040577173233032,1.2024459838867188,-0.40601155161857605,0.21741291880607605,1.0904327630996704,-0.8233152627944946,0.8249391317367554,1.5097557306289673,-0.7980274558067322,0.16620942950248718,1.3488881587982178,-1.4353394508361816,0.8460105657577515,1.6224472522735596,-0.880959689617157,0.1320708990097046,1.4396016597747803,-1.579480528831482,0.8273880481719971,1.6138803958892822,-0.9856531023979187,0.1637592315673828,1.4329692125320435,-1.6415581703186035,0.8120599985122681,1.5752803087234497,-0.8572880029678345,0.18341559171676636,1.4099191427230835,-1.4836286306381226,0.6673629283905029,1.5527695417404175,0.07745682448148727,0.43594035506248474,1.543572187423706,-0.0700138658285141,0.6568230986595154,2.1371350288391113,-0.010902196168899536,0.4353390336036682,2.1070542335510254,-0.44329896569252014,0.6422103643417358,2.700416088104248,0.8011475801467896,0.4316345155239105,2.729586601257324,0.06207114830613136,0.6407384276390076,2.7933766841888428,0.8804366588592529,0.4281999170780182,2.8238821029663086,0.10010446608066559,0.622699499130249,2.8890604972839355,0.5749725699424744,0.4576466679573059,2.931211471557617,-0.3372081518173218
shake_head,0.5489479303359985,0.430137038230896,-1.126660704612732,0.5593933463096619,0.360593318939209,-1.0681668519973755,0.5709679126739502,0.35749363899230957,-1.0674717426300049,0.581309974193573,0.3556770086288452,-1.0669302940368652,0.5186266899108887,0.37486255168914795,-1.0755703449249268,0.5024754405021667,0.380542516708374,-1.0753694772720337,0.4874025881290436,0.38620805740356445,-1.074944019317627,0.5968465209007263,0.38431596755981445,-0.7212694883346558,0.468354731798172,0.41871654987335205,-0.7570886611938477,0.5724834203720093,0.4825732707977295,-0.9982035160064697,0.5261414647102356,0.4949164390563965,-1.0088311433792114,0.7240317463874817,0.756294846534729,-0.49345633387565613,0.37211519479751587,0.7312760949134827,-0.5783221125602722,0.7992584705352783,1.220934510231018,-0.47521644830703735,0.27461954951286316,1.18709135055542,-0.6759210228919983,0.8135106563568115,1.5269193649291992,-0.8277942538261414,0.27168479561805725,1.4711027145385742,-1.0660412311553955,0.8430355787277222,1.6384371519088745,-0.914650559425354,0.242137610912323,1.5769058465957642,-1.1752028465270996,0.8040014505386353,1.6557965278625488,-0.9876337647438049,0.2879788279533386,1.5875121355056763,-1.233742117881775,0.7887755632400513,1.6052948236465454,-0.8774687647819519,0.30424273014068604,1.548467755317688,-1.110987663269043,0.6628970503807068,1.535711646080017,0.06150461360812187,0.44627296924591064,1.4915777444839478,-0.054678868502378464,0.6636528968811035,2.1721487045288086,0.050662506371736526,0.45316487550735474,2.1666958332061768,-0.10472076386213303,0.6584867238998413,2.661348342895508,0.7211475372314453,0.4499616026878357,2.691715955734253,0.3390525281429291,0.6594460010528564,2.7566781044006348,0.7914600372314453,0.44532063603401184,2.7900660037994385,0.37653374671936035,0.6367325186729431,2.842312812805176,0.5438554286956787,0.49188676476478577,2.875014305114746,0.060810621827840805
shake_head,0.5462963581085205,0.4236574172973633,-1.2901233434677124,0.5588017702102661,0.35456788539886475,-1.228753685951233,0.5707601308822632,0.35179150104522705,-1.228087067604065,0.5815066695213318,0.35004544258117676,-1.2276347875595093,0.5166565179824829,0.36792421340942383,-1.2397962808609009,0.5001422166824341,0.3732421398162842,-1.2397310733795166,0.4860903322696686,0.37857186794281006,-1.2394219636917114,0.5982562303543091,0.3779258728027344,-0.847856879234314,0.4690859317779541,0.4115028381347656,-0.9020981788635254,0.5711355209350586,0.47569870948791504,-1.1458392143249512,0.5232272744178772,0.486987829208374,-1.1620306968688965,0.7236129641532898,0.7480742335319519,-0.5646716356277466,0.37147361040115356,0.7226529717445374,-0.6746677160263062,0.8104833960533142,1.1976513862609863,-0.5093167424201965,0.25326961278915405,1.162905216217041,-0.8069619536399841,0.836845338344574,1.4950655698776245,-0.8602592349052429,0.23673874139785767,1.417183518409729,-1.2465578317642212,0.8667247295379639,1.605688452720642,-0.9416455626487732,0.2046354115009308,1.5121210813522339,-1.3649941682815552,0.8333758115768433,1.619333028793335,-1.0279169082641602,0.24612298607826233,1.5149297714233398,-1.426342248916626,0.8179498314857483,1.571785807609558,-0.9140045642852783,0.26384976506233215,1.4836008548736572,-1.2927827835083008,0.6590238213539124,1.5195661783218384,0.06489264965057373,0.4322241544723511,1.5213370323181152,-0.057704608887434006,0.6555771231651306,2.164893865585327,0.04358793422579765,0.44016188383102417,2.164233922958374,-0.1320820152759552,0.6505113244056702,2.6805286407470703,0.7263838052749634,0.43730342388153076,2.7117888927459717,0.32004573941230774,0.6522236466407776,2.7766151428222656,0.79688960313797,0.431242436170578,2.8078413009643555,0.35707128047943115,0.6238717436790466,2.853649377822876,0.5210260152816772,0.4818251430988312,2.892124652862549,0.0064310720190405846
shake_head,0.5429052114486694,0.4206662178039551,-1.077640414237976,0.5572189092636108,0.35231947898864746,-1.0208135843276978,0.5695615410804749,0.3502819538116455,-1.0202562808990479,0.5806465744972229,0.34930384159088135,-1.019677758216858,0.5155442357063293,0.36435675621032715,-1.0255683660507202,0.4996040165424347,0.36947596073150635,-1.0253958702087402,0.4859837293624878,0.3747330904006958,-1.02510666847229,0.5986495614051819,0.3811213970184326,-0.6816218495368958,0.46940821409225464,0.4081217050552368,-0.7054243683815002,0.5683387517929077,0.47430145740509033,-0.9512908458709717,0.5199361443519592,0.4843403100967407,-0.9585611820220947,0.7243797779083252,0.75326007604599,-0.4639270305633545,0.37287724018096924,0.7201308608055115,-0.5336378216743469,0.794941246509552,1.220698356628418,-0.48809829354286194,0.2611483037471771,1.1682018041610718,-0.7115305066108704,0.8224011063575745,1.5068562030792236,-0.9017458558082581,0.24323523044586182,1.430565357208252,-1.2367913722991943,0.852654755115509,1.615725040435791,-0.9984914660453796,0.2109796404838562,1.531233787536621,-1.3684087991714478,0.820140540599823,1.6263924837112427,-1.0811628103256226,0.25315141677856445,1.5320976972579956,-1.42295241355896,0.8045988082885742,1.5770632028579712,-0.9575119614601135,0.27069681882858276,1.4968112707138062,-1.283657431602478,0.6581108570098877,1.5294163227081299,0.04776100069284439,0.43345266580581665,1.5195231437683105,-0.04058433324098587,0.6477400660514832,2.157102584838867,-0.06026594713330269,0.43360909819602966,2.158931016921997,-0.09572244435548782,0.6428717374801636,2.6756322383880615,0.5691842436790466,0.4287876486778259,2.700174331665039,0.341633141040802,0.6463741064071655,2.774533748626709,0.6341124773025513,0.4244951605796814,2.7990496158599854,0.37718188762664795,0.6090670228004456,2.8485734462738037,0.36493510007858276,0.46257543563842773,2.87994384765625,0.056770700961351395
shake_head,0.5494213700294495,0.4187561273574829,-1.227168321609497,0.5606157183647156,0.34875309467315674,-1.1660057306289673,0.5722160339355469,0.3467676639556885,-1.165205955505371,0.5825530886650085,0.3457685708999634,-1.1646877527236938,0.5198324918746948,0.36262309551239014,-1.1776666641235352,0.5033023953437805,0.36876583099365234,-1.177473545074463,0.4879489839076996,0.37516510486602783,-1.1770715713500977,0.5983772873878479,0.3789639472961426,-0.7974025011062622,0.4687432050704956,0.4109492301940918,-0.854744017124176,0.5732537508010864,0.47337663173675537,-1.0880159139633179,0.5261343121528625,0.4849785566329956,-1.1047275066375732,0.7258267998695374,0.7563408613204956,-0.5330654382705688,0.3689213991165161,0.7193811535835266,-0.6565840840339661,0.8158389329910278,1.188214659690857,-0.4964320659637451,0.23749768733978271,1.0383219718933105,-0.7927111983299255,0.8362386226654053,1.5137643814086914,-0.8714128136634827,0.21958476305007935,1.4289436340332031,-1.2271589040756226,0.8668434619903564,1.6390511989593506,-0.9596598148345947,0.18266984820365906,1.5356875658035278,-1.3483766317367554,0.8251234292984009,1.659448266029358,-1.0446703433990479,0.2326885163784027,1.5492486953735352,-1.4141602516174316,0.8114107847213745,1.6038153171539307,-0.9263117909431458,0.251321941614151,1.5136014223098755,-1.275686502456665,0.6547490358352661,1.5384037494659424,0.06745652854442596,0.42650043964385986,1.530446171760559,-0.06010884791612625,0.6315460801124573,2.1823103427886963,0.004272503312677145,0.4130496680736542,2.159618377685547,-0.2362779974937439,0.6193647980690002,2.697618246078491,0.6216381788253784,0.4020215570926666,2.717843532562256,0.17901611328125,0.6220533847808838,2.800375461578369,0.6858080625534058,0.39409399032592773,2.8215622901916504,0.21244347095489502,0.5833798050880432,2.863645553588867,0.40907248854637146,0.44591060280799866,2.896909713745117,-0.1361549198627472
shake_head,0.5483999848365784,0.4301668405532837,-1.2474329471588135,0.5593670606613159,0.35994040966033936,-1.1929147243499756,0.5713137984275818,0.35737526416778564,-1.192206859588623,0.5819433331489563,0.35593461990356445,-1.1917688846588135,0.5179874300956726,0.3722912073135376,-1.2001904249191284,0.5020264983177185,0.37700963020324707,-1.2000434398651123,0.48719608783721924,0.3817528486251831,-1.199702501296997,0.5981643199920654,0.38504600524902344,-0.8364936113357544,0.4686657786369324,0.41333186626434326,-0.8745452165603638,0.5719409584999084,0.48445987701416016,-1.1105738878250122,0.5253425240516663,0.4942673444747925,-1.1218786239624023,0.7225024104118347,0.7484256625175476,-0.5773457884788513,0.3700387477874756,0.7149306535720825,-0.6504955291748047,0.8076655864715576,1.1980931758880615,-0.5422887802124023,0.21928685903549194,0.9981130361557007,-0.7726200819015503,0.8230748176574707,1.5126338005065918,-0.8780701160430908,0.19110062718391418,1.3567239046096802,-1.1856287717819214,0.8503232002258301,1.6335012912750244,-0.9611978530883789,0.15096604824066162,1.4479237794876099,-1.2974590063095093,0.8131874799728394,1.6472792625427246,-1.042467474937439,0.19511622190475464,1.4588027000427246,-1.3621577024459839,0.800410270690918,1.594641923904419,-0.9300693273544312,0.21533140540122986,1.4303728342056274,-1.2336230278015137,0.6505966782569885,1.5274884700775146,0.05302166938781738,0.42352211475372314,1.5209059715270996,-0.045593004673719406,0.6279798150062561,2.1698389053344727,0.02825859561562538,0.41255033016204834,2.152495861053467,-0.18100424110889435,0.6182021498680115,2.688392400741577,0.6423563361167908,0.40245768427848816,2.7044711112976074,0.2546612024307251,0.621813178062439,2.7885336875915527,0.7063602805137634,0.3954426050186157,2.803987741470337,0.2909350097179413,0.579958975315094,2.853930711746216,0.4279528856277466,0.4404010772705078,2.8820581436157227,-0.05172065272927284
shake_head,0.5473648309707642,0.42810237407684326,-1.2979416847229004,0.5584604144096375,0.3588138818740845,-1.2377535104751587,0.5702117085456848,0.3556020259857178,-1.2369900941848755,0.5806002020835876,0.3535400629043579,-1.2365593910217285,0.5168651342391968,0.3744739294052124,-1.2497165203094482,0.5004332661628723,0.380826473236084,-1.24961256980896,0.48642224073410034,0.3868083953857422,-1.2492272853851318,0.5979006886482239,0.3818289041519165,-0.8612411618232727,0.46926623582839966,0.41993844509124756,-0.9187842011451721,0.5722925662994385,0.4787876605987549,-1.1548291444778442,0.5249800086021423,0.49350202083587646,-1.1719542741775513,0.7233548164367676,0.7404571771621704,-0.57425856590271,0.3739698529243469,0.7264670133590698,-0.695303738117218,0.8155417442321777,1.1855725049972534,-0.4907519519329071,0.22266346216201782,1.0405256748199463,-0.7836099863052368,0.8310256004333496,1.4829516410827637,-0.7945517897605896,0.2275673747062683,1.4037628173828125,-1.137418508529663,0.8598235845565796,1.5948935747146606,-0.8711552023887634,0.19488853216171265,1.5019975900650024,-1.2425247430801392,0.822184681892395,1.6120753288269043,-0.9532681107521057,0.24539890885353088,1.5153887271881104,-1.3032171726226807,0.8083529472351074,1.5638865232467651,-0.845748245716095,0.26217061281204224,1.4821349382400513,-1.1812635660171509,0.663982629776001,1.5163699388504028,0.07038626074790955,0.44639164209365845,1.488105058670044,-0.06283947080373764,0.6579664945602417,2.1550378799438477,0.048211947083473206,0.4428129494190216,2.15590238571167,-0.15899500250816345,0.6536951065063477,2.67387318611145,0.6812376379966736,0.4381447434425354,2.691801071166992,0.30178824067115784,0.6556949615478516,2.7758097648620605,0.7468677163124084,0.43130171298980713,2.7896504402160645,0.3396401107311249,0.6273909211158752,2.838839054107666,0.47067704796791077,0.48556607961654663,2.8666024208068848,-0.009175560437142849
shake_head,0.5412765741348267,0.41947507858276367,-1.11338472366333,0.5559672117233276,0.35400211811065674,-1.0573772192001343,0.5681120753288269,0.35244035720825195,-1.0567620992660522,0.5788684487342834,0.35187530517578125,-1.0562553405761719,0.5139961242675781,0.3649613857269287,-1.0636531114578247,0.49820494651794434,0.36975347995758057,-1.0635592937469482,0.4850332736968994,0.3746546506881714,-1.063227891921997,0.596342921257019,0.3805166482925415,-0.7121394872665405,0.4692411422729492,0.40707361698150635,-0.7391265630722046,0.5672078132629395,0.47257375717163086,-0.9829518795013428,0.5176712274551392,0.48250555992126465,-0.9912213683128357,0.7185932397842407,0.733234167098999,-0.4738646149635315,0.37536975741386414,0.7208376526832581,-0.5446071028709412,0.8151278495788574,1.1618473529815674,-0.43681108951568604,0.2667434513568878,1.1463181972503662,-0.6380903720855713,0.8356513977050781,1.4643974304199219,-0.8014261722564697,0.2368740737438202,1.4243236780166626,-1.0462251901626587,0.8658359050750732,1.573987603187561,-0.8901073932647705,0.2001725435256958,1.5253900289535522,-1.1577953100204468,0.828059196472168,1.5890363454818726,-0.9746766090393066,0.24230504035949707,1.5372121334075928,-1.2280824184417725,0.8130971789360046,1.5428266525268555,-0.8558135032653809,0.26098424196243286,1.501439094543457,-1.096233606338501,0.6606756448745728,1.5052156448364258,0.04323010891675949,0.43876397609710693,1.5032144784927368,-0.035902924835681915,0.6527686715126038,2.141955852508545,-0.06780672818422318,0.43965375423431396,2.136906147003174,-0.10717783123254776,0.6522798538208008,2.6568703651428223,0.5222604274749756,0.44198301434516907,2.682551383972168,0.3013291358947754,0.6578888297080994,2.7514915466308594,0.5829453468322754,0.43955284357070923,2.7802810668945312,0.3339410424232483,0.6152747869491577,2.8281092643737793,0.31141403317451477,0.47329068183898926,2.858623504638672,0.013719405047595501
shake_head,0.528698742389679,0.4369145631790161,-1.2147730588912964,0.5467238426208496,0.3702247142791748,-1.159352421760559,0.5601212382316589,0.3667653799057007,-1.1587423086166382,0.5720082521438599,0.3644402027130127,-1.1581894159317017,0.5023897290229797,0.38349008560180664,-1.159341812133789,0.4875032603740692,0.3871774673461914,-1.1591614484786987,0.47585248947143555,0.3908268213272095,-1.1587706804275513,0.591639518737793,0.38938045501708984,-0.8075793981552124,0.4622664451599121,0.41918957233428955,-0.8084531426429749,0.5570949912071228,0.48353147506713867,-1.0823161602020264,0.507368803024292,0.49654245376586914,-1.0832006931304932,0.7273826599121094,0.7617592215538025,-0.5541485548019409,0.3686947226524353,0.7304009795188904,-0.5866366624832153,0.8030523657798767,1.2168954610824585,-0.5255790948867798,0.26303157210350037,1.1614397764205933,-0.646506130695343,0.8204317092895508,1.5115268230438232,-0.893519937992096,0.24506598711013794,1.4631909132003784,-1.0358601808547974,0.8511937856674194,1.6235727071762085,-0.9853718876838684,0.20876067876815796,1.5729409456253052,-1.1406447887420654,0.8104978799819946,1.641983151435852,-1.0668445825576782,0.25698041915893555,1.5948182344436646,-1.2178078889846802,0.795343816280365,1.5911743640899658,-0.9460657238960266,0.275526762008667,1.5541181564331055,-1.0876034498214722,0.6568697690963745,1.5288331508636475,0.04239610210061073,0.4403562545776367,1.4935413599014282,-0.034592702984809875,0.6402063965797424,2.159682273864746,-0.0731942281126976,0.4206167459487915,2.1458258628845215,-0.1672055721282959,0.633278489112854,2.6722142696380615,0.5138176679611206,0.4136032462120056,2.687570095062256,0.2551306486129761,0.6381508111953735,2.771444320678711,0.5739288926124573,0.4102548062801361,2.7868409156799316,0.28891077637672424,0.5907752513885498,2.8418502807617188,0.289864718914032,0.44510090351104736,2.86830997467041,-0.05002662539482117
shake_head,0.5215703845024109,0.4436354637145996,-1.2221965789794922,0.5400280952453613,0.3748159408569336,-1.174752950668335,0.5540387034416199,0.3709813356399536,-1.1742817163467407,0.5666157007217407,0.367908239364624,-1.17377507686615,0.49666735529899597,0.38774073123931885,-1.1718432903289795,0.48255282640457153,0.39117300510406494,-1.171693205833435,0.47136691212654114,0.3944762945175171,-1.1713751554489136,0.5902636051177979,0.39248013496398926,-0.8512232899665833,0.4591043293476105,0.4207949638366699,-0.8401299715042114,0.5508815050125122,0.4942348599433899,-1.0990804433822632,0.5030263662338257,0.5021522641181946,-1.096495509147644,0.7238079309463501,0.7598928213119507,-0.6093040108680725,0.37243765592575073,0.7184931039810181,-0.6203675866127014,0.7995612025260925,1.2454733848571777,-0.607241153717041,0.2576373815536499,1.1301666498184204,-0.6428675055503845,0.8164576292037964,1.514135479927063,-0.935599148273468,0.2124798595905304,1.437638759613037,-0.9507754445075989,0.8463685512542725,1.6134753227233887,-1.0208544731140137,0.17036032676696777,1.5464695692062378,-1.0345758199691772,0.8094435930252075,1.6261470317840576,-1.0923787355422974,0.21578341722488403,1.5726537704467773,-1.1166712045669556,0.7929863929748535,1.5808794498443604,-0.9832876324653625,0.23585721850395203,1.5326147079467773,-1.0020853281021118,0.6470194458961487,1.5177695751190186,0.04133763536810875,0.42344510555267334,1.5012035369873047,-0.03384077548980713,0.6233125925064087,2.13950252532959,-0.08016641438007355,0.4100448787212372,2.1379218101501465,-0.15751732885837555,0.608375608921051,2.6407952308654785,0.4580729603767395,0.3913365602493286,2.676577091217041,0.23370037972927094,0.6122766137123108,2.737639904022217,0.5137799978256226,0.38552266359329224,2.7763583660125732,0.26580432057380676,0.5671910047531128,2.8057594299316406,0.24457110464572906,0.4213578701019287,2.8519368171691895,-0.05683542415499687
shake_head,0.5136939883232117,0.44544339179992676,-1.2890526056289673,0.5320984721183777,0.37909066677093506,-1.243341088294983,0.5464680194854736,0.37465083599090576,-1.242903709411621,0.5593864917755127,0.371258020401001,-1.242431879043579,0.4895140528678894,0.39277875423431396,-1.241580605506897,0.47716063261032104,0.39611053466796875,-1.241547703742981,0.4671710133552551,0.39966678619384766,-1.241323709487915,0.5821412801742554,0.39306485652923584,-0.914298951625824,0.4572036564350128,0.4244999885559082,-0.9113783836364746,0.544750452041626,0.492404043674469,-1.1623568534851074,0.4953370988368988,0.5015342235565186,-1.162467360496521,0.7179445028305054,0.7411227822303772,-0.6636253595352173,0.37554222345352173,0.7038114666938782,-0.6658515334129333,0.80976402759552,1.21111261844635,-0.6374015212059021,0.22743064165115356,0.9987377524375916,-0.7750740647315979,0.8202565908432007,1.4816358089447021,-0.9130784869194031,0.17480507493019104,1.3399245738983154,-1.177056908607483,0.8449855446815491,1.5812290906906128,-0.9893808364868164,0.13539624214172363,1.42762291431427,-1.2804208993911743,0.8126656413078308,1.5871758460998535,-1.0640380382537842,0.17539185285568237,1.4373875856399536,-1.3361026048660278,0.7987490892410278,1.5452409982681274,-0.9607867002487183,0.19592344760894775,1.4104794263839722,-1.2213103771209717,0.6497008800506592,1.4865764379501343,0.03312822803854942,0.4261079430580139,1.4761635065078735,-0.025516880676150322,0.6302357912063599,2.1094961166381836,-0.019386131316423416,0.42075347900390625,2.105024814605713,-0.08246301859617233,0.6234501004219055,2.617435932159424,0.5768346190452576,0.4112531244754791,2.625166177749634,0.3768668472766876,0.6293390393257141,2.71220064163208,0.6385052800178528,0.4081733226776123,2.7169365882873535,0.4158162474632263,0.5801340341567993,2.7791707515716553,0.3573373556137085,0.4329093396663666,2.7962048053741455,0.08495992422103882
shake_head,0.5060354471206665,0.4440014362335205,-1.094667911529541,0.5260604619979858,0.3814101219177246,-1.0487725734710693,0.5409398674964905,0.3784600496292114,-1.0483784675598145,0.5544599890708923,0.37626850605010986,-1.0477858781814575,0.48589885234832764,0.38948798179626465,-1.0424833297729492,0.47433677315711975,0.39139246940612793,-1.0423431396484375,0.4643005132675171,0.393951416015625,-1.0420708656311035,0.5804049968719482,0.39993155002593994,-0.7389837503433228,0.456684410572052,0.4197431802749634,-0.7101335525512695,0.5362973213195801,0.4942415952682495,-0.9771459698677063,0.4885850250720978,0.5004771947860718,-0.9694963693618774,0.7228572964668274,0.7531418204307556,-0.5199690461158752,0.3739132881164551,0.7173475027084351,-0.5153359174728394,0.8071197271347046,1.2272893190383911,-0.5354844927787781,0.2750662863254547,1.0294137001037598,-0.5646594166755676,0.8227195143699646,1.5108208656311035,-0.8868138194084167,0.23271551728248596,1.408540964126587,-0.9273496866226196,0.8513245582580566,1.6153628826141357,-0.978119969367981,0.19452255964279175,1.515844464302063,-1.020811915397644,0.8143715858459473,1.627517580986023,-1.0520015954971313,0.2363778054714203,1.5385208129882812,-1.0981696844100952,0.7992217540740967,1.580905556678772,-0.9370827674865723,0.25474536418914795,1.4993919134140015,-0.9793455004692078,0.6552174091339111,1.520504355430603,0.04058171436190605,0.43722835183143616,1.4605998992919922,-0.0324811153113842,0.6362138390541077,2.1386661529541016,-0.11574149131774902,0.4200732707977295,2.1235315799713135,-0.1606787145137787,0.621382474899292,2.6609902381896973,0.44003182649612427,0.4032234251499176,2.682511806488037,0.21602307260036469,0.6261773109436035,2.759004592895508,0.4971318542957306,0.39791011810302734,2.786506414413452,0.24653580784797668,0.5792571902275085,2.828199863433838,0.2283073514699936,0.42942318320274353,2.854243755340576,-0.07556156814098358
shake_head,0.5026609301567078,0.44014406204223633,-1.0862189531326294,0.523348331451416,0.373895525932312,-1.037436842918396,0.5382438898086548,0.3705343008041382,-1.0370590686798096,0.5520712733268738,0.36831140518188477,-1.036371111869812,0.48499757051467896,0.38308775424957275,-1.0278953313827515,0.4737876057624817,0.3853563070297241,-1.0276927947998047,0.46387970447540283,0.38814735412597656,-1.0274640321731567,0.5793386697769165,0.3948023319244385,-0.7189232707023621,0.4574646055698395,0.4129617214202881,-0.6796625852584839,0.5331105589866638,0.49149882793426514,-0.9671958088874817,0.48615169525146484,0.49865061044692993,-0.9566860795021057,0.7258975505828857,0.7614538669586182,-0.5195156931877136,0.3734627962112427,0.7334628105163574,-0.47305136919021606,0.8032184839248657,1.25054931640625,-0.5784136652946472,0.2474333643913269,1.0636098384857178,-0.6300187706947327,0.8221320509910583,1.526977777481079,-0.9753270745277405,0.23404768109321594,1.3971468210220337,-1.1696263551712036,0.8499975204467773,1.6350908279418945,-1.0761817693710327,0.20059245824813843,1.4952621459960938,-1.2940659523010254,0.8157275915145874,1.644108533859253,-1.1502728462219238,0.2403653860092163,1.500779390335083,-1.3531575202941895,0.8015169501304626,1.5939240455627441,-1.0272730588912964,0.257881760597229,1.4658406972885132,-1.2197929620742798,0.6594223976135254,1.5405378341674805,0.025742094963788986,0.427736759185791,1.5246902704238892,-0.017486661672592163,0.6381552219390869,2.151751756668091,-0.12431688606739044,0.417866587638855,2.1443910598754883,-0.13095112144947052,0.630241870880127,2.6934895515441895,0.46326711773872375,0.40560874342918396,2.6970291137695312,0.29173368215560913,0.637884259223938,2.7984890937805176,0.5236352682113647,0.40219444036483765,2.800246000289917,0.3266315758228302,0.5793451070785522,2.8591699600219727,0.2365882843732834,0.427598237991333,2.8692240715026855,-0.0028098407201468945
shake_head,0.5060552358627319,0.44045066833496094,-0.980597198009491,0.5262845158576965,0.37590909004211426,-0.9310852289199829,0.5411641597747803,0.37237322330474854,-0.9306064248085022,0.5550035238265991,0.3698333501815796,-0.9298540949821472,0.486693799495697,0.38584768772125244,-0.920981764793396,0.47516825795173645,0.3884326219558716,-0.9207154512405396,0.4650489091873169,0.3912241458892822,-0.9204753041267395,0.581228494644165,0.3949592113494873,-0.6271721720695496,0.45739439129829407,0.4171868562698364,-0.5811407566070557,0.5364606380462646,0.4884852170944214,-0.8686386942863464,0.4901696741580963,0.49791544675827026,-0.8561049699783325,0.7254554033279419,0.7631075382232666,-0.44916942715644836,0.3777150809764862,0.7313432097434998,-0.3993834853172302,0.8013421893119812,1.2269922494888306,-0.4894157946109772,0.29381561279296875,1.1653966903686523,-0.5436215996742249,0.8197691440582275,1.5228099822998047,-0.8533304333686829,0.2840322256088257,1.4337910413742065,-1.054354190826416,0.8487125635147095,1.635767936706543,-0.9477850794792175,0.2533338665962219,1.5389726161956787,-1.1744410991668701,0.8122869729995728,1.6530556678771973,-1.0213353633880615,0.29539281129837036,1.5463526248931885,-1.2307990789413452,0.7976177930831909,1.6010197401046753,-0.9042612910270691,0.3120148181915283,1.5072294473648071,-1.1034783124923706,0.6604260206222534,1.5333070755004883,0.02255868911743164,0.435104101896286,1.483630657196045,-0.014544596895575523,0.6387581825256348,2.1378672122955322,-0.11327678710222244,0.4238954186439514,2.131549835205078,-0.09060356020927429,0.6259514093399048,2.672697067260742,0.45589935779571533,0.40776628255844116,2.676793098449707,0.2842354476451874,0.6322887539863586,2.775038242340088,0.5146234631538391,0.40383052825927734,2.7790145874023438,0.3146497309207916,0.5774170756340027,2.8364861011505127,0.24205461144447327,0.43036124110221863,2.8453869819641113,0.00272643961943686
shake_head,0.5053284764289856,0.4411940574645996,-1.1628049612045288,0.5254948139190674,0.37795984745025635,-1.1145981550216675,0.539980947971344,0.3748835325241089,-1.114284873008728,0.5532266497612,0.3725111484527588,-1.1137624979019165,0.4865654706954956,0.386482834815979,-1.1127839088439941,0.47531092166900635,0.3887341022491455,-1.1127272844314575,0.4656069278717041,0.39148473739624023,-1.1125258207321167,0.5785987377166748,0.39605438709259033,-0.7862104177474976,0.45849496126174927,0.41685521602630615,-0.7823241949081421,0.5349822044372559,0.48954254388809204,-1.0379244089126587,0.4879399538040161,0.49854356050491333,-1.037734031677246,0.7173806428909302,0.7392327189445496,-0.5514440536499023,0.3766578435897827,0.7149757742881775,-0.5660486221313477,0.7976628541946411,1.1121689081192017,-0.5553485751152039,0.22477948665618896,0.9887043237686157,-0.6847603917121887,0.8252687454223633,1.4883148670196533,-0.876735508441925,0.153024822473526,1.296959638595581,-1.1011971235275269,0.852493405342102,1.5948596000671387,-0.9559643864631653,0.11068293452262878,1.382141351699829,-1.2007516622543335,0.8210910558700562,1.598850131034851,-1.0334994792938232,0.14878961443901062,1.3941208124160767,-1.262479305267334,0.8066476583480835,1.554510474205017,-0.9270131587982178,0.16905364394187927,1.3674547672271729,-1.1479240655899048,0.6553303003311157,1.4935166835784912,0.046359140425920486,0.43566057085990906,1.4453331232070923,-0.038296330720186234,0.6392384171485901,2.1043949127197266,-0.07429912686347961,0.4268532693386078,2.111503839492798,-0.15033385157585144,0.6259082555770874,2.6274349689483643,0.477436900138855,0.41002601385116577,2.6530580520629883,0.25413596630096436,0.6288803815841675,2.725576400756836,0.534235417842865,0.4042986035346985,2.749371290206909,0.28703975677490234,0.5903552770614624,2.782437324523926,0.26224806904792786,0.43552476167678833,2.818915367126465,-0.04610240459442139
shake_head,0.5084026455879211,0.4363290071487427,-1.16057288646698,0.5281054377555847,0.3692680597305298,-1.1129741668701172,0.5430784225463867,0.3655012845993042,-1.1126583814620972,0.5565547943115234,0.36308276653289795,-1.1121125221252441,0.4858502447605133,0.3822537660598755,-1.1099282503128052,0.47373706102371216,0.3859604597091675,-1.1098653078079224,0.46349820494651794,0.38977742195129395,-1.10964834690094,0.5812375545501709,0.38901007175445557,-0.7865071892738342,0.45503267645835876,0.4166158437728882,-0.7762103080749512,0.5400555729866028,0.4853249788284302,-1.036063313484192,0.48971855640411377,0.4969967007637024,-1.03392493724823,0.7186459898948669,0.7406131029129028,-0.5584072470664978,0.3736521005630493,0.712252140045166,-0.5600030422210693,0.8027962446212769,1.1979424953460693,-0.5814598202705383,0.22726628184318542,1.01473069190979,-0.678867757320404,0.8210923075675964,1.4854155778884888,-0.9389886260032654,0.18805977702140808,1.3586771488189697,-1.12416410446167,0.8484918475151062,1.593667984008789,-1.0261991024017334,0.1481143832206726,1.4580432176589966,-1.2319778203964233,0.8141676187515259,1.5999102592468262,-1.1041001081466675,0.18866798281669617,1.470993995666504,-1.2986763715744019,0.7996299862861633,1.5543811321258545,-0.9898112416267395,0.20797008275985718,1.4374566078186035,-1.1735395193099976,0.651923418045044,1.5030156373977661,0.03389596566557884,0.42739370465278625,1.4913824796676636,-0.02603927254676819,0.6332741975784302,2.119832992553711,-0.12631934881210327,0.4148405194282532,2.107154607772827,-0.17012174427509308,0.6260471343994141,2.6306252479553223,0.4201012849807739,0.4074004888534546,2.6487932205200195,0.22617894411087036,0.6329866051673889,2.726854085922241,0.4765186607837677,0.4041355848312378,2.746570587158203,0.2584860026836395,0.5803853869438171,2.790583848953247,0.20146356523036957,0.43065938353538513,2.817863941192627,-0.06620712578296661
shake_head,0.5136630535125732,0.4450185298919678,-1.3538724184036255,0.5323023796081543,0.37870144844055176,-1.2997137308120728,0.5478184223175049,0.3739333152770996,-1.2991780042648315,0.5608439445495605,0.3705751895904541,-1.2988651990890503,0.48851215839385986,0.39306962490081787,-1.2992314100265503,0.4765939712524414,0.39695799350738525,-1.2991560697555542,0.46714550256729126,0.40110504627227783,-1.2988100051879883,0.5816015005111694,0.3928018808364868,-0.9424795508384705,0.4579457938671112,0.428896427154541,-0.9438258409500122,0.545263946056366,0.49154341220855713,-1.2178955078125,0.4946056008338928,0.5047786235809326,-1.2191394567489624,0.7256152629852295,0.7586079835891724,-0.6731837391853333,0.36714982986450195,0.7395675778388977,-0.6858156323432922,0.8222028017044067,1.2178024053573608,-0.6365333199501038,0.2439451813697815,1.153685212135315,-0.7334067225456238,0.8236601948738098,1.4799630641937256,-0.9152387380599976,0.24168792366981506,1.4237444400787354,-1.0555884838104248,0.8471616506576538,1.579158902168274,-0.9977020025253296,0.21095070242881775,1.5217736959457397,-1.1481049060821533,0.8125046491622925,1.5879309177398682,-1.064945101737976,0.25656527280807495,1.5369447469711304,-1.2124736309051514,0.800055742263794,1.5450289249420166,-0.9588456153869629,0.2729942798614502,1.5032545328140259,-1.0995447635650635,0.659349262714386,1.5013312101364136,0.030931077897548676,0.43393340706825256,1.5026518106460571,-0.02331295982003212,0.6441015601158142,2.117689847946167,-0.04518846422433853,0.4302334785461426,2.113859176635742,-0.2072627991437912,0.6389611959457397,2.6095519065856934,0.653080940246582,0.4232124090194702,2.6350317001342773,0.3469623327255249,0.6447746753692627,2.704502820968628,0.7224588990211487,0.4201940894126892,2.729130744934082,0.3924616873264313,0.5980501174926758,2.7725272178649902,0.42372238636016846,0.4491104483604431,2.8095645904541016,0.030499443411827087
shake_head,0.5172083973884583,0.4393552541732788,-1.3182393312454224,0.5355648398399353,0.3710392713546753,-1.2679585218429565,0.5498692989349365,0.36559760570526123,-1.2673991918563843,0.5623531341552734,0.3618342876434326,-1.2670068740844727,0.4913705587387085,0.38787364959716797,-1.2665393352508545,0.47852322459220886,0.39181244373321533,-1.2664523124694824,0.46836578845977783,0.3956611156463623,-1.266100525856018,0.5827879309654236,0.3865717649459839,-0.9240157008171082,0.45766523480415344,0.42365872859954834,-0.921475887298584,0.5473029017448425,0.4881720542907715,-1.186348557472229,0.49828681349754333,0.4996711015701294,-1.1863218545913696,0.7237946391105652,0.7510135173797607,-0.6661317944526672,0.37565508484840393,0.7226647138595581,-0.6688385605812073,0.8099751472473145,1.213573694229126,-0.6372725367546082,0.22339105606079102,1.0042026042938232,-0.714134931564331,0.8194516897201538,1.4880677461624146,-0.9310484528541565,0.1788536012172699,1.3953123092651367,-1.0435160398483276,0.8470003604888916,1.5908769369125366,-1.0125927925109863,0.13548177480697632,1.4947808980941772,-1.1359965801239014,0.8098353147506714,1.6027443408966064,-1.084797978401184,0.1830003261566162,1.5186622142791748,-1.2107876539230347,0.7958818674087524,1.559138298034668,-0.977363109588623,0.20377090573310852,1.4855573177337646,-1.0932400226593018,0.6496896147727966,1.503899335861206,0.0348779670894146,0.4259053170681,1.4960691928863525,-0.027149749919772148,0.62533038854599,2.137946605682373,-0.026218531653285027,0.41215980052948,2.1140918731689453,-0.23162081837654114,0.6173297762870789,2.636906147003174,0.6056832671165466,0.4014996290206909,2.6528754234313965,0.2476816624403,0.6235767602920532,2.733673572540283,0.6696954369544983,0.39678430557250977,2.751089096069336,0.2873615622520447,0.573072075843811,2.7980828285217285,0.3810948431491852,0.4286501407623291,2.825383186340332,-0.06390706449747086
shake_head,0.5460008382797241,0.42269599437713623,-1.1992114782333374,0.5593697428703308,0.3569068908691406,-1.1423544883728027,0.5707946419715881,0.3559013605117798,-1.1414923667907715,0.5808377861976624,0.3557227849960327,-1.1408696174621582,0.5182049870491028,0.3647118806838989,-1.1495212316513062,0.5021870136260986,0.3681168556213379,-1.149233102798462,0.48705530166625977,0.3719630241394043,-1.1487923860549927,0.5955893397331238,0.38550031185150146,-0.7928451895713806,0.468658983707428,0.40102410316467285,-0.8284502029418945,0.568841814994812,0.4745619297027588,-1.067635416984558,0.5199354887008667,0.48393714427948,-1.0782843828201294,0.7225068211555481,0.7462995648384094,-0.549197793006897,0.36970192193984985,0.7116157412528992,-0.6327832937240601,0.8019450902938843,1.1790289878845215,-0.5290639996528625,0.25201326608657837,1.0494365692138672,-0.7394589185714722,0.8131603002548218,1.5145156383514404,-0.8616249561309814,0.24090439081192017,1.4267878532409668,-1.1051034927368164,0.841939389705658,1.6438626050949097,-0.9424813389778137,0.2030373513698578,1.5340269804000854,-1.2082504034042358,0.7992187738418579,1.666595458984375,-1.0152583122253418,0.2525695562362671,1.5519508123397827,-1.2725363969802856,0.7865800857543945,1.6074120998382568,-0.9109958410263062,0.2710680663585663,1.5136566162109375,-1.1523512601852417,0.648746907711029,1.514538288116455,0.06460107117891312,0.42009758949279785,1.5057004690170288,-0.05694527179002762,0.6307463049888611,2.15525484085083,-0.030860431492328644,0.41197359561920166,2.1396782398223877,-0.24118533730506897,0.6198693513870239,2.659546136856079,0.5302593111991882,0.3984461724758148,2.6950762271881104,0.12182706594467163,0.6228060126304626,2.7621774673461914,0.590326189994812,0.3895195722579956,2.8004257678985596,0.15166151523590088,0.5853164792060852,2.8236021995544434,0.32698872685432434,0.4452000558376312,2.8721556663513184,-0.18024134635925293
shake_head,0.5444907546043396,0.43208539485931396,-1.154087781906128,0.5584543943405151,0.36142897605895996,-1.095551609992981,0.5707045197486877,0.3570687770843506,-1.095000982284546,0.5817579627037048,0.3541879653930664,-1.0944403409957886,0.5150479078292847,0.37871527671813965,-1.1016294956207275,0.4989069104194641,0.38390111923217773,-1.101509928703308,0.4855795204639435,0.388802170753479,-1.1012054681777954,0.5973051190376282,0.3811807632446289,-0.7369179725646973,0.46964138746261597,0.41914939880371094,-0.7690691947937012,0.5722712278366089,0.47877824306488037,-1.0192697048187256,0.5232408046722412,0.4941082000732422,-1.0290344953536987,0.7325327396392822,0.7582518458366394,-0.501825213432312,0.3754412829875946,0.7321903705596924,-0.5717253088951111,0.8085588812828064,1.2043707370758057,-0.5011703372001648,0.24336746335029602,1.0587124824523926,-0.7536104321479797,0.8268568515777588,1.5261218547821045,-0.8912872076034546,0.249490886926651,1.442307710647583,-1.2749234437942505,0.8552590608596802,1.6488641500473022,-0.982478678226471,0.22023436427116394,1.5491228103637695,-1.4079521894454956,0.8184800148010254,1.6632553339004517,-1.066689133644104,0.2670474052429199,1.5542534589767456,-1.4601012468338013,0.8046990036964417,1.6107020378112793,-0.9458606839179993,0.28336894512176514,1.5181467533111572,-1.3207381963729858,0.6662642955780029,1.5443390607833862,0.04928699508309364,0.4356016516685486,1.5385421514511108,-0.04148297756910324,0.6494553685188293,2.183073043823242,-0.07579881697893143,0.4296911358833313,2.1609017848968506,-0.23609288036823273,0.643501341342926,2.718454122543335,0.5490365028381348,0.42644792795181274,2.720482349395752,0.1990046352148056,0.6481721997261047,2.8207430839538574,0.6137843728065491,0.4227520227432251,2.821420192718506,0.2343294620513916,0.6045314073562622,2.891446590423584,0.32509228587150574,0.45853954553604126,2.9019055366516113,-0.11703139543533325
shake_head,0.5564898252487183,0.41372883319854736,-1.22610342502594,0.5657301545143127,0.34804439544677734,-1.1612597703933716,0.576719343662262,0.346996545791626,-1.1606109142303467,0.5869236588478088,0.3474748134613037,-1.1600695848464966,0.5266647338867188,0.3588440418243408,-1.174796462059021,0.5097751021385193,0.3643972873687744,-1.1746546030044556,0.4934319853782654,0.37020838260650635,-1.1743395328521729,0.596538782119751,0.3829582929611206,-0.7698507905006409,0.4719672203063965,0.4053657054901123,-0.8388433456420898,0.5782032012939453,0.4729553461074829,-1.0785890817642212,0.5309282541275024,0.48279356956481934,-1.0989493131637573,0.7250913381576538,0.76087886095047,-0.506692111492157,0.371254026889801,0.7310389280319214,-0.621289849281311,0.8016471266746521,1.2015447616577148,-0.5076587200164795,0.22795239090919495,1.1489691734313965,-0.7968547940254211,0.8167873620986938,1.5302215814590454,-0.9228083491325378,0.20431125164031982,1.4388571977615356,-1.2986849546432495,0.8445639610290527,1.6557159423828125,-1.015151023864746,0.16929692029953003,1.5466346740722656,-1.4283801317214966,0.807278573513031,1.6682649850845337,-1.0971325635910034,0.21568000316619873,1.5557589530944824,-1.4895718097686768,0.793552041053772,1.615613579750061,-0.977200448513031,0.2332077920436859,1.519768476486206,-1.3474926948547363,0.6615430116653442,1.5424251556396484,0.06909646838903427,0.42836248874664307,1.5459222793579102,-0.06114121899008751,0.6549263596534729,2.1922106742858887,-0.03275831416249275,0.43124109506607056,2.1687185764312744,-0.3289044201374054,0.6601353883743286,2.7339420318603516,0.6262633204460144,0.4369049072265625,2.7509758472442627,0.1121087595820427,0.6634958982467651,2.8389532566070557,0.6941076517105103,0.430745005607605,2.855405569076538,0.14730693399906158,0.6332448720932007,2.900693893432617,0.4003373682498932,0.48482316732406616,2.9299123287200928,-0.22877717018127441
shake_head,0.5648646354675293,0.4259220361709595,-1.2673817873001099,0.5748645663261414,0.3582165241241455,-1.2009891271591187,0.5851246118545532,0.35718488693237305,-1.2005302906036377,0.594892144203186,0.3576556444168091,-1.200248122215271,0.5363235473632812,0.36793363094329834,-1.2174826860427856,0.5198346972465515,0.37218499183654785,-1.2174018621444702,0.5031161308288574,0.3767968416213989,-1.2172272205352783,0.6041447520256042,0.392672061920166,-0.7817814946174622,0.4788321256637573,0.4090925455093384,-0.8666775226593018,0.5855953693389893,0.4845011234283447,-1.1061100959777832,0.5393638014793396,0.4917001724243164,-1.131450891494751,0.7250663638114929,0.7639447450637817,-0.4792332351207733,0.369514137506485,0.7278234958648682,-0.6226934194564819,0.7980685830116272,1.1856913566589355,-0.4430023431777954,0.242514967918396,1.1645714044570923,-0.8378888964653015,0.8205817937850952,1.5084184408187866,-0.8598244190216064,0.23085817694664001,1.3925782442092896,-1.4184914827346802,0.8436052203178406,1.6326313018798828,-0.9507843852043152,0.20701169967651367,1.4820544719696045,-1.5656874179840088,0.8171789646148682,1.6355363130569458,-1.0475058555603027,0.23973706364631653,1.4661744832992554,-1.6195999383926392,0.8041665554046631,1.5852445363998413,-0.9186469912528992,0.25443556904792786,1.439520001411438,-1.4643466472625732,0.6605879068374634,1.5473450422286987,0.06881900131702423,0.4292372763156891,1.554713487625122,-0.06171894818544388,0.6710954308509827,2.1800475120544434,0.0436118021607399,0.4479796290397644,2.1843156814575195,-0.24683749675750732,0.6795989871025085,2.7233598232269287,0.8394790291786194,0.46206146478652954,2.7790122032165527,0.2579811215400696,0.6791605949401855,2.818922281265259,0.9188249111175537,0.45780083537101746,2.8766815662384033,0.2965504229068756,0.6652721166610718,2.9033432006835938,0.6261286735534668,0.507642388343811,2.9710726737976074,-0.1014704704284668
shake_head,0.5727779865264893,0.4149819612503052,-1.2431890964508057,0.5797941088676453,0.3489595651626587,-1.177099347114563,0.5893600583076477,0.3478473424911499,-1.1770049333572388,0.5985545516014099,0.3485814332962036,-1.1767771244049072,0.5436673760414124,0.35854315757751465,-1.196298599243164,0.5275975465774536,0.3626927137374878,-1.196431279182434,0.5107362270355225,0.3671919107437134,-1.1963748931884766,0.6035500168800354,0.3864966630935669,-0.7527321577072144,0.48463740944862366,0.40072405338287354,-0.85048907995224,0.5927614569664001,0.4773519039154053,-1.0789960622787476,0.5471311807632446,0.4832378625869751,-1.1085774898529053,0.7228936553001404,0.7642244100570679,-0.447191447019577,0.3693758249282837,0.7151119112968445,-0.608245849609375,0.7960858345031738,1.1592248678207397,-0.41476961970329285,0.2120068073272705,1.0122706890106201,-0.8485162854194641,0.8217620849609375,1.4359652996063232,-0.8223286867141724,0.1724766194820404,1.333160161972046,-1.4536582231521606,0.8419928550720215,1.543372631072998,-0.9112443327903748,0.14405196905136108,1.415981650352478,-1.5986828804016113,0.8240155577659607,1.5364524126052856,-1.0080034732818604,0.17192083597183228,1.3984375,-1.6567951440811157,0.8102909326553345,1.4984569549560547,-0.8806624412536621,0.1891445517539978,1.3783198595046997,-1.5005769729614258,0.6488121747970581,1.5472029447555542,0.06757895648479462,0.42121195793151855,1.546602487564087,-0.060276251286268234,0.6522138118743896,2.1562256813049316,-0.00010137119534192607,0.43371182680130005,2.1583657264709473,-0.26895949244499207,0.6531151533126831,2.736250877380371,0.7772123217582703,0.442379355430603,2.7675271034240723,0.24895989894866943,0.6536334156990051,2.832587480545044,0.8534719944000244,0.43924349546432495,2.8602914810180664,0.2889046370983124,0.6348921060562134,2.91729736328125,0.5435422658920288,0.47593802213668823,2.9618964195251465,-0.12476389855146408
shake_head,0.5733039975166321,0.4228252172470093,-1.0809321403503418,0.5813292264938354,0.35877716541290283,-1.0172550678253174,0.590756356716156,0.3579559326171875,-1.0169284343719482,0.5999801158905029,0.35850322246551514,-1.0166503190994263,0.5452584028244019,0.36653590202331543,-1.0338300466537476,0.5287781953811646,0.36999738216400146,-1.0338317155838013,0.5115171670913696,0.37386250495910645,-1.033727765083313,0.6061983704566956,0.3956393003463745,-0.6254092454910278,0.4852224588394165,0.4068574905395508,-0.7082740664482117,0.5920237898826599,0.4814397096633911,-0.9305662512779236,0.5476685762405396,0.4865919351577759,-0.9556272029876709,0.7185444235801697,0.7692607641220093,-0.3686772286891937,0.37073802947998047,0.7169222235679626,-0.510184109210968,0.7909069061279297,1.1529231071472168,-0.35815587639808655,0.2385391891002655,1.0146019458770752,-0.743077278137207,0.8160712718963623,1.4715856313705444,-0.7822621464729309,0.24873793125152588,1.3613243103027344,-1.3134312629699707,0.8390301465988159,1.591241717338562,-0.8814399242401123,0.23249667882919312,1.4502516984939575,-1.4623427391052246,0.8134536743164062,1.5951991081237793,-0.9736371636390686,0.26428306102752686,1.4330904483795166,-1.5068695545196533,0.8001617193222046,1.549436330795288,-0.8416403532028198,0.2764292359352112,1.408396601676941,-1.3560656309127808,0.6465182304382324,1.5477800369262695,0.054976433515548706,0.4231806695461273,1.545067310333252,-0.0479738712310791,0.6505555510520935,2.1663107872009277,-0.0038500374648720026,0.43503162264823914,2.164829969406128,-0.12899808585643768,0.6524924039840698,2.7458224296569824,0.6989666819572449,0.44712722301483154,2.754009246826172,0.37297555804252625,0.652755081653595,2.841641902923584,0.7682211399078369,0.44427376985549927,2.8475615978240967,0.4118964374065399,0.6310399174690247,2.9311275482177734,0.47286930680274963,0.4786243736743927,2.9470832347869873,0.046560138463974
shake_head,0.5809077620506287,0.4290426969528198,-1.2944318056106567,0.5863189697265625,0.36431849002838135,-1.2307134866714478,0.5946947932243347,0.3630582094192505,-1.2306462526321411,0.6030265092849731,0.3633459806442261,-1.2303789854049683,0.5540983080863953,0.37404048442840576,-1.2511372566223145,0.5371784567832947,0.3787013292312622,-1.2513935565948486,0.519663393497467,0.3835200071334839,-1.2513790130615234,0.606837272644043,0.39842021465301514,-0.8001416921615601,0.4896283447742462,0.41610777378082275,-0.9003951549530029,0.5988960266113281,0.4887615442276001,-1.125250220298767,0.5559077262878418,0.4965900182723999,-1.1555181741714478,0.7233712673187256,0.7563729882240295,-0.4873706102371216,0.37236708402633667,0.7199985980987549,-0.6430405974388123,0.7868340015411377,1.1189765930175781,-0.45030006766319275,0.21005311608314514,1.0149226188659668,-0.9224363565444946,0.7801262140274048,1.3639839887619019,-0.8302479386329651,0.21990451216697693,1.3178938627243042,-1.5434058904647827,0.7897726893424988,1.464568853378296,-0.9226182103157043,0.200937420129776,1.39781653881073,-1.6918108463287354,0.771232545375824,1.4531822204589844,-1.0062496662139893,0.2290428876876831,1.373613953590393,-1.7431355714797974,0.7619500160217285,1.4197273254394531,-0.8817359805107117,0.24243399500846863,1.3527076244354248,-1.587280035018921,0.6555606722831726,1.5250625610351562,0.06661669909954071,0.43029874563217163,1.5329521894454956,-0.05947388336062431,0.6587884426116943,2.1288764476776123,-0.015514720231294632,0.4401383101940155,2.13818097114563,-0.28794917464256287,0.6555055975914001,2.7080070972442627,0.7300769090652466,0.44566404819488525,2.75022029876709,0.19499348104000092,0.6567122340202332,2.802633285522461,0.8031517267227173,0.4421933591365814,2.839918613433838,0.23232334852218628,0.635509729385376,2.8851511478424072,0.48998987674713135,0.47771167755126953,2.944206476211548,-0.18205921351909637
shake_head,0.5723476409912109,0.4264066219329834,-1.0811643600463867,0.5813562870025635,0.36021435260772705,-1.0104196071624756,0.591066837310791,0.35820436477661133,-1.0100305080413818,0.6004490256309509,0.3575708866119385,-1.0096997022628784,0.5431426167488098,0.37170541286468506,-1.0330199003219604,0.5257430076599121,0.37610185146331787,-1.0330380201339722,0.5084015727043152,0.38046741485595703,-1.032790184020996,0.6077954173088074,0.39247381687164307,-0.5949249267578125,0.48489120602607727,0.4120466709136963,-0.7069535851478577,0.5923545956611633,0.48064589500427246,-0.9244408011436462,0.5467532873153687,0.49105775356292725,-0.9576318264007568,0.725643515586853,0.7659562230110168,-0.3281439542770386,0.3741336464881897,0.7309929132461548,-0.5163373351097107,0.8003060221672058,1.1763803958892822,-0.30995890498161316,0.18516004085540771,1.0195581912994385,-0.7338477373123169,0.8165282607078552,1.5136932134628296,-0.7271837592124939,0.15011265873908997,1.3711966276168823,-1.2980717420578003,0.840739369392395,1.6388694047927856,-0.8126288056373596,0.11353921890258789,1.462658405303955,-1.4383857250213623,0.8123466372489929,1.64413583278656,-0.907288134098053,0.15334215760231018,1.4645864963531494,-1.4946660995483398,0.7989569306373596,1.598343849182129,-0.7859265804290771,0.17225557565689087,1.4400146007537842,-1.3454140424728394,0.6588903069496155,1.574464201927185,0.08794528245925903,0.42777180671691895,1.5753018856048584,-0.08004816621541977,0.6573902368545532,2.2075085639953613,0.007431676145642996,0.4378117322921753,2.1743581295013428,-0.4254800081253052,0.6552512645721436,2.7789390087127686,0.7480993866920471,0.4435131251811981,2.7887496948242188,0.06842350959777832,0.6533006429672241,2.8819761276245117,0.8209521174430847,0.43725287914276123,2.8911213874816895,0.10555783659219742,0.645352840423584,2.9597134590148926,0.5222821235656738,0.4861767888069153,2.980142116546631,-0.3062424063682556
shake_head,0.5654177069664001,0.41712677478790283,-1.058741807937622,0.5757389664649963,0.35606324672698975,-0.9930286407470703,0.5859502553939819,0.35663068294525146,-0.9925524592399597,0.595731258392334,0.3582146167755127,-0.9922732710838318,0.5375784039497375,0.35969221591949463,-1.0127222537994385,0.5208094716072083,0.3624727725982666,-1.0126135349273682,0.5039529800415039,0.36628031730651855,-1.0124660730361938,0.6034370064735413,0.3974043130874634,-0.5977601408958435,0.4811663031578064,0.40291500091552734,-0.6956755518913269,0.5856192111968994,0.47903668880462646,-0.9081547260284424,0.5385351181030273,0.4840199947357178,-0.9372560381889343,0.7171496152877808,0.7732858657836914,-0.3381759822368622,0.3684077858924866,0.7275041937828064,-0.4995158612728119,0.8012290000915527,1.1914499998092651,-0.3282947242259979,0.18873536586761475,1.0198297500610352,-0.6771790385246277,0.834199070930481,1.5003161430358887,-0.7394452095031738,0.11454162001609802,1.376741647720337,-1.1916126012802124,0.861512303352356,1.6105780601501465,-0.8309304714202881,0.07393783330917358,1.4664807319641113,-1.3222122192382812,0.8368574976921082,1.6139885187149048,-0.9248525500297546,0.10798653960227966,1.4706844091415405,-1.385103464126587,0.8213369846343994,1.5723375082015991,-0.8003968596458435,0.12854430079460144,1.4457471370697021,-1.241178035736084,0.6446773409843445,1.5615793466567993,0.07190100848674774,0.42028069496154785,1.5610966682434082,-0.06450234353542328,0.6464464068412781,2.1793370246887207,0.08011520653963089,0.4285852313041687,2.187544345855713,-0.19006769359111786,0.647363543510437,2.7565176486968994,0.8478803634643555,0.43395137786865234,2.7913873195648193,0.344931423664093,0.6439721584320068,2.857257127761841,0.9228091239929199,0.4279721975326538,2.8922948837280273,0.38525447249412537,0.6387174129486084,2.931849718093872,0.6406714916229248,0.47207948565483093,2.9765686988830566,0.0030865478329360485
shake_head,0.5516413450241089,0.42654287815093994,-1.26482355594635,0.5657578706741333,0.36103570461273193,-1.2020502090454102,0.5774536728858948,0.35925209522247314,-1.2013715505599976,0.5884671807289124,0.3593459129333496,-1.2010388374328613,0.5222262740135193,0.3700990676879883,-1.2159539461135864,0.5047755241394043,0.3740168809890747,-1.2158427238464355,0.49056538939476013,0.3784087896347046,-1.2155566215515137,0.6013337969779968,0.39223170280456543,-0.8061205148696899,0.473422646522522,0.4091705083847046,-0.874968409538269,0.575391411781311,0.48087358474731445,-1.1132558584213257,0.5253378748893738,0.48948049545288086,-1.1337302923202515,0.7202383279800415,0.7470012903213501,-0.5148406624794006,0.3707212209701538,0.7293209433555603,-0.6385849714279175,0.8189647793769836,1.1613178253173828,-0.44314655661582947,0.22361823916435242,1.1526647806167603,-0.7807244658470154,0.8389306664466858,1.4911004304885864,-0.7913472652435303,0.20487338304519653,1.40773606300354,-1.247212529182434,0.8660377264022827,1.6115742921829224,-0.872172474861145,0.1742314100265503,1.5021991729736328,-1.3724607229232788,0.832964301109314,1.6236944198608398,-0.9632765650749207,0.21418210864067078,1.501131296157837,-1.4306695461273193,0.8188086152076721,1.5759379863739014,-0.8467592000961304,0.2311307191848755,1.4720649719238281,-1.2930082082748413,0.6599595546722412,1.5366332530975342,0.06301109492778778,0.43075031042099,1.5456210374832153,-0.05588126182556152,0.6562266945838928,2.1732337474823,0.07729322463274002,0.43635469675064087,2.1820366382598877,-0.16388213634490967,0.6523908376693726,2.7059426307678223,0.8385982513427734,0.4361198842525482,2.750260829925537,0.34383055567741394,0.6514460444450378,2.802614688873291,0.9158673286437988,0.4303938150405884,2.8464794158935547,0.3842088282108307,0.6332709789276123,2.8835206031799316,0.6359174251556396,0.47909846901893616,2.939452648162842,0.012439368292689323
shake_head,0.5535936951637268,0.4278217554092407,-1.099938154220581,0.5637586116790771,0.3568089008331299,-1.0356626510620117,0.5747156739234924,0.35344552993774414,-1.0349427461624146,0.5850071310997009,0.3514213562011719,-1.0342706441879272,0.5241442322731018,0.37291014194488525,-1.0515202283859253,0.5086321234703064,0.37833738327026367,-1.0513099431991577,0.49372339248657227,0.3837848901748657,-1.0509177446365356,0.5968276262283325,0.38427627086639404,-0.6704621315002441,0.4742826819419861,0.4153614044189453,-0.744514524936676,0.5779350399971008,0.4814753532409668,-0.964192271232605,0.5307995080947876,0.4949619770050049,-0.9858675599098206,0.7306733131408691,0.7688004374504089,-0.4329138398170471,0.37004125118255615,0.7354103326797485,-0.5933936834335327,0.8052046895027161,1.2106103897094727,-0.46729594469070435,0.24802324175834656,1.170586347579956,-0.7866190671920776,0.8245213031768799,1.5489343404769897,-0.9177437424659729,0.22986093163490295,1.472765564918518,-1.282188057899475,0.856469988822937,1.6758954524993896,-1.015302300453186,0.19253501296043396,1.585066556930542,-1.416279673576355,0.8150202035903931,1.6980725526809692,-1.094382643699646,0.24303293228149414,1.5988885164260864,-1.4743883609771729,0.800125241279602,1.6427334547042847,-0.9740921854972839,0.26103469729423523,1.5601059198379517,-1.3311035633087158,0.6529862880706787,1.5605806112289429,0.08515335619449615,0.42340826988220215,1.550264835357666,-0.07719331234693527,0.6389994621276855,2.216362237930298,-0.027040069922804832,0.4206104278564453,2.1856558322906494,-0.2876119911670685,0.6305772066116333,2.760542869567871,0.624845564365387,0.4112238883972168,2.771009922027588,0.13121360540390015,0.6322674751281738,2.8688223361968994,0.6923986673355103,0.40205106139183044,2.8809142112731934,0.1650410294532776,0.605137825012207,2.9303808212280273,0.41318419575691223,0.46203020215034485,2.9496984481811523,-0.1907096803188324
shake_head,0.5254521369934082,0.43240058422088623,-1.2483232021331787,0.546088695526123,0.3676567077636719,-1.195514440536499,0.5610051155090332,0.36590421199798584,-1.1948320865631104,0.5740763545036316,0.36519789695739746,-1.1942631006240845,0.4985713064670563,0.37555885314941406,-1.1957197189331055,0.4846271872520447,0.3780825138092041,-1.195462942123413,0.473265677690506,0.3811032772064209,-1.1950562000274658,0.595689058303833,0.39425063133239746,-0.8478760123252869,0.4612468481063843,0.41052770614624023,-0.8580527305603027,0.5557715892791748,0.48667222261428833,-1.117353916168213,0.5021012425422668,0.494440495967865,-1.1208666563034058,0.7274367213249207,0.7605845928192139,-0.613591730594635,0.3651127219200134,0.7137593030929565,-0.6297486424446106,0.8030713796615601,1.2293119430541992,-0.6191941499710083,0.22325176000595093,1.1056268215179443,-0.7626432180404663,0.8111163377761841,1.536260724067688,-0.9459308385848999,0.1829085648059845,1.3593848943710327,-1.202613353729248,0.8372915983200073,1.6556771993637085,-1.0274683237075806,0.14234983921051025,1.4530268907546997,-1.3106142282485962,0.7995879054069519,1.6682558059692383,-1.0987616777420044,0.1859053075313568,1.467052698135376,-1.3685826063156128,0.7870217561721802,1.6124483346939087,-0.9939373135566711,0.2063755989074707,1.4357706308364868,-1.2490839958190918,0.6530481576919556,1.5319501161575317,0.045945581048727036,0.42129766941070557,1.51729154586792,-0.03849960118532181,0.6294336318969727,2.155362129211426,-0.018162284046411514,0.41008424758911133,2.139970541000366,-0.18504901230335236,0.614860475063324,2.6590938568115234,0.5969847440719604,0.394692063331604,2.6774682998657227,0.25740593671798706,0.6183473467826843,2.7608916759490967,0.6618920564651489,0.38961276412010193,2.779388904571533,0.29500916600227356,0.5735464692115784,2.8320391178131104,0.3874002695083618,0.42539626359939575,2.8592309951782227,-0.041589606553316116
shake_head,0.5211303234100342,0.43231308460235596,-1.2396948337554932,0.5398412346839905,0.36664140224456787,-1.1875886917114258,0.554658055305481,0.3621399402618408,-1.187078833580017,0.5676757097244263,0.3592510223388672,-1.1865984201431274,0.49465325474739075,0.3818802833557129,-1.1862983703613281,0.48101410269737244,0.38641357421875,-1.1862244606018066,0.4702112674713135,0.39114880561828613,-1.1858596801757812,0.5893044471740723,0.38409483432769775,-0.8423706293106079,0.4592731297016144,0.4220554828643799,-0.8420328497886658,0.5521328449249268,0.4820765256881714,-1.1096398830413818,0.5015702247619629,0.49443984031677246,-1.1103689670562744,0.7230539321899414,0.7513465285301208,-0.5969278216362,0.3755563497543335,0.729828417301178,-0.600883960723877,0.8075056076049805,1.222392201423645,-0.5910654664039612,0.25332537293434143,1.1491219997406006,-0.6714678406715393,0.8143036365509033,1.4633549451828003,-0.9214677214622498,0.23172974586486816,1.411192536354065,-1.066693663597107,0.8399266004562378,1.552435040473938,-1.0073438882827759,0.19748330116271973,1.5074023008346558,-1.1682368516921997,0.8063187599182129,1.5586525201797485,-1.0759018659591675,0.24147802591323853,1.5193123817443848,-1.2315846681594849,0.791435718536377,1.5205408334732056,-0.9674980044364929,0.2597714364528656,1.4866971969604492,-1.1131134033203125,0.662597119808197,1.5017664432525635,0.034943919628858566,0.43634042143821716,1.49790620803833,-0.02726273611187935,0.6497341990470886,2.1153740882873535,-0.034528788179159164,0.4361061155796051,2.10845947265625,-0.14820004999637604,0.6480783820152283,2.6151301860809326,0.6043314337730408,0.432698518037796,2.633040428161621,0.32896220684051514,0.6546236276626587,2.710869789123535,0.6706496477127075,0.4306480586528778,2.7290115356445312,0.36934056878089905,0.6080756783485413,2.7826929092407227,0.396307110786438,0.4595823585987091,2.8060426712036133,0.0338754802942276
shake_head,0.5192072987556458,0.4434894323348999,-1.168054461479187,0.5373465418815613,0.37982892990112305,-1.116330623626709,0.5510526895523071,0.37610411643981934,-1.1156423091888428,0.5635219216346741,0.3733259439468384,-1.1150274276733398,0.4966193735599518,0.39069461822509766,-1.11367928981781,0.4829566478729248,0.3946876525878906,-1.1133838891983032,0.4721037745475769,0.3980121612548828,-1.112978219985962,0.5841057300567627,0.39743077754974365,-0.7886490225791931,0.4608932137489319,0.4254246950149536,-0.7809234857559204,0.54758620262146,0.4923068881034851,-1.0455093383789062,0.4998301863670349,0.5040623545646667,-1.043793797492981,0.7245144844055176,0.7562881112098694,-0.5642293691635132,0.3778698742389679,0.7319848537445068,-0.582537829875946,0.7966443300247192,1.1268534660339355,-0.570033609867096,0.2663630247116089,1.1363377571105957,-0.6814108490943909,0.8210018873214722,1.4865646362304688,-0.899153470993042,0.2643921375274658,1.4062474966049194,-1.0664646625518799,0.8496575355529785,1.5941632986068726,-0.9848955273628235,0.23251795768737793,1.509554386138916,-1.1672005653381348,0.8106473684310913,1.6137967109680176,-1.0533137321472168,0.28190356492996216,1.5274903774261475,-1.227176547050476,0.7971704602241516,1.560829758644104,-0.94693523645401,0.2982386350631714,1.4892163276672363,-1.112099528312683,0.6577827334403992,1.5157512426376343,0.047468025237321854,0.4415855407714844,1.4822365045547485,-0.0396663136780262,0.6388148069381714,2.1310527324676514,-0.0636756420135498,0.4205222725868225,2.124511241912842,-0.1748018115758896,0.6254766583442688,2.6319260597229004,0.4887661933898926,0.4049629271030426,2.6534042358398438,0.2261025756597519,0.629819393157959,2.734391689300537,0.5468385815620422,0.3997150659561157,2.756375312805176,0.2591686546802521,0.5825285315513611,2.7996368408203125,0.27760568261146545,0.4391462802886963,2.829918384552002,-0.06586036831140518
shake_head,0.5055499076843262,0.441241979598999,-1.0771441459655762,0.5265560150146484,0.37708163261413574,-1.0282933712005615,0.5415875911712646,0.3741950988769531,-1.0277289152145386,0.5547784566879272,0.37179136276245117,-1.0270414352416992,0.485219269990921,0.38545167446136475,-1.0203032493591309,0.4735695421695709,0.3876842260360718,-1.0200433731079102,0.4639369547367096,0.389839768409729,-1.019767165184021,0.5801364779472351,0.39461612701416016,-0.7157188057899475,0.4576469659805298,0.41440534591674805,-0.6808543801307678,0.5366235971450806,0.4897710084915161,-0.9597918391227722,0.48786306381225586,0.4988555908203125,-0.9503458142280579,0.7274823188781738,0.7495287656784058,-0.5081024169921875,0.37821638584136963,0.7212187051773071,-0.4957011938095093,0.8119352459907532,1.2295606136322021,-0.5481657385826111,0.2862381339073181,1.0449556112289429,-0.5923740267753601,0.8243193030357361,1.4883860349655151,-0.9292965531349182,0.2652982473373413,1.4436099529266357,-1.0378670692443848,0.8517106771469116,1.591859221458435,-1.029117465019226,0.23029133677482605,1.5587568283081055,-1.1488890647888184,0.8146185874938965,1.6066044569015503,-1.101295828819275,0.2764394283294678,1.5785421133041382,-1.2195972204208374,0.8012221455574036,1.5558418035507202,-0.9804891347885132,0.29439857602119446,1.5355138778686523,-1.0896168947219849,0.6624472737312317,1.5263948440551758,0.039996836334466934,0.43245142698287964,1.5046672821044922,-0.03187645599246025,0.6372184157371521,2.1395416259765625,-0.09952495992183685,0.41584569215774536,2.1265664100646973,-0.14498154819011688,0.6201432347297668,2.657308578491211,0.45203831791877747,0.3963674008846283,2.6707773208618164,0.23991936445236206,0.6259849071502686,2.7598838806152344,0.5088870525360107,0.39063429832458496,2.7759294509887695,0.27125686407089233,0.5700175166130066,2.824014186859131,0.23456785082817078,0.42444533109664917,2.8429040908813477,-0.048289235681295395
shake_head,0.50825035572052,0.4445458650588989,-0.9921961426734924,0.5293412804603577,0.3798091411590576,-0.9422970414161682,0.5442028045654297,0.37593936920166016,-0.9418339729309082,0.5575494170188904,0.3734332323074341,-0.9410880208015442,0.4894110858440399,0.3903319835662842,-0.931384265422821,0.4776109457015991,0.3927483558654785,-0.9311826825141907,0.4673364758491516,0.3952995538711548,-0.9309719800949097,0.582753598690033,0.3992035388946533,-0.6302492618560791,0.4607243835926056,0.42084717750549316,-0.5796545147895813,0.5389840602874756,0.4938851594924927,-0.8764029741287231,0.4918172359466553,0.501684308052063,-0.8625977039337158,0.7301433682441711,0.764536440372467,-0.44449421763420105,0.38394269347190857,0.737548291683197,-0.38734138011932373,0.8075152635574341,1.2438411712646484,-0.47994670271873474,0.29551592469215393,1.1735632419586182,-0.5220131874084473,0.8298580050468445,1.5276306867599487,-0.8572981953620911,0.2891184091567993,1.4419441223144531,-1.0483455657958984,0.8604589104652405,1.6329095363616943,-0.9568048715591431,0.25943103432655334,1.5474551916122437,-1.172048807144165,0.8260992765426636,1.6473439931869507,-1.0341038703918457,0.3017359972000122,1.5536789894104004,-1.2304717302322388,0.8096274733543396,1.6005648374557495,-0.9101458191871643,0.3185005784034729,1.515412449836731,-1.0988144874572754,0.671981155872345,1.5548007488250732,0.019429856911301613,0.440900981426239,1.5391755104064941,-0.01142250094562769,0.651462197303772,2.1620707511901855,-0.1074770912528038,0.43315762281417847,2.1580393314361572,-0.07054989039897919,0.6368644833564758,2.704660415649414,0.5007197856903076,0.41746461391448975,2.7143373489379883,0.31809595227241516,0.6433889865875244,2.8043253421783447,0.5633137226104736,0.4146319031715393,2.81679630279541,0.34989914298057556,0.5872395634651184,2.8757948875427246,0.2880931794643402,0.43680649995803833,2.8856565952301025,0.03096572309732437
shake_head,0.5051753520965576,0.4309602975845337,-0.9957586526870728,0.5254203081130981,0.3656703233718872,-0.9453832507133484,0.5402345657348633,0.36329174041748047,-0.9447576999664307,0.5534347295761108,0.36230897903442383,-0.9439995884895325,0.48642536997795105,0.3733224868774414,-0.93746417760849,0.47512301802635193,0.37557923793792725,-0.9371731877326965,0.4649474322795868,0.37869739532470703,-0.9368874430656433,0.5788496136665344,0.39161550998687744,-0.6365391612052917,0.4570964574813843,0.4068845510482788,-0.5984576344490051,0.5350067615509033,0.4819962978363037,-0.8807097673416138,0.48686856031417847,0.48972415924072266,-0.8704895377159119,0.7225992679595947,0.7551859021186829,-0.4538801610469818,0.37246963381767273,0.7203537821769714,-0.4231685698032379,0.7940024137496948,1.2149028778076172,-0.48361286520957947,0.27322590351104736,1.0358126163482666,-0.5334845185279846,0.8124130368232727,1.499371886253357,-0.840704619884491,0.267029732465744,1.4285401105880737,-0.9781679511070251,0.8424860239028931,1.6108505725860596,-0.9361057281494141,0.23089805245399475,1.5355870723724365,-1.0893436670303345,0.8051085472106934,1.629732370376587,-1.0089014768600464,0.276928186416626,1.5528837442398071,-1.1539846658706665,0.7912207245826721,1.577551007270813,-0.8926659822463989,0.29550090432167053,1.51389479637146,-1.0300737619400024,0.6549016237258911,1.538600206375122,0.029752366244792938,0.42322784662246704,1.5216010808944702,-0.021283073350787163,0.6411737203598022,2.1637325286865234,-0.12162201851606369,0.4203183054924011,2.1584279537200928,-0.13368484377861023,0.6349978446960449,2.7010793685913086,0.4192970097064972,0.40963780879974365,2.722799777984619,0.21335342526435852,0.6430296301841736,2.8037424087524414,0.4764617085456848,0.404477596282959,2.8305468559265137,0.24221697449684143,0.586228609085083,2.8672232627868652,0.20302003622055054,0.4396827816963196,2.890230178833008,-0.07324139028787613
shake_head,0.5005539655685425,0.43799757957458496,-0.9935730695724487,0.5224571228027344,0.3750232458114624,-0.9399580955505371,0.5378713011741638,0.37287914752960205,-0.9393073916435242,0.5516114234924316,0.3718641996383667,-0.9385524988174438,0.4838936924934387,0.38047873973846436,-0.9323992729187012,0.4732430875301361,0.38201093673706055,-0.9320411086082458,0.4638816714286804,0.38422060012817383,-0.9318132996559143,0.5776777267456055,0.3978918790817261,-0.6185365915298462,0.4581170976161957,0.4092658758163452,-0.5858311653137207,0.5305305123329163,0.48828232288360596,-0.8745436668395996,0.48369088768959045,0.4941082000732422,-0.8659089803695679,0.7280870079994202,0.7619953751564026,-0.42565980553627014,0.3761574327945709,0.7220849990844727,-0.41241008043289185,0.7950668334960938,1.2190145254135132,-0.4497474730014801,0.25379422307014465,1.0274567604064941,-0.5994663238525391,0.8159630298614502,1.5083519220352173,-0.8052767515182495,0.26020410656929016,1.3752810955047607,-1.153623342514038,0.8432589769363403,1.6260672807693481,-0.896722674369812,0.22998541593551636,1.4736366271972656,-1.282999873161316,0.81035977602005,1.641518235206604,-0.9777176976203918,0.2746275067329407,1.4765292406082153,-1.330126166343689,0.7977330684661865,1.585080623626709,-0.859890878200531,0.29148587584495544,1.4421072006225586,-1.2001526355743408,0.657982587814331,1.5394883155822754,0.040264666080474854,0.4363766610622406,1.482313871383667,-0.032070670276880264,0.6403576731681824,2.141789674758911,-0.10534284263849258,0.4166720509529114,2.146117687225342,-0.12373442947864532,0.6198139190673828,2.680873155593872,0.4751355051994324,0.3961942195892334,2.7071492671966553,0.23149746656417847,0.6231435537338257,2.7851271629333496,0.5355442762374878,0.3902737498283386,2.8148841857910156,0.25926342606544495,0.5749542713165283,2.8485498428344727,0.2673892378807068,0.4243646264076233,2.8766112327575684,-0.06787331402301788
shake_head,0.5032222270965576,0.4424070119857788,-1.1892964839935303,0.5237759947776794,0.37955641746520996,-1.1425992250442505,0.5385652184486389,0.3769913911819458,-1.1420633792877197,0.5516597628593445,0.3747369050979614,-1.1414772272109985,0.48481327295303345,0.3861422538757324,-1.137839913368225,0.47396713495254517,0.3880575895309448,-1.1376705169677734,0.46456122398376465,0.39004218578338623,-1.1374114751815796,0.5780096054077148,0.3963369131088257,-0.8225827813148499,0.45879048109054565,0.4132652282714844,-0.8046337962150574,0.5336468815803528,0.49200576543807983,-1.0673351287841797,0.48683375120162964,0.4987527132034302,-1.0628135204315186,0.7172977328300476,0.7369215488433838,-0.5988030433654785,0.3764098882675171,0.7099002599716187,-0.577037513256073,0.8058245182037354,1.209561824798584,-0.6036027669906616,0.2287287712097168,0.9820601940155029,-0.6820181012153625,0.8318972587585449,1.4743826389312744,-0.9055823683738708,0.1578560173511505,1.31447434425354,-1.080222249031067,0.8616470694541931,1.5757414102554321,-0.9837995171546936,0.11062705516815186,1.3999541997909546,-1.175188660621643,0.8285291790962219,1.5894123315811157,-1.0590091943740845,0.15150874853134155,1.419529914855957,-1.2415841817855835,0.8142420649528503,1.5425302982330322,-0.9552580118179321,0.17411717772483826,1.391601324081421,-1.1296640634536743,0.6512380242347717,1.4934111833572388,0.030171742662787437,0.42722541093826294,1.4804084300994873,-0.02222556062042713,0.627058744430542,2.102085590362549,-0.08029817044734955,0.413128137588501,2.103163242340088,-0.13102249801158905,0.6153663396835327,2.6193971633911133,0.459168404340744,0.3980960249900818,2.6478569507598877,0.26127153635025024,0.6222274303436279,2.718596935272217,0.5153464674949646,0.39443719387054443,2.749413013458252,0.29374825954437256,0.5647660493850708,2.7779831886291504,0.23696595430374146,0.41935598850250244,2.8125362396240234,-0.03255423903465271
shake_head,0.5096756219863892,0.43445777893066406,-1.2635414600372314,0.5284771919250488,0.3711439371109009,-1.2121212482452393,0.5429657697677612,0.36758923530578613,-1.2113964557647705,0.5559415817260742,0.3650439977645874,-1.2107799053192139,0.48669350147247314,0.3829178810119629,-1.2117184400558472,0.4743248224258423,0.3865917921066284,-1.21150803565979,0.46417972445487976,0.3902249336242676,-1.21116042137146,0.5801945924758911,0.39009642601013184,-0.8730625510215759,0.45498988032341003,0.4189335107803345,-0.8768097758293152,0.5405924916267395,0.4847005605697632,-1.1354166269302368,0.49135151505470276,0.49455010890960693,-1.1368509531021118,0.7224259376525879,0.7546863555908203,-0.6298553943634033,0.3707065284252167,0.7155408263206482,-0.6409357786178589,0.8127479553222656,1.2265591621398926,-0.6097911596298218,0.20732271671295166,1.0164750814437866,-0.733647882938385,0.8342990875244141,1.4792954921722412,-0.8956129550933838,0.15619084239006042,1.3418943881988525,-1.0976777076721191,0.863777220249176,1.5770492553710938,-0.9702855348587036,0.10979050397872925,1.4297382831573486,-1.1869803667068481,0.8287783861160278,1.5926754474639893,-1.0415475368499756,0.15360963344573975,1.4500057697296143,-1.252611756324768,0.8142610788345337,1.5457651615142822,-0.9435442686080933,0.17583996057510376,1.419998288154602,-1.145311951637268,0.6518974304199219,1.5057554244995117,0.046133968979120255,0.423698365688324,1.4962735176086426,-0.03832734748721123,0.6245318055152893,2.1259500980377197,-0.05021370202302933,0.4069996178150177,2.1377291679382324,-0.1341242790222168,0.6046138405799866,2.644742965698242,0.5136619210243225,0.38195377588272095,2.679750442504883,0.2766003906726837,0.6078029870986938,2.7491061687469482,0.5729396343231201,0.3750080466270447,2.7837443351745605,0.3105413019657135,0.5606272220611572,2.8039751052856445,0.29690712690353394,0.4132801294326782,2.848524570465088,-0.022406691685318947
shake_head,0.5244086384773254,0.43664252758026123,-1.0662208795547485,0.5398396849632263,0.36861658096313477,-1.0157957077026367,0.5535029768943787,0.3643007278442383,-1.0152479410171509,0.5657237768173218,0.36087727546691895,-1.0146570205688477,0.4967886507511139,0.38374316692352295,-1.0138911008834839,0.4836652874946594,0.3878905773162842,-1.0136938095092773,0.47248780727386475,0.39219343662261963,-1.0133172273635864,0.5852462649345398,0.38568031787872314,-0.6963298916816711,0.45923274755477905,0.4207049608230591,-0.6894046068191528,0.5535805821418762,0.48442506790161133,-0.9465455412864685,0.5045811533927917,0.4979470372200012,-0.9450713396072388,0.7234010696411133,0.7595905065536499,-0.48823118209838867,0.37303951382637024,0.7229663729667664,-0.5088976621627808,0.8030318021774292,1.2277719974517822,-0.5298320651054382,0.2513560950756073,1.0495021343231201,-0.5989178419113159,0.8228116631507874,1.4894707202911377,-0.9233419895172119,0.22804483771324158,1.4250339269638062,-1.0090768337249756,0.8538870811462402,1.5881597995758057,-1.0205233097076416,0.19079211354255676,1.5293103456497192,-1.1146438121795654,0.8161357641220093,1.6017323732376099,-1.0904748439788818,0.23745578527450562,1.5481505393981934,-1.1834994554519653,0.8001759052276611,1.5569281578063965,-0.9737768173217773,0.2559666335582733,1.510770559310913,-1.059347152709961,0.6525052785873413,1.5319924354553223,0.04358385503292084,0.426206111907959,1.5175007581710815,-0.03576063737273216,0.6379687190055847,2.1564085483551025,-0.08882386237382889,0.42047953605651855,2.1493687629699707,-0.15775200724601746,0.6296218037605286,2.674973487854004,0.4663032293319702,0.40999674797058105,2.6945080757141113,0.24891166388988495,0.6341899037361145,2.7765161991119385,0.5236575603485107,0.40450024604797363,2.79838228225708,0.28214383125305176,0.5918161273002625,2.8445615768432617,0.25480714440345764,0.4428020417690277,2.8698394298553467,-0.035334035754203796
shake_head,0.5395351648330688,0.4261270761489868,-1.170906662940979,0.5533064007759094,0.3543606996536255,-1.1168166399002075,0.5659120082855225,0.35050272941589355,-1.1162477731704712,0.5770809054374695,0.34808099269866943,-1.1158102750778198,0.5101221799850464,0.3708571195602417,-1.1241172552108765,0.49424901604652405,0.3763163089752197,-1.1241291761398315,0.4813048839569092,0.3814653158187866,-1.123806357383728,0.5935946106910706,0.3764232397079468,-0.768576979637146,0.4667636752128601,0.41326820850372314,-0.8034679889678955,0.5669600367546082,0.4765956401824951,-1.0383002758026123,0.5185914635658264,0.49116718769073486,-1.0489733219146729,0.724516749382019,0.7513124942779541,-0.519020140171051,0.37674224376678467,0.7153860330581665,-0.5955904126167297,0.8140536546707153,1.2080053091049194,-0.4953595995903015,0.22144702076911926,0.985435426235199,-0.6869784593582153,0.8303203582763672,1.527693510055542,-0.836290180683136,0.15821826457977295,1.3460698127746582,-1.0581028461456299,0.8609750270843506,1.6406563520431519,-0.9181151390075684,0.11328062415122986,1.4405834674835205,-1.1618849039077759,0.822769284248352,1.6543948650360107,-1.0002853870391846,0.16036564111709595,1.4627643823623657,-1.2309281826019287,0.8073670864105225,1.6097428798675537,-0.8889532089233398,0.1807519495487213,1.4332767724990845,-1.1074106693267822,0.6526981592178345,1.533023476600647,0.0580594502389431,0.4301127791404724,1.5261609554290771,-0.050023987889289856,0.6341053247451782,2.1863348484039307,-0.027400510385632515,0.41887739300727844,2.168063163757324,-0.19353070855140686,0.6232109069824219,2.729154586791992,0.5532919764518738,0.4061009883880615,2.742981433868408,0.23128275573253632,0.6274393796920776,2.8296823501586914,0.6132546067237854,0.3988536596298218,2.8469290733337402,0.2661493122577667,0.5872195959091187,2.8930504322052,0.3345068395137787,0.43845421075820923,2.9114389419555664,-0.07488244026899338
shake_head,0.5551522374153137,0.4254401922225952,-1.170662760734558,0.5632995367050171,0.35721731185913086,-1.1063416004180908,0.5740023255348206,0.3543955087661743,-1.1056090593338013,0.5838217735290527,0.3531264066696167,-1.1049507856369019,0.5239468216896057,0.37227725982666016,-1.121323585510254,0.5076850056648254,0.377860426902771,-1.1211597919464111,0.49201729893684387,0.3831605911254883,-1.1208059787750244,0.593375027179718,0.3850318193435669,-0.7334871888160706,0.4710674285888672,0.41328704357147217,-0.806229829788208,0.577890157699585,0.47940683364868164,-1.0318260192871094,0.5309941172599792,0.4895716905593872,-1.0530657768249512,0.7258065938949585,0.7649316787719727,-0.4850476086139679,0.3680768609046936,0.7332680821418762,-0.6287024617195129,0.8156907558441162,1.2173182964324951,-0.4968236982822418,0.2250727117061615,1.167118787765503,-0.8364948630332947,0.8318822383880615,1.5580039024353027,-0.9250171780586243,0.19384005665779114,1.4455069303512573,-1.3675602674484253,0.8613298535346985,1.6854479312896729,-1.0200773477554321,0.15574884414672852,1.550935983657837,-1.5053483247756958,0.8216735124588013,1.7015714645385742,-1.1009570360183716,0.2028501331806183,1.5554862022399902,-1.56052565574646,0.8071514964103699,1.6471452713012695,-0.9806568622589111,0.22173461318016052,1.5213080644607544,-1.4154448509216309,0.6566601395606995,1.5607537031173706,0.0801851898431778,0.43268731236457825,1.5252691507339478,-0.07272547483444214,0.6430278420448303,2.215704917907715,0.02035333961248398,0.4247090220451355,2.195836067199707,-0.20487189292907715,0.6333714723587036,2.748023509979248,0.6993421316146851,0.41593319177627563,2.7631735801696777,0.23392996191978455,0.63419508934021,2.853461742401123,0.7692089676856995,0.40709584951400757,2.8678345680236816,0.2693604826927185,0.6089462637901306,2.9166293144226074,0.4914522171020508,0.4660969376564026,2.941136598587036,-0.08428201079368591
shake_head,0.5562251806259155,0.42973899841308594,-1.2000410556793213,0.5672227740287781,0.3603161573410034,-1.1381160020828247,0.5786555409431458,0.35819900035858154,-1.1376782655715942,0.5895156860351562,0.35784149169921875,-1.1371346712112427,0.5257605314254761,0.3715825080871582,-1.148810863494873,0.5089766383171082,0.37569260597229004,-1.148770809173584,0.49447283148765564,0.3802061080932617,-1.1485466957092285,0.6015924215316772,0.39132869243621826,-0.7540938854217529,0.47531431913375854,0.4123375415802002,-0.809338390827179,0.5797135233879089,0.4873321056365967,-1.054722547531128,0.5313922762870789,0.49580514430999756,-1.071367621421814,0.7265487313270569,0.7637209296226501,-0.491196870803833,0.3707265853881836,0.7273886799812317,-0.5936431288719177,0.8015966415405273,1.1952967643737793,-0.49954602122306824,0.2545430362224579,1.1762555837631226,-0.8203729391098022,0.8139076232910156,1.5146628618240356,-0.9408762454986572,0.25449034571647644,1.4262263774871826,-1.4182698726654053,0.8368431329727173,1.6370233297348022,-1.0386632680892944,0.23239052295684814,1.5255049467086792,-1.566139578819275,0.8048080205917358,1.642914056777954,-1.1238137483596802,0.2691394090652466,1.5114471912384033,-1.612718939781189,0.7916005849838257,1.5926870107650757,-0.9964667558670044,0.28375837206840515,1.4801527261734009,-1.4623538255691528,0.6609585285186768,1.5443110466003418,0.058599650859832764,0.4288666844367981,1.5395052433013916,-0.051155414432287216,0.6522946357727051,2.186135768890381,-0.04181993752717972,0.43023574352264404,2.166931629180908,-0.20734018087387085,0.6454756259918213,2.7248940467834473,0.6860185265541077,0.42879390716552734,2.742597818374634,0.258973628282547,0.6473397016525269,2.822131395339966,0.760623574256897,0.42493125796318054,2.8396859169006348,0.2965160310268402,0.6154984831809998,2.9051003456115723,0.4723520576953888,0.46296295523643494,2.933431625366211,-0.07068456709384918
shake_head,0.5662136673927307,0.42693841457366943,-1.1053234338760376,0.5749971270561218,0.3617774248123169,-1.0372108221054077,0.5850685834884644,0.35978639125823975,-1.0365993976593018,0.5945931077003479,0.3596622943878174,-1.0360336303710938,0.5377456545829773,0.3731861114501953,-1.0559720993041992,0.5218040347099304,0.3773990869522095,-1.0558658838272095,0.5057477355003357,0.381771445274353,-1.055572509765625,0.6018713712692261,0.3951781988143921,-0.647649347782135,0.4818902313709259,0.41334831714630127,-0.7419095635414124,0.5865045785903931,0.4855567216873169,-0.9600842595100403,0.5409436821937561,0.4904780387878418,-0.987923264503479,0.7250266075134277,0.7709952592849731,-0.39144304394721985,0.3727869987487793,0.7235361337661743,-0.5652448534965515,0.8134812116622925,1.1979137659072876,-0.41335028409957886,0.22649389505386353,1.16237211227417,-0.837030291557312,0.8412506580352783,1.4952911138534546,-0.8731382489204407,0.24171581864356995,1.3740280866622925,-1.447676181793213,0.8687076568603516,1.6102505922317505,-0.9726612567901611,0.2216888666152954,1.4607644081115723,-1.6022049188613892,0.8368103504180908,1.6198195219039917,-1.055220365524292,0.26275959610939026,1.4459686279296875,-1.636306643486023,0.8220875859260559,1.5724307298660278,-0.9306305050849915,0.2765776216983795,1.4222681522369385,-1.4878935813903809,0.6589468717575073,1.544691801071167,0.08238518238067627,0.42937391996383667,1.5396978855133057,-0.07466325163841248,0.6542758941650391,2.1892757415771484,-0.004042758606374264,0.43638861179351807,2.175812244415283,-0.25168782472610474,0.6470924019813538,2.747711181640625,0.6772832870483398,0.4326055645942688,2.7523608207702637,0.20343653857707977,0.645521879196167,2.852665424346924,0.7457436323165894,0.42380696535110474,2.8530499935150146,0.23843437433242798,0.6308414936065674,2.9149932861328125,0.45528316497802734,0.478848934173584,2.9315779209136963,-0.13665950298309326
shake_head,0.5766772031784058,0.41812193393707275,-1.0317769050598145,0.5814003944396973,0.3556169271469116,-0.9672716856002808,0.5896728038787842,0.35445868968963623,-0.9669376015663147,0.5981733798980713,0.3548579216003418,-0.9665834903717041,0.5489851832389832,0.3647639751434326,-0.9875380396842957,0.5335861444473267,0.36907970905303955,-0.98758864402771,0.5177329182624817,0.37372565269470215,-0.9874231219291687,0.6016867756843567,0.3918827772140503,-0.5754553079605103,0.48909133672714233,0.4063682556152344,-0.6740598678588867,0.5943044424057007,0.4759812355041504,-0.8821572661399841,0.5526124238967896,0.4826117753982544,-0.9116560220718384,0.7176873087882996,0.7650119662284851,-0.31956231594085693,0.3733038902282715,0.7099831104278564,-0.48776909708976746,0.7873972654342651,1.164489507675171,-0.2866690158843994,0.20900654792785645,1.004199504852295,-0.7274350523948669,0.8067774772644043,1.4763705730438232,-0.6876393556594849,0.18781587481498718,1.344767451286316,-1.3070801496505737,0.8298729062080383,1.591296672821045,-0.7797642350196838,0.15889468789100647,1.4319665431976318,-1.4518131017684937,0.8034312725067139,1.5933598279953003,-0.8716604709625244,0.19458544254302979,1.424774169921875,-1.5033769607543945,0.7896707653999329,1.5518544912338257,-0.7460433840751648,0.2113533616065979,1.4016121625900269,-1.3532252311706543,0.6462674736976624,1.553413987159729,0.07089772820472717,0.4234932065010071,1.5493208169937134,-0.06339064985513687,0.6449616551399231,2.1477644443511963,-0.006918711122125387,0.4292253255844116,2.1422877311706543,-0.21556806564331055,0.6395982503890991,2.740335464477539,0.7078530788421631,0.4321880638599396,2.749534845352173,0.2690885066986084,0.6398864388465881,2.8414363861083984,0.7790669202804565,0.427948921918869,2.849592924118042,0.3066704571247101,0.6189941167831421,2.920731544494629,0.49186238646507263,0.46368682384490967,2.9342141151428223,-0.0702110156416893
shake_head,0.5778180956840515,0.43443548679351807,-1.0203351974487305,0.5847765207290649,0.36751770973205566,-0.9528712034225464,0.5937187075614929,0.3652973175048828,-0.9521825909614563,0.6026236414909363,0.36449193954467773,-0.9516690373420715,0.5497648119926453,0.37877357006073,-0.973361074924469,0.5331387519836426,0.38289129734039307,-0.9731624126434326,0.516511082649231,0.38673877716064453,-0.9729212522506714,0.608184814453125,0.39847803115844727,-0.5666622519493103,0.48956751823425293,0.4164249897003174,-0.6646358966827393,0.5961340665817261,0.48876941204071045,-0.8752346634864807,0.5525211691856384,0.4981182813644409,-0.9041242599487305,0.7292476296424866,0.7673881649971008,-0.3206302225589752,0.37715867161750793,0.7286267876625061,-0.49941086769104004,0.8013840913772583,1.1887621879577637,-0.3303144574165344,0.23893439769744873,1.0558300018310547,-0.7722189426422119,0.8103915452957153,1.5128484964370728,-0.7885704040527344,0.24737712740898132,1.3720512390136719,-1.3864202499389648,0.8315311670303345,1.6393764019012451,-0.8872835040092468,0.22545722126960754,1.4570658206939697,-1.5404444932937622,0.8005180358886719,1.6479084491729736,-0.9718513488769531,0.2621806561946869,1.4378527402877808,-1.5751079320907593,0.7890000343322754,1.594436526298523,-0.8469213843345642,0.27601033449172974,1.4121127128601074,-1.427095651626587,0.6609793901443481,1.5686004161834717,0.07679562270641327,0.43168002367019653,1.5670748949050903,-0.06948281079530716,0.6599434018135071,2.210750102996826,-0.01684741862118244,0.4391254186630249,2.22064471244812,-0.12870122492313385,0.6491139531135559,2.7786760330200195,0.6981106996536255,0.43328753113746643,2.8090105056762695,0.33240562677383423,0.6453992128372192,2.881730556488037,0.7705901265144348,0.4253462553024292,2.9124202728271484,0.36756017804145813,0.6347771883010864,2.9544005393981934,0.4946945309638977,0.4777590036392212,2.991793632507324,0.013660836964845657
shake_head,0.581871747970581,0.42739737033843994,-0.9951760768890381,0.5881812572479248,0.36295831203460693,-0.930756688117981,0.5965991020202637,0.3616452217102051,-0.9305101037025452,0.6051326990127563,0.3615189790725708,-0.9302815198898315,0.5551474690437317,0.3717207908630371,-0.9496214985847473,0.538021445274353,0.37536752223968506,-0.949734628200531,0.5205466747283936,0.37895894050598145,-0.9494757652282715,0.608839213848114,0.396734356880188,-0.536270797252655,0.49117302894592285,0.4100717306137085,-0.6303424835205078,0.5991532802581787,0.48296523094177246,-0.8444380164146423,0.5568004250526428,0.4882998466491699,-0.8728315234184265,0.7242738008499146,0.7658914923667908,-0.27189934253692627,0.37531816959381104,0.7197806239128113,-0.4485064744949341,0.7826659679412842,1.1474547386169434,-0.26101604104042053,0.2608402669429779,1.1292463541030884,-0.7730422019958496,0.7868430614471436,1.44484281539917,-0.6930134296417236,0.3185272216796875,1.2124890089035034,-1.4230190515518188,0.8034394979476929,1.5584384202957153,-0.7898746132850647,0.31769901514053345,1.2609620094299316,-1.5847715139389038,0.7781084775924683,1.5548229217529297,-0.8712061047554016,0.3498835265636444,1.2267804145812988,-1.6016881465911865,0.7655849456787109,1.5158836841583252,-0.7461912631988525,0.3574790954589844,1.2189568281173706,-1.455306053161621,0.6511683464050293,1.564225673675537,0.07016697525978088,0.4286552667617798,1.5630037784576416,-0.06280932575464249,0.6543658971786499,2.1292848587036133,-0.06878077238798141,0.4417116343975067,2.142538547515869,-0.2572273313999176,0.648445725440979,2.7371768951416016,0.6529854536056519,0.442515105009079,2.7567996978759766,0.24108189344406128,0.6477011442184448,2.838550090789795,0.7241369485855103,0.43769019842147827,2.8550260066986084,0.27896130084991455,0.6335299611091614,2.9225802421569824,0.42933523654937744,0.4755571782588959,2.9487032890319824,-0.11118995398283005
shake_head,0.5866081118583679,0.4198981523513794,-0.9818693399429321,0.5907140970230103,0.3561129570007324,-0.9078345894813538,0.5984207987785339,0.3549234867095947,-0.907170832157135,0.6061359643936157,0.35477495193481445,-0.9069065451622009,0.5597068667411804,0.36611151695251465,-0.9392145276069641,0.5429855585098267,0.3712054491043091,-0.9390036463737488,0.5256331562995911,0.37596428394317627,-0.9386153221130371,0.6078745722770691,0.39483559131622314,-0.4980771839618683,0.4941180348396301,0.4138695001602173,-0.6503096222877502,0.6027945876121521,0.47940027713775635,-0.8275859355926514,0.5607831478118896,0.48756253719329834,-0.8725399971008301,0.7219956517219543,0.7700871825218201,-0.22002775967121124,0.37124335765838623,0.7288569211959839,-0.5108110308647156,0.8053407669067383,1.1613194942474365,-0.22597350180149078,0.21138086915016174,1.0501784086227417,-0.8570848107337952,0.8211857676506042,1.484510898590088,-0.7179118990898132,0.2758164405822754,1.2410781383514404,-1.5016123056411743,0.8429422378540039,1.6105644702911377,-0.8211528062820435,0.2660975754261017,1.2926377058029175,-1.675455093383789,0.8106500506401062,1.6160403490066528,-0.9052310585975647,0.3068541884422302,1.2642416954040527,-1.6869562864303589,0.7984167337417603,1.5674082040786743,-0.7771194577217102,0.31724005937576294,1.2574926614761353,-1.5329170227050781,0.6479186415672302,1.5690641403198242,0.10134746134281158,0.42564016580581665,1.5636922121047974,-0.09402590990066528,0.654393196105957,2.1732544898986816,0.04693371802568436,0.4424689710140228,2.1752769947052,-0.24220731854438782,0.6513261198997498,2.773580551147461,0.7888084650039673,0.44616955518722534,2.774611473083496,0.28597763180732727,0.6458331346511841,2.8826537132263184,0.8618627786636353,0.4365937113761902,2.878790855407715,0.3253386914730072,0.6512706279754639,2.943234920501709,0.5775637030601501,0.4998588562011719,2.954462766647339,-0.06287190318107605
shake_head,0.5810940861701965,0.429315447807312,-1.0473309755325317,0.5864923596382141,0.36356568336486816,-0.9816462993621826,0.594786524772644,0.3644387722015381,-0.9810446500778198,0.6035626530647278,0.36505281925201416,-0.9808335304260254,0.5536991357803345,0.3707916736602783,-1.001898169517517,0.5370046496391296,0.3739771842956543,-1.0017869472503662,0.5197131633758545,0.3769705295562744,-1.0013943910598755,0.6079423427581787,0.4018155336380005,-0.5794943571090698,0.4901762008666992,0.41040337085723877,-0.6853240132331848,0.5985471606254578,0.4884467124938965,-0.8931134343147278,0.5558767914772034,0.4930579662322998,-0.9246599674224854,0.7195578217506409,0.7745263576507568,-0.2946152687072754,0.36728814244270325,0.7145039439201355,-0.5009825229644775,0.8040908575057983,1.1958950757980347,-0.3510611653327942,0.23476678133010864,1.0145851373672485,-0.8990748524665833,0.8119728565216064,1.4882277250289917,-0.8850018978118896,0.31990477442741394,1.0767052173614502,-1.5952305793762207,0.8292206525802612,1.6085749864578247,-0.993552565574646,0.32216641306877136,1.0829646587371826,-1.7671223878860474,0.7987571358680725,1.601845622062683,-1.0610201358795166,0.35477814078330994,1.0453261137008667,-1.762587070465088,0.7873743772506714,1.5555921792984009,-0.9368268847465515,0.3632768392562866,1.0553665161132812,-1.6203498840332031,0.6486402750015259,1.5730247497558594,0.08474069833755493,0.4183327555656433,1.5673130750656128,-0.07713410258293152,0.6581145524978638,2.2035269737243652,0.07217831909656525,0.43402767181396484,2.2095210552215576,-0.25251397490501404,0.6602464914321899,2.7924628257751465,0.8394685387611389,0.4384554624557495,2.809507369995117,0.30469828844070435,0.656806230545044,2.8978824615478516,0.914416491985321,0.42838603258132935,2.9093966484069824,0.34733712673187256,0.6543437838554382,2.9688780307769775,0.622538149356842,0.4913131892681122,3.002899646759033,-0.04880013316869736
shake_head,0.5858794450759888,0.42398202419281006,-1.07966148853302,0.5900189876556396,0.3597477674484253,-1.00653076171875,0.5977597236633301,0.35890936851501465,-1.0059752464294434,0.6055453419685364,0.35922908782958984,-1.005506992340088,0.5599942207336426,0.3681633472442627,-1.0336278676986694,0.5439033508300781,0.37256038188934326,-1.0334657430648804,0.5264609456062317,0.3770318031311035,-1.0331727266311646,0.6071341037750244,0.3944547176361084,-0.5882648825645447,0.4922207295894623,0.4094904661178589,-0.7206076383590698,0.6019079089164734,0.4830383062362671,-0.9218777418136597,0.5619834661483765,0.48967790603637695,-0.9610909819602966,0.7252088785171509,0.7741392850875854,-0.31359073519706726,0.3753277063369751,0.7310504913330078,-0.5531988143920898,0.7999479174613953,1.200056791305542,-0.3445746600627899,0.2267071008682251,1.055640459060669,-0.8539782762527466,0.8307620286941528,1.522666335105896,-0.8572006821632385,0.22216367721557617,1.3524881601333618,-1.4950300455093384,0.8572459816932678,1.6519274711608887,-0.9605796933174133,0.19424960017204285,1.4299803972244263,-1.6566424369812012,0.8296781182289124,1.6589325666427612,-1.051356554031372,0.22881069779396057,1.4146708250045776,-1.6997742652893066,0.8164581060409546,1.604670763015747,-0.9201538562774658,0.2450762689113617,1.3946236371994019,-1.539879322052002,0.6561270356178284,1.5857834815979004,0.09942566603422165,0.4239644408226013,1.5812325477600098,-0.0915437713265419,0.6647917628288269,2.2174429893493652,0.01680859923362732,0.44348159432411194,2.2101686000823975,-0.2695961892604828,0.6650325059890747,2.8203659057617188,0.755434513092041,0.44756895303726196,2.8273215293884277,0.23002558946609497,0.6624477505683899,2.932084083557129,0.8287355303764343,0.4376637935638428,2.933981418609619,0.26825177669525146,0.6576739549636841,2.996884822845459,0.527513861656189,0.5047915577888489,3.014754295349121,-0.12581060826778412
shake_head,0.570652961730957,0.43159019947052,-1.025688886642456,0.5798960328102112,0.36599767208099365,-0.9639014005661011,0.5898469090461731,0.36489784717559814,-0.9632701277732849,0.5995381474494934,0.36503660678863525,-0.962904155254364,0.541490912437439,0.37517333030700684,-0.9800760746002197,0.5238988399505615,0.37917518615722656,-0.980022132396698,0.5060993432998657,0.3835258483886719,-0.9795419573783875,0.6078412532806396,0.3981437683105469,-0.5857639312744141,0.48084795475006104,0.41513097286224365,-0.6676011681556702,0.5915223956108093,0.48850834369659424,-0.8811607956886292,0.5454837679862976,0.49443304538726807,-0.9055431485176086,0.7199910283088684,0.7541969418525696,-0.31550332903862,0.3704330325126648,0.7197328209877014,-0.49785348773002625,0.8050994873046875,1.1636959314346313,-0.3788563907146454,0.24021437764167786,1.025308609008789,-0.8855750560760498,0.8193860054016113,1.4728862047195435,-0.9059653878211975,0.3380048871040344,1.078752875328064,-1.5560234785079956,0.8418400287628174,1.5957016944885254,-1.0071746110916138,0.3401808738708496,1.087273359298706,-1.7210134267807007,0.8080819845199585,1.5997838973999023,-1.076256513595581,0.375041663646698,1.0513005256652832,-1.714276671409607,0.7951552867889404,1.551095724105835,-0.9572021961212158,0.38338661193847656,1.0579743385314941,-1.5796635150909424,0.6553390026092529,1.5450060367584229,0.07751088589429855,0.42878457903862,1.5441046953201294,-0.07005006819963455,0.665079653263092,2.181075096130371,-0.03159863129258156,0.4464085102081299,2.1923394203186035,-0.2393779158592224,0.667129397392273,2.7756457328796387,0.6396253108978271,0.4497002959251404,2.792975902557373,0.24432475864887238,0.6678656339645386,2.882131576538086,0.7061447501182556,0.4422686696052551,2.893404960632324,0.2813868522644043,0.6529133319854736,2.961711883544922,0.40819165110588074,0.49912992119789124,2.990812063217163,-0.09449443221092224
shake_head,0.5579345226287842,0.4241008758544922,-1.2845492362976074,0.5688334107398987,0.35538697242736816,-1.222907543182373,0.5799465179443359,0.3538990020751953,-1.2224193811416626,0.5902949571609497,0.3535130023956299,-1.2219163179397583,0.5270910263061523,0.36644458770751953,-1.2362957000732422,0.5095580816268921,0.37149202823638916,-1.236232042312622,0.49356308579444885,0.37625622749328613,-1.2360236644744873,0.6021134257316589,0.38596081733703613,-0.840912401676178,0.47355812788009644,0.4084196090698242,-0.9094439148902893,0.5814809203147888,0.47941088676452637,-1.139780044555664,0.5316241979598999,0.4902167320251465,-1.1599947214126587,0.7306850552558899,0.7612295150756836,-0.5794910192489624,0.3692399561405182,0.7240355610847473,-0.6896496415138245,0.81260085105896,1.2271944284439087,-0.598767876625061,0.20739716291427612,1.1483771800994873,-0.9247955679893494,0.8349201679229736,1.5425759553909302,-0.9993669986724854,0.17123869061470032,1.3951122760772705,-1.4705970287322998,0.8627417087554932,1.6633464097976685,-1.0878938436508179,0.13454729318618774,1.4885238409042358,-1.6037983894348145,0.8303442001342773,1.6726266145706177,-1.1678740978240967,0.17642274498939514,1.486829161643982,-1.6545181274414062,0.8156161308288574,1.621869683265686,-1.052595853805542,0.195438414812088,1.4581137895584106,-1.5157105922698975,0.6560467481613159,1.5545603036880493,0.06522723287343979,0.42330002784729004,1.5516364574432373,-0.05777309834957123,0.6356743574142456,2.2086539268493652,0.012968477793037891,0.4173157215118408,2.1911845207214355,-0.24016918241977692,0.6234650611877441,2.748685359954834,0.697562038898468,0.40607714653015137,2.7581710815429688,0.22467747330665588,0.6244512796401978,2.8515405654907227,0.7679452300071716,0.398526668548584,2.855966567993164,0.26306888461112976,0.5933927297592163,2.9167914390563965,0.47304767370224,0.4472351372241974,2.941305160522461,-0.10975687950849533
shake_head,0.5536381006240845,0.4266597032546997,-1.1413367986679077,0.565869927406311,0.35633111000061035,-1.0771023035049438,0.577183723449707,0.35358214378356934,-1.076206922531128,0.5877799391746521,0.352095365524292,-1.0756018161773682,0.5247049927711487,0.3703547716140747,-1.0932470560073853,0.5086758136749268,0.37549614906311035,-1.093022346496582,0.49349552392959595,0.3809943199157715,-1.0926192998886108,0.6002998948097229,0.3842339515686035,-0.7045594453811646,0.47415444254875183,0.4129871129989624,-0.7800382375717163,0.5784695744514465,0.48020875453948975,-1.0014710426330566,0.5288189053535461,0.4929395914077759,-1.0235815048217773,0.7274253964424133,0.7564781904220581,-0.4559299945831299,0.37152376770973206,0.728859007358551,-0.6089989542961121,0.7963005304336548,1.1965736150741577,-0.4342367351055145,0.2390669286251068,1.0603652000427246,-0.7903736233711243,0.8118699193000793,1.529695749282837,-0.8254671096801758,0.2281785011291504,1.4601860046386719,-1.2754582166671753,0.8413292169570923,1.6566390991210938,-0.9165663719177246,0.19275712966918945,1.5651029348373413,-1.4098553657531738,0.8035489320755005,1.6772444248199463,-1.000727653503418,0.2432909905910492,1.5722424983978271,-1.4624886512756348,0.7904016971588135,1.6210283041000366,-0.8824573755264282,0.2614201307296753,1.5370025634765625,-1.3219436407089233,0.6528068780899048,1.561254620552063,0.07468560338020325,0.4218849837779999,1.5586020946502686,-0.0669165626168251,0.6418550610542297,2.2205655574798584,0.024696920067071915,0.4223904013633728,2.208669662475586,-0.16509568691253662,0.6371303200721741,2.769967555999756,0.694186270236969,0.41755539178848267,2.779545545578003,0.29748618602752686,0.6399511098861694,2.877697706222534,0.7643061280250549,0.4095057249069214,2.8859362602233887,0.33569827675819397,0.6082364916801453,2.944394111633301,0.485402375459671,0.4683622419834137,2.9604098796844482,-0.010404666885733604
shake_head,0.5367087721824646,0.4332159757614136,-1.1670498847961426,0.5520193576812744,0.3610110282897949,-1.1126635074615479,0.5655154585838318,0.35659265518188477,-1.1120134592056274,0.5768811702728271,0.3533984422683716,-1.111457347869873,0.507941484451294,0.3779393434524536,-1.1118900775909424,0.4920603036880493,0.3833928108215332,-1.111621379852295,0.47922179102897644,0.38886559009552,-1.1112395524978638,0.5971454381942749,0.380357027053833,-0.7731875777244568,0.4638282060623169,0.4212538003921509,-0.7742652297019958,0.5652196407318115,0.4856288433074951,-1.0405584573745728,0.5159536600112915,0.49854183197021484,-1.0412428379058838,0.7292469143867493,0.7684457302093506,-0.5464628338813782,0.3733803629875183,0.727079451084137,-0.5695968270301819,0.8050549030303955,1.2431763410568237,-0.5565400123596191,0.2601621747016907,1.1824140548706055,-0.6675011515617371,0.8208197951316833,1.5209650993347168,-0.9324052929878235,0.2602406144142151,1.459800362586975,-1.1006741523742676,0.850803792476654,1.628793478012085,-1.0298126935958862,0.22996306419372559,1.5658811330795288,-1.2144744396209717,0.8116158843040466,1.645274043083191,-1.1010388135910034,0.2786603271961212,1.5785138607025146,-1.2779107093811035,0.7964169979095459,1.5949935913085938,-0.9825294017791748,0.2950986921787262,1.540238618850708,-1.1491376161575317,0.6596591472625732,1.552235722541809,0.045251358300447464,0.4336315393447876,1.4930070638656616,-0.03748394548892975,0.6417009830474854,2.1849350929260254,0.007492406759411097,0.42181962728500366,2.1727066040039062,-0.16657429933547974,0.6349594593048096,2.693197250366211,0.6535123586654663,0.41185420751571655,2.706198215484619,0.303728312253952,0.6378199458122253,2.7963058948516846,0.7202265858650208,0.40584948658943176,2.8070459365844727,0.3429540991783142,0.5995639562606812,2.861548900604248,0.4473625719547272,0.44961532950401306,2.8872838020324707,0.0074136885814368725
shake_head,0.5302420854568481,0.4276684522628784,-1.131646990776062,0.5477878451347351,0.3612164258956909,-1.0783441066741943,0.5613557696342468,0.3589897155761719,-1.0777580738067627,0.5731064677238464,0.3576713800430298,-1.0770851373672485,0.5043745040893555,0.37270021438598633,-1.0801668167114258,0.4888775646686554,0.37763869762420654,-1.0799756050109863,0.47602400183677673,0.3815819025039673,-1.0796892642974854,0.5940983295440674,0.38612544536590576,-0.755216121673584,0.4615222215652466,0.41025757789611816,-0.7654658555984497,0.5577055215835571,0.4772254228591919,-1.0116275548934937,0.5092401504516602,0.48849058151245117,-1.0147398710250854,0.7225375771522522,0.7441399097442627,-0.543366551399231,0.37327682971954346,0.7146221995353699,-0.589538037776947,0.8022507429122925,1.2230361700057983,-0.5998069643974304,0.2541547417640686,1.1282274723052979,-0.7475369572639465,0.8226382732391357,1.506697177886963,-0.9944114685058594,0.20671379566192627,1.4000871181488037,-1.197697401046753,0.8533068895339966,1.61406672000885,-1.0863343477249146,0.16501149535179138,1.5028318166732788,-1.3087282180786133,0.8146024942398071,1.6305934190750122,-1.1571078300476074,0.20988574624061584,1.5179352760314941,-1.372052550315857,0.7987081408500671,1.5804542303085327,-1.044998049736023,0.23010659217834473,1.4809174537658691,-1.2464394569396973,0.648883581161499,1.506093978881836,0.05362264811992645,0.43187612295150757,1.4491910934448242,-0.04634569212794304,0.6187196969985962,2.124635696411133,-0.10566628724336624,0.40233027935028076,2.1240782737731934,-0.1939345896244049,0.5947641134262085,2.6197280883789062,0.44634342193603516,0.3755183815956116,2.672419548034668,0.15571610629558563,0.5970285534858704,2.7180051803588867,0.5045305490493774,0.3679681122303009,2.775907278060913,0.18401139974594116,0.5535710453987122,2.780017852783203,0.24649472534656525,0.40692466497421265,2.8438501358032227,-0.13544662296772003
shake_head,0.5237452387809753,0.4389554262161255,-1.2686200141906738,0.5405860543251038,0.3722529411315918,-1.2160383462905884,0.5546979308128357,0.36766862869262695,-1.2155591249465942,0.5674529671669006,0.36394989490509033,-1.2149536609649658,0.4979097843170166,0.3871469497680664,-1.2167320251464844,0.48367422819137573,0.391485333442688,-1.2166310548782349,0.4718840718269348,0.39554572105407715,-1.2163739204406738,0.5901780724525452,0.38793420791625977,-0.8649939298629761,0.46026161313056946,0.42279303073883057,-0.8732569217681885,0.553600549697876,0.4878489375114441,-1.135576605796814,0.5052371621131897,0.49924248456954956,-1.138692855834961,0.7286582589149475,0.7512965798377991,-0.6116377115249634,0.3786897659301758,0.7241023778915405,-0.6365970969200134,0.8091089725494385,1.2347668409347534,-0.6437776684761047,0.2182496190071106,1.015288233757019,-0.769916832447052,0.8317526578903198,1.4712170362472534,-1.0018458366394043,0.16978827118873596,1.3601619005203247,-1.204511284828186,0.8607219457626343,1.5625333786010742,-1.0878918170928955,0.12603339552879333,1.4495259523391724,-1.306181788444519,0.8294445276260376,1.5713417530059814,-1.1596251726150513,0.16732612252235413,1.4636024236679077,-1.371437907218933,0.8132720589637756,1.5299738645553589,-1.0515776872634888,0.18855467438697815,1.4329771995544434,-1.2531590461730957,0.6626901030540466,1.5124523639678955,0.052716415375471115,0.43096378445625305,1.5051732063293457,-0.04460325464606285,0.6436446309089661,2.132352590560913,-0.08781781792640686,0.4242028295993805,2.1423091888427734,-0.18049858510494232,0.6294586658477783,2.666078805923462,0.4917827546596527,0.40511637926101685,2.700944423675537,0.23213374614715576,0.6323409676551819,2.769165515899658,0.5516505241394043,0.39861801266670227,2.802964210510254,0.2654244601726532,0.5920285582542419,2.8268728256225586,0.2654325067996979,0.43825358152389526,2.8726134300231934,-0.08613788336515427
shake_head,0.508325457572937,0.4474797248840332,-1.05608332157135,0.5287044048309326,0.38199687004089355,-1.0063576698303223,0.5435883402824402,0.3783719539642334,-1.0059669017791748,0.5571876764297485,0.37550151348114014,-1.0053194761276245,0.48809850215911865,0.3918123245239258,-1.0000572204589844,0.4762313961982727,0.39424633979797363,-0.999890923500061,0.46563947200775146,0.39710068702697754,-0.9996678233146667,0.583469569683075,0.39879941940307617,-0.685920774936676,0.458191841840744,0.4239501953125,-0.6602874994277954,0.5390320420265198,0.49698394536972046,-0.9361487030982971,0.49214494228363037,0.5052298903465271,-0.9296056032180786,0.7286262512207031,0.749415397644043,-0.48200348019599915,0.377250075340271,0.7265561819076538,-0.472655713558197,0.8078871965408325,1.2105133533477783,-0.5110758543014526,0.2554725408554077,1.1162627935409546,-0.6272420883178711,0.8239989280700684,1.5134011507034302,-0.8694148659706116,0.2365584671497345,1.3742908239364624,-1.1319130659103394,0.8507954478263855,1.629671573638916,-0.9593973755836487,0.20439043641090393,1.4735808372497559,-1.2517774105072021,0.816006064414978,1.641847014427185,-1.0383496284484863,0.24662938714027405,1.481677770614624,-1.3056105375289917,0.8024553060531616,1.5906476974487305,-0.9219692349433899,0.26381492614746094,1.4477150440216064,-1.178826093673706,0.6639329791069031,1.5253276824951172,0.03731859475374222,0.4332759976387024,1.5074256658554077,-0.02909388765692711,0.6385111212730408,2.1347827911376953,-0.12485122680664062,0.41821563243865967,2.1252331733703613,-0.16669845581054688,0.6175792217254639,2.6683831214904785,0.4390594959259033,0.39782166481018066,2.675142765045166,0.23015183210372925,0.621116578578949,2.77042818069458,0.4967731833457947,0.3930503726005554,2.776780605316162,0.2617805600166321,0.5729023814201355,2.8352210521698,0.21897445619106293,0.41871559619903564,2.8499646186828613,-0.06917861104011536
shake_head,0.504623293876648,0.44227123260498047,-1.1904187202453613,0.5240312218666077,0.38015496730804443,-1.1385295391082764,0.5385556817054749,0.3775911331176758,-1.1379021406173706,0.5514955520629883,0.37558162212371826,-1.1374298334121704,0.48476675152778625,0.38846254348754883,-1.1390631198883057,0.4734290838241577,0.3909844160079956,-1.1388972997665405,0.4635724723339081,0.3940715789794922,-1.1385343074798584,0.5774883031845093,0.3984849452972412,-0.7964838743209839,0.4568812847137451,0.42068445682525635,-0.802659809589386,0.5353824496269226,0.4905693531036377,-1.0602192878723145,0.48718026280403137,0.49957042932510376,-1.0624366998672485,0.7201704978942871,0.738828182220459,-0.551022469997406,0.3756468892097473,0.7241845726966858,-0.5793781876564026,0.8079947233200073,1.200185775756836,-0.5191071629524231,0.2266397774219513,1.0200004577636719,-0.6305776238441467,0.8276858329772949,1.4900323152542114,-0.8126953840255737,0.15710052847862244,1.3788151741027832,-0.9691106081008911,0.8573038578033447,1.5977977514266968,-0.8861569166183472,0.10679519176483154,1.477449893951416,-1.0546631813049316,0.8225244283676147,1.6118836402893066,-0.9662142395973206,0.1517314314842224,1.5039951801300049,-1.134407639503479,0.8083502054214478,1.563986897468567,-0.8628772497177124,0.17456531524658203,1.4697340726852417,-1.0209254026412964,0.6565176844596863,1.5000262260437012,0.04902680963277817,0.4386623799800873,1.4790875911712646,-0.04109235852956772,0.6356507539749146,2.117436408996582,-0.0598846934735775,0.41899561882019043,2.1223912239074707,-0.2056998759508133,0.6228916049003601,2.6306228637695312,0.4937271773815155,0.4034428596496582,2.668887138366699,0.19935539364814758,0.6273992657661438,2.731814384460449,0.5512334704399109,0.39755386114120483,2.77227783203125,0.23192884027957916,0.5832363963127136,2.7899580001831055,0.2805875539779663,0.4365994930267334,2.8352088928222656,-0.10450714826583862
shake_head,0.5011818408966064,0.45377159118652344,-1.0194848775863647,0.5219798684120178,0.38756275177001953,-0.9726870059967041,0.5374113321304321,0.3833751678466797,-0.9722921252250671,0.5510525703430176,0.38025665283203125,-0.9717084169387817,0.4820403754711151,0.39636528491973877,-0.9605366587638855,0.47112220525741577,0.39810705184936523,-0.9603076577186584,0.4615994691848755,0.40024685859680176,-0.9600803256034851,0.5785067081451416,0.4024156332015991,-0.6636278629302979,0.45671966671943665,0.4246382713317871,-0.6095698475837708,0.532903254032135,0.5048362612724304,-0.9026321768760681,0.485446572303772,0.5110297799110413,-0.8878505229949951,0.7248843908309937,0.747879147529602,-0.4748270809650421,0.3822077512741089,0.734958291053772,-0.41237854957580566,0.8123878240585327,1.2176694869995117,-0.5184956192970276,0.28898510336875916,1.1224637031555176,-0.5221401453018188,0.8266735672950745,1.525999903678894,-0.878459095954895,0.25911745429039,1.3908929824829102,-0.9841024279594421,0.8538037538528442,1.6443016529083252,-0.9731950163841248,0.22406944632530212,1.4922690391540527,-1.0912365913391113,0.8194347620010376,1.657893180847168,-1.047432780265808,0.2604677379131317,1.5062785148620605,-1.1608222723007202,0.8059512972831726,1.6046706438064575,-0.9291136264801025,0.27886655926704407,1.4700721502304077,-1.036772608757019,0.6764187216758728,1.5442187786102295,0.022165773436427116,0.4448869526386261,1.5313013792037964,-0.013914783485233784,0.6562331318855286,2.155539035797119,-0.1288905292749405,0.4369127154350281,2.1398372650146484,-0.1620374172925949,0.6428691148757935,2.6964058876037598,0.450432687997818,0.42327195405960083,2.699650526046753,0.23211805522441864,0.6491754055023193,2.796022415161133,0.5096219182014465,0.4199076294898987,2.8014304637908936,0.2645973861217499,0.5945639610290527,2.87111234664917,0.2222340852022171,0.44534632563591003,2.877342700958252,-0.06624376773834229
shake_head,0.5033342838287354,0.44668805599212646,-0.9764137864112854,0.5243335366249084,0.3781239986419678,-0.9286891222000122,0.5395642518997192,0.3738895654678345,-0.9282231330871582,0.5532497763633728,0.3708479404449463,-0.9275710582733154,0.4849599599838257,0.3893626928329468,-0.9162493348121643,0.4739077687263489,0.3921440839767456,-0.9159382581710815,0.463848352432251,0.39527595043182373,-0.9158085584640503,0.5802794098854065,0.39530110359191895,-0.6250562071800232,0.45814645290374756,0.4216715097427368,-0.5693246126174927,0.535163164138794,0.49642109870910645,-0.862224817276001,0.4875977635383606,0.5053410530090332,-0.8469060659408569,0.7272151708602905,0.7439259886741638,-0.4555180072784424,0.387456476688385,0.7308704257011414,-0.3828616440296173,0.8133141398429871,1.2034845352172852,-0.5199165344238281,0.30264297127723694,1.1440640687942505,-0.5979408621788025,0.8362396955490112,1.5202820301055908,-0.8888349533081055,0.28095385432243347,1.3585801124572754,-1.177863359451294,0.8633828163146973,1.6462185382843018,-0.9849455952644348,0.24980714917182922,1.4474316835403442,-1.3083500862121582,0.8304181098937988,1.6608797311782837,-1.0612596273422241,0.2830318808555603,1.4448449611663818,-1.3584574460983276,0.8175435066223145,1.603196144104004,-0.9415624141693115,0.3008340299129486,1.414302110671997,-1.227211594581604,0.674593448638916,1.5359054803848267,0.013008338399231434,0.4520810544490814,1.4842113256454468,-0.005109488498419523,0.6522690653800964,2.1479310989379883,-0.11411760002374649,0.4350479543209076,2.146944999694824,-0.0865156427025795,0.6346525549888611,2.6898677349090576,0.45942121744155884,0.41783344745635986,2.703261613845825,0.27909055352211,0.6392508745193481,2.7883315086364746,0.5181459188461304,0.4125986695289612,2.8038973808288574,0.3084687292575836,0.5856848955154419,2.8555564880371094,0.2358631193637848,0.44040966033935547,2.873253583908081,-0.012177170254290104
shake_head,0.5043069124221802,0.4384641647338867,-1.0169657468795776,0.5249876379966736,0.3722994327545166,-0.9677244424819946,0.5400968194007874,0.368982195854187,-0.9671176671981812,0.5541272759437561,0.3667670488357544,-0.9664896130561829,0.48507827520370483,0.38203299045562744,-0.9617471098899841,0.4734927713871002,0.3846169710159302,-0.9614512920379639,0.46344172954559326,0.38770532608032227,-0.9612112045288086,0.5802237391471863,0.39214563369750977,-0.6585882306098938,0.45639801025390625,0.4131048917770386,-0.6324874758720398,0.5353144407272339,0.48669230937957764,-0.9006345868110657,0.48818254470825195,0.49562501907348633,-0.8936598896980286,0.7246580123901367,0.7515069842338562,-0.4657168686389923,0.3772893249988556,0.7214289307594299,-0.45816805958747864,0.8127323389053345,1.2115676403045654,-0.5006769895553589,0.2824974060058594,1.0339972972869873,-0.6156872510910034,0.836288571357727,1.5029609203338623,-0.8598089218139648,0.25949427485466003,1.3816179037094116,-1.1022812128067017,0.8655487298965454,1.617461085319519,-0.9534929990768433,0.2247563898563385,1.4771602153778076,-1.222329020500183,0.8291339874267578,1.6354084014892578,-1.029701590538025,0.2658962607383728,1.4859135150909424,-1.2796517610549927,0.8155308961868286,1.5817264318466187,-0.9128761887550354,0.2846544086933136,1.453503966331482,-1.1513018608093262,0.6553894877433777,1.5361850261688232,0.03571609407663345,0.43532222509384155,1.479724407196045,-0.02770032174885273,0.6304997801780701,2.1614136695861816,-0.08812510222196579,0.41070160269737244,2.1569652557373047,-0.1429661065340042,0.6095718145370483,2.6885557174682617,0.4790012836456299,0.3876328468322754,2.7231345176696777,0.2176247388124466,0.613324761390686,2.7883801460266113,0.5383612513542175,0.37972259521484375,2.830197811126709,0.24680422246456146,0.5634415745735168,2.851323366165161,0.2735491394996643,0.4152514338493347,2.89035701751709,-0.07389422506093979
shake_head,0.5031051635742188,0.4434223175048828,-1.2649308443069458,0.5227323770523071,0.378578782081604,-1.2191580533981323,0.5382149815559387,0.3752174377441406,-1.2187260389328003,0.551967442035675,0.37307751178741455,-1.218177318572998,0.4833628535270691,0.38830387592315674,-1.2146100997924805,0.47221583127975464,0.39108479022979736,-1.2145159244537354,0.4627259373664856,0.39420485496520996,-1.2142757177352905,0.5809686779975891,0.3990274667739868,-0.8929219841957092,0.45639312267303467,0.42036592960357666,-0.8754761815071106,0.5346941351890564,0.49510860443115234,-1.1402029991149902,0.486947625875473,0.5014191269874573,-1.1360255479812622,0.7209080457687378,0.7587061524391174,-0.6447441577911377,0.3756173253059387,0.715959370136261,-0.636370062828064,0.806077241897583,1.2405712604522705,-0.6240429282188416,0.22940489649772644,1.0092129707336426,-0.6874882578849792,0.8187923431396484,1.4774267673492432,-0.9067877531051636,0.16929411888122559,1.338029384613037,-1.0149563550949097,0.8460981845855713,1.5682381391525269,-0.9836126565933228,0.12715953588485718,1.4262031316757202,-1.099625587463379,0.8110535740852356,1.57916259765625,-1.0533933639526367,0.17080599069595337,1.447421669960022,-1.16813325881958,0.7959511280059814,1.5378305912017822,-0.95297771692276,0.19144019484519958,1.4176138639450073,-1.0623440742492676,0.6523036956787109,1.5149792432785034,0.045817192643880844,0.43494218587875366,1.4865821599960327,-0.037860970944166183,0.633718729019165,2.1321427822113037,-0.02899966761469841,0.4190632700920105,2.141922950744629,-0.14204387366771698,0.6180821657180786,2.6439056396484375,0.5201961398124695,0.39836031198501587,2.686525821685791,0.24921506643295288,0.6211337447166443,2.7417550086975098,0.577356219291687,0.3921986222267151,2.785769462585449,0.28198543190956116,0.5792961716651917,2.8069229125976562,0.30380958318710327,0.42701250314712524,2.858927011489868,-0.05264730751514435
shake_head,0.5099928379058838,0.43974411487579346,-1.332732915878296,0.5292996764183044,0.37480223178863525,-1.2818174362182617,0.5441188216209412,0.3713698387145996,-1.2812330722808838,0.5574923157691956,0.3689473867416382,-1.2805973291397095,0.48631614446640015,0.3861442804336548,-1.2763409614562988,0.47409114241600037,0.3894387483596802,-1.27613365650177,0.46405425667762756,0.3927675485610962,-1.2758749723434448,0.5824111104011536,0.3932504653930664,-0.9382999539375305,0.45525744557380676,0.4197659492492676,-0.9189335703849792,0.5409894585609436,0.4898545742034912,-1.2028473615646362,0.49144604802131653,0.500401496887207,-1.1979715824127197,0.7273488640785217,0.7523009181022644,-0.6896585822105408,0.3759588599205017,0.7265768647193909,-0.6720903515815735,0.8046050071716309,1.2413415908813477,-0.683567464351654,0.23893991112709045,1.1652770042419434,-0.8059927225112915,0.8317300081253052,1.5127722024917603,-0.9892205595970154,0.22249510884284973,1.4293519258499146,-1.2600892782211304,0.8631768822669983,1.6205013990402222,-1.0725469589233398,0.18803220987319946,1.5310084819793701,-1.3724466562271118,0.8289279937744141,1.6381430625915527,-1.1496695280075073,0.23512905836105347,1.5407110452651978,-1.4300158023834229,0.8135104775428772,1.5865700244903564,-1.0393692255020142,0.253780722618103,1.5043652057647705,-1.307021141052246,0.6631711721420288,1.5274721384048462,0.040041495114564896,0.4272679090499878,1.522579550743103,-0.03213512897491455,0.6440979838371277,2.1521339416503906,-0.04171857237815857,0.4236634373664856,2.1550745964050293,-0.20002341270446777,0.633486807346344,2.6749095916748047,0.5803484916687012,0.4092779755592346,2.7022805213928223,0.2426246702671051,0.6388030052185059,2.779954433441162,0.6441617608070374,0.40490108728408813,2.8040666580200195,0.27897143363952637,0.5893062353134155,2.8434696197509766,0.3518446683883667,0.439700186252594,2.8816123008728027,-0.07570456713438034
shake_head,0.5254599452018738,0.44449496269226074,-1.2970246076583862,0.5404751896858215,0.37295353412628174,-1.2444545030593872,0.55412358045578,0.3669966459274292,-1.2439351081848145,0.5663973093032837,0.36252081394195557,-1.2432973384857178,0.4969419538974762,0.3921782970428467,-1.2425425052642822,0.48234546184539795,0.3974275588989258,-1.2423441410064697,0.47062402963638306,0.4022679328918457,-1.242065668106079,0.5869892239570618,0.3859046697616577,-0.8920028805732727,0.4577682912349701,0.4296973943710327,-0.8892416954040527,0.554629385471344,0.49272382259368896,-1.1638681888580322,0.505582332611084,0.5085997581481934,-1.1637932062149048,0.7248705625534058,0.7515453100204468,-0.6380727887153625,0.37381598353385925,0.7244696021080017,-0.6440758109092712,0.8044273853302002,1.2475659847259521,-0.656296968460083,0.21650168299674988,1.0521327257156372,-0.8032914996147156,0.8235615491867065,1.5099124908447266,-1.0160969495773315,0.2021607756614685,1.3571733236312866,-1.2892072200775146,0.8515138626098633,1.6156808137893677,-1.1040987968444824,0.16681617498397827,1.4433223009109497,-1.4025952816009521,0.8176462650299072,1.6271069049835205,-1.177369475364685,0.20858636498451233,1.4482101202011108,-1.4574658870697021,0.8030174970626831,1.5763624906539917,-1.0656641721725464,0.2268913984298706,1.4177577495574951,-1.3346277475357056,0.6632776856422424,1.5197241306304932,0.04483513534069061,0.42987653613090515,1.5135642290115356,-0.037112005054950714,0.6437652707099915,2.1351592540740967,-0.05182088911533356,0.4263695478439331,2.1489827632904053,-0.10422277450561523,0.629184365272522,2.671038866043091,0.5345282554626465,0.4073736071586609,2.6878933906555176,0.3346744775772095,0.6313207149505615,2.776876449584961,0.5948575735092163,0.4015224575996399,2.7865052223205566,0.3706497550010681,0.5902521014213562,2.8359646797180176,0.30106523633003235,0.44123363494873047,2.8657665252685547,0.026353491470217705
shake_head,0.5364401340484619,0.4320272207260132,-1.4881027936935425,0.5521330237388611,0.36442410945892334,-1.425160527229309,0.5648255944252014,0.36141395568847656,-1.4243704080581665,0.5754250288009644,0.35957038402557373,-1.4239420890808105,0.5079911351203918,0.37874293327331543,-1.4358274936676025,0.49155715107917786,0.38356781005859375,-1.435624361038208,0.4784677028656006,0.3879615068435669,-1.435300350189209,0.592808187007904,0.38700926303863525,-1.024579405784607,0.46304187178611755,0.4183082580566406,-1.0755976438522339,0.564254641532898,0.48021233081817627,-1.3342525959014893,0.5143104195594788,0.4965288043022156,-1.3494656085968018,0.7272573709487915,0.7425592541694641,-0.7112154364585876,0.36208540201187134,0.7256709933280945,-0.8109213709831238,0.8001316785812378,1.121246099472046,-0.5963948965072632,0.19386506080627441,1.0353635549545288,-0.8898244500160217,0.8324021697044373,1.5106885433197021,-0.8254586458206177,0.19125708937644958,1.4102764129638672,-1.2016299962997437,0.8576659560203552,1.638550877571106,-0.8948091268539429,0.15323728322982788,1.5097405910491943,-1.295913577079773,0.8198341727256775,1.6595709323883057,-0.9780259728431702,0.20312225818634033,1.5265185832977295,-1.363316297531128,0.8092315793037415,1.6009738445281982,-0.8751060366630554,0.22109639644622803,1.491084098815918,-1.2464549541473389,0.658920407295227,1.516990303993225,0.06372277438640594,0.4368489384651184,1.49810791015625,-0.056221310049295425,0.6421852707862854,2.153712034225464,-0.0683259442448616,0.4198722243309021,2.1608729362487793,-0.3092448115348816,0.6244997978210449,2.681480884552002,0.6107080578804016,0.40209299325942993,2.7228522300720215,0.17713823914527893,0.6252516508102417,2.7881946563720703,0.6782137155532837,0.3937484622001648,2.828028678894043,0.2146725356578827,0.5923348665237427,2.8444786071777344,0.3698057234287262,0.4466193914413452,2.8993122577667236,-0.1757802516222
shake_head,0.548004150390625,0.41699278354644775,-1.0993003845214844,0.5586144328117371,0.350358247756958,-1.038793683052063,0.5694364309310913,0.3467458486557007,-1.038218379020691,0.579714834690094,0.344541072845459,-1.0374765396118164,0.5189250111579895,0.3664557933807373,-1.0447165966033936,0.5026096105575562,0.37233424186706543,-1.044539451599121,0.48829787969589233,0.37814974784851074,-1.0442218780517578,0.5925721526145935,0.3754110336303711,-0.6843822002410889,0.47109657526016235,0.40986883640289307,-0.7125356197357178,0.5720508098602295,0.4672430753707886,-0.9679880738258362,0.5251265168190002,0.4819018840789795,-0.9766614437103271,0.7292222380638123,0.7531818151473999,-0.4524112343788147,0.37402501702308655,0.7267850041389465,-0.5384202003479004,0.7999920845031738,1.2201809883117676,-0.48218563199043274,0.26945555210113525,1.1910152435302734,-0.7351797819137573,0.8190540075302124,1.5399737358093262,-0.9409325122833252,0.2739145755767822,1.4584059715270996,-1.3012125492095947,0.8493635654449463,1.6609326601028442,-1.0475178956985474,0.24764955043792725,1.5648407936096191,-1.4447896480560303,0.810948371887207,1.6771589517593384,-1.130063533782959,0.2925129532814026,1.5641374588012695,-1.497423529624939,0.7953536510467529,1.6235929727554321,-0.9983636736869812,0.30756643414497375,1.5265569686889648,-1.3489668369293213,0.6650847792625427,1.54136061668396,0.059411339461803436,0.4361439049243927,1.5046876668930054,-0.05152512714266777,0.6550590991973877,2.177424907684326,-0.09030599147081375,0.4342690706253052,2.1648941040039062,-0.16769102215766907,0.6489599943161011,2.7253122329711914,0.5534278750419617,0.42757731676101685,2.7320759296417236,0.25827762484550476,0.6526379585266113,2.8303260803222656,0.6194447875022888,0.42168915271759033,2.8352317810058594,0.2924756407737732,0.6157536506652832,2.8977808952331543,0.3336869776248932,0.4679148197174072,2.91321063041687,-0.05088230222463608
shake_head,0.5553016066551208,0.4292649030685425,-1.2466493844985962,0.5660207867622375,0.360848069190979,-1.1834166049957275,0.577517032623291,0.35893499851226807,-1.182607650756836,0.5879908800125122,0.3584340810775757,-1.182098627090454,0.5244672298431396,0.37348437309265137,-1.1974114179611206,0.506493330001831,0.37856626510620117,-1.1971919536590576,0.49138903617858887,0.3832303285598755,-1.196720838546753,0.6001054048538208,0.3910406827926636,-0.7971444129943848,0.4715966582298279,0.4141538143157959,-0.8668516278266907,0.5784662961959839,0.48450303077697754,-1.1008543968200684,0.5298107266426086,0.49492108821868896,-1.1213935613632202,0.7279658913612366,0.7608281373977661,-0.5229161381721497,0.3602975904941559,0.7270885705947876,-0.6530967354774475,0.8122194409370422,1.2153379917144775,-0.4739615321159363,0.22669506072998047,1.146870493888855,-0.7357205152511597,0.8251084089279175,1.562540054321289,-0.8123741745948792,0.18522685766220093,1.4523812532424927,-1.0980855226516724,0.8544374704360962,1.6907864809036255,-0.8911699652671814,0.1402857005596161,1.5587483644485474,-1.199202060699463,0.8156285881996155,1.7085542678833008,-0.971250593662262,0.18835163116455078,1.5796009302139282,-1.2733535766601562,0.8014040589332581,1.6535238027572632,-0.8642245531082153,0.20956745743751526,1.5438292026519775,-1.1483815908432007,0.6589468121528625,1.5540803670883179,0.08139996230602264,0.425801157951355,1.5543012619018555,-0.07362188398838043,0.6472831964492798,2.1968917846679688,0.030034484341740608,0.42613810300827026,2.1876988410949707,-0.26922309398651123,0.6371490955352783,2.7250704765319824,0.6985055208206177,0.4148150086402893,2.760239601135254,0.18160001933574677,0.6373001933097839,2.830918788909912,0.7678597569465637,0.40490543842315674,2.8669934272766113,0.21817846596240997,0.6153205037117004,2.897367000579834,0.4914218783378601,0.4699115753173828,2.9425551891326904,-0.14815399050712585
shake_head,0.55697101354599,0.4238002300262451,-1.2124009132385254,0.5671053528785706,0.35614919662475586,-1.1448957920074463,0.5781418085098267,0.35355937480926514,-1.1443873643875122,0.5881924033164978,0.35237038135528564,-1.143852949142456,0.5265424251556396,0.3702881336212158,-1.1593565940856934,0.509502649307251,0.3760157823562622,-1.159341812133789,0.49462002515792847,0.3817833662033081,-1.1591109037399292,0.5993320941925049,0.38480639457702637,-0.7453122138977051,0.47580641508102417,0.4150885343551636,-0.816643476486206,0.5803391337394714,0.4777863025665283,-1.06253182888031,0.5323603749275208,0.48987817764282227,-1.0837466716766357,0.7272354364395142,0.7579696774482727,-0.45893576741218567,0.37737900018692017,0.7329497933387756,-0.6047177314758301,0.816784679889679,1.1858268976211548,-0.43272534012794495,0.24699848890304565,1.1814454793930054,-0.8161795735359192,0.8414129018783569,1.4936405420303345,-0.8669146299362183,0.25101158022880554,1.4216922521591187,-1.4006563425064087,0.8689107298851013,1.6098521947860718,-0.9601375460624695,0.2290768325328827,1.5183769464492798,-1.548696517944336,0.8364540338516235,1.6200203895568848,-1.0536491870880127,0.2686474323272705,1.5066492557525635,-1.5980862379074097,0.8213149309158325,1.5728509426116943,-0.9255617260932922,0.2829769551753998,1.4765394926071167,-1.4451384544372559,0.6681339740753174,1.5363482236862183,0.07211440801620483,0.43588972091674805,1.536697268486023,-0.06460382789373398,0.6614866256713867,2.177042007446289,-0.009832149371504784,0.440969318151474,2.1623294353485107,-0.24581952393054962,0.6566821336746216,2.717836856842041,0.7074686288833618,0.44112929701805115,2.7322998046875,0.2160884439945221,0.6576497554779053,2.817819118499756,0.779161810874939,0.43589770793914795,2.8282341957092285,0.25164321064949036,0.632896900177002,2.888917922973633,0.48306557536125183,0.48272520303726196,2.918268918991089,-0.12940534949302673
shake_head,0.5647889375686646,0.4337829351425171,-1.2363409996032715,0.5745378136634827,0.36702024936676025,-1.1715011596679688,0.5845478177070618,0.3644007444381714,-1.170831322669983,0.5938262343406677,0.36292731761932373,-1.1704767942428589,0.5355928540229797,0.3788672685623169,-1.1954606771469116,0.5182920098304749,0.3832041025161743,-1.195496678352356,0.5013666749000549,0.3876228332519531,-1.1951463222503662,0.6035572290420532,0.3929210901260376,-0.7720121741294861,0.4795188009738922,0.417483925819397,-0.8854987025260925,0.5863624215126038,0.48691999912261963,-1.083678126335144,0.5402519702911377,0.49684667587280273,-1.116933822631836,0.7215830087661743,0.7471333146095276,-0.4751036465167999,0.3777499198913574,0.726550817489624,-0.6708500385284424,0.8230007886886597,1.1749402284622192,-0.4045148491859436,0.19761228561401367,1.0212376117706299,-0.7895542979240417,0.8424090147018433,1.4929765462875366,-0.7446176409721375,0.14624762535095215,1.3998527526855469,-1.184252142906189,0.8716714382171631,1.6034554243087769,-0.8168545365333557,0.10002261400222778,1.4926258325576782,-1.296260952949524,0.8383288979530334,1.6151912212371826,-0.9053406119346619,0.14479681849479675,1.5064293146133423,-1.3627002239227295,0.8228390216827393,1.5743860006332397,-0.7990453243255615,0.1666054129600525,1.4788620471954346,-1.2315717935562134,0.6604489088058472,1.5313827991485596,0.091249980032444,0.43639642000198364,1.5411604642868042,-0.08370370417833328,0.656437873840332,2.1849851608276367,0.1036774292588234,0.44201692938804626,2.1802773475646973,-0.26290613412857056,0.6518527269363403,2.711392879486084,0.8206120729446411,0.4379388093948364,2.7554657459259033,0.21188797056674957,0.6517987251281738,2.810051441192627,0.8939738273620605,0.4291973114013672,2.8556981086730957,0.2497679591178894,0.6382914185523987,2.87925386428833,0.6246214509010315,0.48809555172920227,2.9320783615112305,-0.12413305789232254
shake_head,0.5736764669418335,0.42862045764923096,-1.1425682306289673,0.5808667540550232,0.3644758462905884,-1.0789529085159302,0.589866578578949,0.363217830657959,-1.0783554315567017,0.5986266732215881,0.36300384998321533,-1.0778002738952637,0.5453618764877319,0.3735225200653076,-1.09683096408844,0.5276587009429932,0.37792646884918213,-1.0968126058578491,0.5097987651824951,0.3824584484100342,-1.096482753753662,0.6058370471000671,0.39598965644836426,-0.6928260922431946,0.48312169313430786,0.4139549732208252,-0.7798395156860352,0.5931023359298706,0.4834458827972412,-0.9961453080177307,0.5489671230316162,0.49249839782714844,-1.0221426486968994,0.7240232229232788,0.7522585391998291,-0.42254638671875,0.37782761454582214,0.7220852375030518,-0.5846205353736877,0.8019827604293823,1.1780034303665161,-0.46159377694129944,0.2502514123916626,1.1646608114242554,-0.9249362945556641,0.8116174936294556,1.4891453981399536,-0.9485195279121399,0.2749941647052765,1.2700830698013306,-1.589066982269287,0.8347138166427612,1.6079785823822021,-1.0480773448944092,0.25783950090408325,1.3208554983139038,-1.752231478691101,0.8007760643959045,1.6159117221832275,-1.1242307424545288,0.2960375249385834,1.298295021057129,-1.768926739692688,0.7871524095535278,1.5681315660476685,-1.002281904220581,0.3107525110244751,1.2871451377868652,-1.623147964477539,0.6614612936973572,1.5108152627944946,0.07305573672056198,0.4344260096549988,1.50931715965271,-0.06556250154972076,0.6600547432899475,2.137857675552368,-0.0315210334956646,0.44588926434516907,2.1278791427612305,-0.21237713098526,0.6559142470359802,2.703866481781006,0.6466963887214661,0.4461776614189148,2.708968162536621,0.2428550124168396,0.6570817232131958,2.804621696472168,0.7148692607879639,0.4400884509086609,2.806403875350952,0.27803388237953186,0.6337448954582214,2.881937026977539,0.419665664434433,0.48872342705726624,2.8943896293640137,-0.0932568907737732
shake_head,0.5777064561843872,0.4235837459564209,-1.0032398700714111,0.5856901407241821,0.3574615716934204,-0.9352009296417236,0.5949822664260864,0.3559006452560425,-0.9347275495529175,0.6040136218070984,0.35580718517303467,-0.9343942403793335,0.5495242476463318,0.3681401014328003,-0.9564166069030762,0.532802164554596,0.3726518154144287,-0.9562819600105286,0.515101432800293,0.37760210037231445,-0.9560449719429016,0.6093181371688843,0.3920217752456665,-0.5333432555198669,0.48806360363960266,0.4120676517486572,-0.6355220079421997,0.5970749855041504,0.48144519329071045,-0.8502395749092102,0.5526239275932312,0.49012434482574463,-0.8806055784225464,0.7262927293777466,0.7687628865242004,-0.274678498506546,0.37402546405792236,0.7300291657447815,-0.4549793303012848,0.7921019792556763,1.1497161388397217,-0.2135619819164276,0.20505991578102112,1.0200364589691162,-0.670343816280365,0.807492733001709,1.4852629899978638,-0.5846166014671326,0.17689257860183716,1.3653706312179565,-1.228413701057434,0.8284229636192322,1.61335289478302,-0.6681705117225647,0.14262697100639343,1.4530013799667358,-1.3641380071640015,0.8021021485328674,1.6179800033569336,-0.7636010050773621,0.17622384428977966,1.4467473030090332,-1.4239758253097534,0.7909233570098877,1.5683091878890991,-0.643301248550415,0.1943466067314148,1.4214190244674683,-1.2769109010696411,0.651270866394043,1.5772162675857544,0.07551001012325287,0.4248526692390442,1.575993537902832,-0.06810623407363892,0.6506668925285339,2.181051254272461,-0.013744445517659187,0.4311492443084717,2.1807680130004883,-0.2619090676307678,0.6431361436843872,2.7622976303100586,0.7493112683296204,0.42975369095802307,2.8026680946350098,0.21495378017425537,0.640829861164093,2.864001750946045,0.8257647156715393,0.42321640253067017,2.9072136878967285,0.25087887048721313,0.629291832447052,2.945321559906006,0.5463016033172607,0.470098614692688,2.993570566177368,-0.13575807213783264
shake_head,0.585340142250061,0.4197225570678711,-1.040038824081421,0.5895453691482544,0.35482800006866455,-0.9715248942375183,0.5976628065109253,0.3538379669189453,-0.9710979461669922,0.605731189250946,0.3541759252548218,-0.9706838130950928,0.5582023859024048,0.36428678035736084,-0.9966205358505249,0.5421484708786011,0.36885523796081543,-0.9966204762458801,0.5250653028488159,0.3735095262527466,-0.9963815212249756,0.6076886653900146,0.3901982307434082,-0.5609261393547058,0.4914853870868683,0.4069850444793701,-0.6819364428520203,0.6028233766555786,0.47946035861968994,-0.8825750946998596,0.562786340713501,0.4868360757827759,-0.9183219075202942,0.7242782711982727,0.7619633078575134,-0.2869891822338104,0.3731508255004883,0.7238819003105164,-0.5009275078773499,0.7842047214508057,1.1402623653411865,-0.25638002157211304,0.2344847023487091,1.1361936330795288,-0.7570110559463501,0.797214925289154,1.4565283060073853,-0.6916161179542542,0.21872949600219727,1.3795866966247559,-1.364996314048767,0.8167635202407837,1.5803378820419312,-0.7852652072906494,0.1926809847354889,1.4720909595489502,-1.514891505241394,0.7913599014282227,1.5816596746444702,-0.8777844309806824,0.22671622037887573,1.4571199417114258,-1.5691499710083008,0.7802602052688599,1.5341957807540894,-0.7504900097846985,0.2419682741165161,1.4300975799560547,-1.411446213722229,0.6556839942932129,1.5549904108047485,0.09087532013654709,0.43011507391929626,1.5589687824249268,-0.0833725854754448,0.6666278839111328,2.172995090484619,-0.01655927300453186,0.4461919665336609,2.170537233352661,-0.3082495927810669,0.6665782928466797,2.7579994201660156,0.7203787565231323,0.4519605040550232,2.798560619354248,0.13491857051849365,0.6661023497581482,2.8611621856689453,0.794334888458252,0.44468486309051514,2.9034125804901123,0.1679922193288803,0.6565585732460022,2.9392333030700684,0.5108171105384827,0.500519335269928,2.986970901489258,-0.22369034588336945
shake_head,0.5748048424720764,0.41278231143951416,-1.047041893005371,0.5830370783805847,0.3513796329498291,-0.9787144660949707,0.5923798680305481,0.3513953685760498,-0.978455126285553,0.6017203330993652,0.352505087852478,-0.9781068563461304,0.5467929840087891,0.35714662075042725,-1.000132441520691,0.5302305221557617,0.36052870750427246,-1.0002039670944214,0.5129703879356384,0.36484062671661377,-0.9999945163726807,0.6073654890060425,0.38769710063934326,-0.5633516907691956,0.48671141266822815,0.39986908435821533,-0.6654525995254517,0.5938877463340759,0.47142112255096436,-0.888069212436676,0.5484545230865479,0.4778738021850586,-0.9185265898704529,0.7185382843017578,0.7563893795013428,-0.296958327293396,0.3712754547595978,0.71580970287323,-0.46293216943740845,0.789682149887085,1.128175139427185,-0.2408803105354309,0.20068734884262085,0.9961643218994141,-0.684297502040863,0.8110028505325317,1.4501384496688843,-0.6233429312705994,0.1037728488445282,1.3491394519805908,-1.2687352895736694,0.8342339396476746,1.5700640678405762,-0.7071091532707214,0.05496203899383545,1.4379873275756836,-1.4016931056976318,0.8098401427268982,1.5715471506118774,-0.8078687191009521,0.08654910326004028,1.4448283910751343,-1.4835172891616821,0.7969942092895508,1.5289573669433594,-0.683245837688446,0.1101696789264679,1.4195343255996704,-1.3266791105270386,0.6507989764213562,1.5482662916183472,0.07280098646879196,0.42683619260787964,1.5543982982635498,-0.06493766605854034,0.661655843257904,2.1515960693359375,-0.07687976956367493,0.4419010281562805,2.1477413177490234,-0.3305402994155884,0.6700319647789001,2.757033348083496,0.6173331141471863,0.4588754177093506,2.779777765274048,0.13049642741680145,0.6728708744049072,2.8612546920776367,0.6846533417701721,0.45653364062309265,2.883108615875244,0.16415534913539886,0.6531961560249329,2.9363794326782227,0.37496694922447205,0.4959518015384674,2.963134288787842,-0.2405751347541809
shake_head,0.581463098526001,0.41454648971557617,-1.015579342842102,0.5878695249557495,0.35021722316741943,-0.944912314414978,0.5965801477432251,0.34965527057647705,-0.9447043538093567,0.6052403450012207,0.35040903091430664,-0.9444133639335632,0.5543680191040039,0.3580002784729004,-0.9720460176467896,0.5375974774360657,0.3617744445800781,-0.9720962643623352,0.5203123092651367,0.36603331565856934,-0.9719190001487732,0.6094046831130981,0.38661134243011475,-0.5286203622817993,0.49001047015190125,0.40154528617858887,-0.6592303514480591,0.6000139713287354,0.474301815032959,-0.8566319346427917,0.5559089183807373,0.4811152219772339,-0.895524799823761,0.7249775528907776,0.7713637351989746,-0.24281784892082214,0.3746127784252167,0.7233628034591675,-0.4910736382007599,0.7948697805404663,1.1497267484664917,-0.21992863714694977,0.24757719039916992,1.1275415420532227,-0.7815863490104675,0.8266720771789551,1.4669208526611328,-0.6787333488464355,0.23141023516654968,1.3583756685256958,-1.4323896169662476,0.8502818942070007,1.588404655456543,-0.7708804607391357,0.20665353536605835,1.4460158348083496,-1.591916561126709,0.8274549245834351,1.5870755910873413,-0.8720494508743286,0.2382318675518036,1.4284405708312988,-1.643273949623108,0.8141763210296631,1.5423818826675415,-0.7409231662750244,0.2527755796909332,1.404811978340149,-1.4779903888702393,0.6473948359489441,1.5675395727157593,0.09249664843082428,0.42797452211380005,1.560651183128357,-0.0851840153336525,0.6520037651062012,2.1630403995513916,-0.05614548549056053,0.438897967338562,2.1404809951782227,-0.35036391019821167,0.645711362361908,2.759517192840576,0.6893138885498047,0.4430812895298004,2.773810863494873,0.1110692173242569,0.6441977024078369,2.8621678352355957,0.7623016834259033,0.43679279088974,2.879080295562744,0.14452503621578217,0.6342390775680542,2.9368581771850586,0.46963703632354736,0.48376551270484924,2.957012414932251,-0.258928120136261
shake_head,0.5665546655654907,0.4273117780685425,-1.2159392833709717,0.5769712924957275,0.358636736869812,-1.149282455444336,0.5876625776290894,0.35692262649536133,-1.1487891674041748,0.597679078578949,0.3557020425796509,-1.1483224630355835,0.5360116958618164,0.3694882392883301,-1.1667108535766602,0.5178035497665405,0.37402868270874023,-1.1666724681854248,0.500334620475769,0.3787672519683838,-1.166447401046753,0.6076557636260986,0.38946759700775146,-0.7480537295341492,0.47765058279037476,0.4106334447860718,-0.8347331285476685,0.5889415740966797,0.4841712713241577,-1.064091682434082,0.5399137735366821,0.4928804636001587,-1.0898014307022095,0.7326096296310425,0.769339382648468,-0.46445992588996887,0.3701205849647522,0.7277076840400696,-0.630378246307373,0.8089573383331299,1.2076356410980225,-0.46272552013397217,0.24772655963897705,1.1784777641296387,-0.8607040047645569,0.8263741731643677,1.5453429222106934,-0.915724515914917,0.24201592803001404,1.4441463947296143,-1.452640414237976,0.8515368700027466,1.6716029644012451,-1.0135613679885864,0.21673569083213806,1.5465368032455444,-1.6053813695907593,0.8196800947189331,1.6786502599716187,-1.1031291484832764,0.25602394342422485,1.5351972579956055,-1.6551557779312134,0.805365800857544,1.6281992197036743,-0.9738476872444153,0.27121701836586,1.5043878555297852,-1.49809730052948,0.6602728962898254,1.5595219135284424,0.08167838305234909,0.4287623167037964,1.5543391704559326,-0.07419151812791824,0.6527454853057861,2.2157187461853027,0.0561990812420845,0.43303731083869934,2.1750450134277344,-0.2589031755924225,0.6437667608261108,2.7548723220825195,0.8611350655555725,0.4307951033115387,2.7656893730163574,0.23919348418712616,0.6429377794265747,2.851789951324463,0.9426637291908264,0.42339879274368286,2.8658928871154785,0.27905815839767456,0.6242746114730835,2.934577226638794,0.6584439277648926,0.47616812586784363,2.9539575576782227,-0.10719029605388641
shake_head,0.555915117263794,0.4311838150024414,-1.1609896421432495,0.5681934952735901,0.3644198179244995,-1.0971136093139648,0.5798711776733398,0.36267709732055664,-1.0966345071792603,0.5908092260360718,0.3624619245529175,-1.096177339553833,0.5261902809143066,0.37551629543304443,-1.1101830005645752,0.5087105631828308,0.3798701763153076,-1.110138177871704,0.49387168884277344,0.3843027353286743,-1.1098790168762207,0.6034060120582581,0.39511919021606445,-0.7120493054389954,0.4756928086280823,0.41423070430755615,-0.7796699404716492,0.5799065232276917,0.48538637161254883,-1.0161690711975098,0.530648410320282,0.49531471729278564,-1.036281943321228,0.7271904945373535,0.7621434330940247,-0.4610176384449005,0.37653326988220215,0.7326524257659912,-0.5751293897628784,0.8074186444282532,1.200833797454834,-0.47644931077957153,0.2177574634552002,1.0527914762496948,-0.790985107421875,0.8278691172599792,1.5236653089523315,-0.8887968063354492,0.19949063658714294,1.4000499248504639,-1.339599370956421,0.8549056053161621,1.6445910930633545,-0.977678120136261,0.16819551587104797,1.4968937635421753,-1.4757181406021118,0.822677731513977,1.6528549194335938,-1.0623010396957397,0.21079617738723755,1.4958657026290894,-1.524932622909546,0.8080798983573914,1.6052565574645996,-0.9436591863632202,0.22786995768547058,1.4668302536010742,-1.3842597007751465,0.6626894474029541,1.5518068075180054,0.06519681960344315,0.43153315782546997,1.5500787496566772,-0.057461194694042206,0.6477694511413574,2.19376802444458,-0.04055241122841835,0.4277688264846802,2.167907238006592,-0.32940873503685,0.6395684480667114,2.733069896697998,0.6352588534355164,0.42433953285217285,2.7485554218292236,0.12416335195302963,0.6403195261955261,2.8331658840179443,0.7038568258285522,0.41886574029922485,2.8488669395446777,0.15971750020980835,0.6135559678077698,2.9047927856445312,0.4130689799785614,0.45982107520103455,2.93222975730896,-0.2193579226732254
shake_head,0.5544039607048035,0.42635488510131836,-1.137010931968689,0.5677951574325562,0.35876476764678955,-1.0762603282928467,0.5799418091773987,0.3581041097640991,-1.0756675004959106,0.5908619165420532,0.3584238290786743,-1.0750399827957153,0.5250563025474548,0.36770379543304443,-1.0860594511032104,0.5081095099449158,0.3718690872192383,-1.0859100818634033,0.4923592507839203,0.3772953748703003,-1.0855804681777954,0.6052041053771973,0.3929762840270996,-0.7198098301887512,0.47342199087142944,0.4096500873565674,-0.7680926322937012,0.5787461996078491,0.4836001396179199,-1.004673957824707,0.5283107757568359,0.4930208921432495,-1.0189952850341797,0.7355664372444153,0.7691766619682312,-0.49342039227485657,0.3709735870361328,0.7364094257354736,-0.5936381220817566,0.8186291456222534,1.2271579504013062,-0.5036687850952148,0.2481383979320526,1.1808969974517822,-0.7710421085357666,0.8285151720046997,1.5599831342697144,-0.8966454863548279,0.24321994185447693,1.4701942205429077,-1.2591651678085327,0.8567051887512207,1.6835302114486694,-0.9894378781318665,0.21235391497612,1.5798252820968628,-1.3883534669876099,0.8168074488639832,1.700802206993103,-1.0650960206985474,0.2609389126300812,1.5866780281066895,-1.4399938583374023,0.8021766543388367,1.6477900743484497,-0.9491642117500305,0.27735719084739685,1.549142599105835,-1.304884433746338,0.6684233546257019,1.56277334690094,0.06671542674303055,0.43396276235580444,1.5563032627105713,-0.05889618396759033,0.6607264876365662,2.212646484375,-0.0029845351818948984,0.4387655556201935,2.185422658920288,-0.21794047951698303,0.6583280563354492,2.7371137142181396,0.6707038879394531,0.4379727840423584,2.7447235584259033,0.22816814482212067,0.6617081761360168,2.8399550914764404,0.7407679557800293,0.4323609471321106,2.847527027130127,0.2654213309288025,0.6297397017478943,2.9121909141540527,0.4672423005104065,0.4813893735408783,2.927496910095215,-0.07986938953399658
shake_head,0.5601562857627869,0.4215914011001587,-1.2572832107543945,0.5695711374282837,0.35250699520111084,-1.1944341659545898,0.5805469751358032,0.35007357597351074,-1.1937127113342285,0.5903716087341309,0.34912681579589844,-1.1930738687515259,0.5283823013305664,0.3673170804977417,-1.2055461406707764,0.5113947987556458,0.37345433235168457,-1.2053351402282715,0.49522489309310913,0.3793182373046875,-1.2049765586853027,0.6008179783821106,0.38095879554748535,-0.8169283866882324,0.4735892713069916,0.4112437963485718,-0.8744430541992188,0.5826269388198853,0.47571372985839844,-1.1164212226867676,0.5347002148628235,0.4890190362930298,-1.1334830522537231,0.7314949631690979,0.7587515711784363,-0.556601881980896,0.3689398169517517,0.7231839895248413,-0.6657972931861877,0.8055427074432373,1.2163318395614624,-0.5297892689704895,0.2467498481273651,1.1827808618545532,-0.8407486081123352,0.8228247165679932,1.5347179174423218,-0.8886111974716187,0.2547622621059418,1.4550002813339233,-1.3197225332260132,0.8509944081306458,1.6582043170928955,-0.9736571311950684,0.2277001440525055,1.5604323148727417,-1.4450820684432983,0.8137863874435425,1.6754891872406006,-1.0515427589416504,0.27615886926651,1.561802625656128,-1.493673324584961,0.7996705770492554,1.6200004816055298,-0.940295934677124,0.29154786467552185,1.5251878499984741,-1.3624531030654907,0.6641634702682495,1.5421569347381592,0.07103348523378372,0.4309786856174469,1.5388649702072144,-0.06366423517465591,0.6541221737861633,2.180213689804077,0.009592047892510891,0.43563124537467957,2.1763100624084473,-0.19836881756782532,0.644731879234314,2.708529233932495,0.6574967503547668,0.42706042528152466,2.7248215675354004,0.23515069484710693,0.6449970006942749,2.815206527709961,0.7247618436813354,0.4196418225765228,2.8261685371398926,0.27026665210723877,0.6191582679748535,2.879396438598633,0.4456363320350647,0.475732684135437,2.9085004329681396,-0.08375788480043411
shake_head,0.5444332361221313,0.42506539821624756,-1.2157561779022217,0.558432400226593,0.3553856611251831,-1.1572065353393555,0.5705632567405701,0.3514525890350342,-1.1566489934921265,0.5817687511444092,0.3490283489227295,-1.1560803651809692,0.5159770846366882,0.3709903955459595,-1.1641881465911865,0.5000401735305786,0.3759106397628784,-1.164091944694519,0.4869050085544586,0.3805692195892334,-1.1637550592422485,0.5977027416229248,0.37948036193847656,-0.7964749336242676,0.47069117426872253,0.411684513092041,-0.8348779082298279,0.5706680417060852,0.47713780403137207,-1.0808459520339966,0.5223714113235474,0.4891214370727539,-1.0924509763717651,0.728477418422699,0.7586549520492554,-0.5557738542556763,0.3753381669521332,0.7250050902366638,-0.6273386478424072,0.8078935146331787,1.2165613174438477,-0.5558038949966431,0.22067588567733765,1.0366251468658447,-0.783828854560852,0.8263781070709229,1.5192217826843262,-0.9131900668144226,0.21339479088783264,1.4106652736663818,-1.233590006828308,0.8560537695884705,1.6339831352233887,-0.9983980059623718,0.18114635348320007,1.51337730884552,-1.3513340950012207,0.8186615109443665,1.649205207824707,-1.073570966720581,0.23085570335388184,1.5240557193756104,-1.403989315032959,0.8035056591033936,1.6006345748901367,-0.9636859893798828,0.24766075611114502,1.4900548458099365,-1.2782020568847656,0.6628150343894958,1.5398985147476196,0.06066839024424553,0.430616170167923,1.5361948013305664,-0.052777938544750214,0.6496976613998413,2.1718130111694336,-0.012150578200817108,0.43191075325012207,2.1606764793395996,-0.23492415249347687,0.646079421043396,2.7050743103027344,0.5883926749229431,0.42759549617767334,2.7087674140930176,0.20605988800525665,0.6494140625,2.8111331462860107,0.6505463719367981,0.42226141691207886,2.8089325428009033,0.24254556000232697,0.6144524216651917,2.8726577758789062,0.36217719316482544,0.46700507402420044,2.8888819217681885,-0.11062758415937424
shake_head,0.5481325387954712,0.43171048164367676,-1.1214396953582764,0.5602704882621765,0.3625650405883789,-1.0622808933258057,0.5717566609382629,0.35901427268981934,-1.0614475011825562,0.5816985368728638,0.3564978837966919,-1.0607891082763672,0.5188378095626831,0.3779720067977905,-1.0675727128982544,0.5028395056724548,0.38300907611846924,-1.0671921968460083,0.48782071471214294,0.3877917528152466,-1.0666862726211548,0.5965659618377686,0.38374900817871094,-0.7153461575508118,0.4694746732711792,0.4168546199798584,-0.7456262707710266,0.5713092088699341,0.48093342781066895,-0.9938746094703674,0.5237131118774414,0.49518465995788574,-1.0027198791503906,0.7239178419113159,0.7685194611549377,-0.49317339062690735,0.3683190941810608,0.724702000617981,-0.567054033279419,0.7949569821357727,1.2338199615478516,-0.5230244994163513,0.25167277455329895,1.1831181049346924,-0.7378164529800415,0.8179153800010681,1.4985319375991821,-0.9287029504776001,0.2622617185115814,1.4048001766204834,-1.239267349243164,0.848816990852356,1.6048120260238647,-1.0263128280639648,0.23457372188568115,1.4966415166854858,-1.3668700456619263,0.8117443919181824,1.622213363647461,-1.096076488494873,0.28345903754234314,1.4970980882644653,-1.4134695529937744,0.7967219948768616,1.5693855285644531,-0.9798293113708496,0.298954576253891,1.4645648002624512,-1.2826581001281738,0.6547794342041016,1.5443776845932007,0.060633204877376556,0.4335477948188782,1.4925432205200195,-0.05342920869588852,0.6398671269416809,2.1708693504333496,0.020790401846170425,0.4264586567878723,2.1646549701690674,-0.13806091248989105,0.6272358894348145,2.6893954277038574,0.6775267720222473,0.4122714102268219,2.7012083530426025,0.3212869465351105,0.6274688839912415,2.797314405441284,0.7460803985595703,0.4048612117767334,2.806572437286377,0.35920876264572144,0.5996810793876648,2.8623104095458984,0.48282384872436523,0.45720434188842773,2.8818182945251465,0.030044198036193848
shake_head,0.5402248501777649,0.43533802032470703,-1.2420026063919067,0.5563763976097107,0.36428821086883545,-1.1897547245025635,0.569642961025238,0.36016321182250977,-1.1889592409133911,0.580647885799408,0.3570888042449951,-1.1884055137634277,0.5117171406745911,0.3787933588027954,-1.1918091773986816,0.49539414048194885,0.3830612897872925,-1.1915972232818604,0.48199063539505005,0.38711655139923096,-1.191197156906128,0.6001923680305481,0.38351619243621826,-0.8498777151107788,0.46584251523017883,0.41633546352386475,-0.8604525923728943,0.5681201815605164,0.48683154582977295,-1.1136269569396973,0.5185144543647766,0.4985526204109192,-1.1172642707824707,0.7242860794067383,0.7446684837341309,-0.5973677635192871,0.3765680193901062,0.7153472900390625,-0.6405612826347351,0.8043391108512878,1.2138721942901611,-0.5451305508613586,0.2655719518661499,1.149942398071289,-0.6844304203987122,0.8180447220802307,1.4933526515960693,-0.8323627710342407,0.2579703629016876,1.4090502262115479,-0.9853595495223999,0.8475807905197144,1.5991177558898926,-0.9096680879592896,0.22498071193695068,1.5044256448745728,-1.07230806350708,0.809108316898346,1.6200318336486816,-0.9811702966690063,0.27055248618125916,1.5220065116882324,-1.1371667385101318,0.7945155501365662,1.56949782371521,-0.8801843523979187,0.28825074434280396,1.486954927444458,-1.0307011604309082,0.6593594551086426,1.5229432582855225,0.04729064553976059,0.42944422364234924,1.5156662464141846,-0.03986414149403572,0.6440660357475281,2.155996084213257,-0.021418694406747818,0.42917123436927795,2.1688170433044434,-0.08575915545225143,0.6311463117599487,2.670409679412842,0.5431731343269348,0.4133026599884033,2.703369617462158,0.32628998160362244,0.633935272693634,2.7708892822265625,0.6025976538658142,0.40765631198883057,2.802959680557251,0.36079102754592896,0.5939279198646545,2.8440678119659424,0.33077186346054077,0.44943767786026,2.8863167762756348,0.039945539087057114
shake_head,0.542144238948822,0.4283360242843628,-1.233606219291687,0.5568524599075317,0.3606443405151367,-1.17703378200531,0.5693618655204773,0.35786330699920654,-1.176332712173462,0.5801845192909241,0.35620319843292236,-1.175735354423523,0.5143417716026306,0.37452125549316406,-1.1802105903625488,0.49810847640037537,0.37987029552459717,-1.1799520254135132,0.4843856692314148,0.3848145008087158,-1.1795132160186768,0.5988046526908875,0.3854178190231323,-0.8257154226303101,0.46789130568504333,0.4162482023239136,-0.8456317186355591,0.5670389533042908,0.4775981307029724,-1.1024712324142456,0.5190847516059875,0.4906732439994812,-1.1086043119430542,0.7272810339927673,0.7664918303489685,-0.5824323296546936,0.3706994652748108,0.7230148315429688,-0.6313426494598389,0.7974669933319092,1.2403793334960938,-0.5768304467201233,0.2588180899620056,1.1591886281967163,-0.7128078937530518,0.8115990161895752,1.5174099206924438,-0.9267478585243225,0.2423306703567505,1.448189616203308,-1.0840965509414673,0.8409968614578247,1.6257566213607788,-1.0157427787780762,0.20636704564094543,1.5555446147918701,-1.1842695474624634,0.8014982342720032,1.6436963081359863,-1.0852910280227661,0.25624796748161316,1.5753216743469238,-1.2530097961425781,0.7867493033409119,1.5912494659423828,-0.9750268459320068,0.27424314618110657,1.5351893901824951,-1.1321229934692383,0.6289395689964294,1.5278079509735107,0.05540781468153,0.4276982247829437,1.5164109468460083,-0.04795526713132858,0.6389501094818115,2.149362564086914,-0.00701167993247509,0.4232042729854584,2.149083137512207,-0.16190828382968903,0.6284857988357544,2.655625343322754,0.5829265713691711,0.4088381230831146,2.6816279888153076,0.2668325901031494,0.6314594149589539,2.7592763900756836,0.6446552872657776,0.4026869535446167,2.783468246459961,0.302403062582016,0.5920934677124023,2.8240246772766113,0.3734971284866333,0.4487631916999817,2.8611063957214355,-0.03019743040204048
shake_head,0.5342407822608948,0.43389999866485596,-1.2001800537109375,0.5499463677406311,0.3641531467437744,-1.14505934715271,0.56331866979599,0.3598344326019287,-1.1442867517471313,0.5751358866691589,0.3564455509185791,-1.1436651945114136,0.5058484077453613,0.37996935844421387,-1.1451185941696167,0.4906439185142517,0.38462281227111816,-1.144840121269226,0.4785730242729187,0.3891744613647461,-1.144418716430664,0.5953919887542725,0.3804422616958618,-0.8012139797210693,0.4642902910709381,0.41861796379089355,-0.8054569363594055,0.562820315361023,0.4816604256629944,-1.072041630744934,0.5141650438308716,0.49496763944625854,-1.073606014251709,0.7301492691040039,0.7583333849906921,-0.5642175078392029,0.37615296244621277,0.7255018949508667,-0.595151424407959,0.7996261119842529,1.2243744134902954,-0.5593124032020569,0.24041399359703064,1.1674931049346924,-0.7274927496910095,0.8204997777938843,1.4752627611160278,-0.907261848449707,0.23751550912857056,1.3927762508392334,-1.1901977062225342,0.8507471680641174,1.5741170644760132,-0.9954885244369507,0.20651710033416748,1.4829697608947754,-1.3060708045959473,0.8157939910888672,1.5907890796661377,-1.0703318119049072,0.2544824182987213,1.488325595855713,-1.356841802597046,0.800550639629364,1.5427231788635254,-0.9580910205841064,0.27200061082839966,1.4567614793777466,-1.2341574430465698,0.6630977392196655,1.5273910760879517,0.04644407331943512,0.4361506700515747,1.4851114749908447,-0.039020806550979614,0.6455641388893127,2.153259754180908,-0.011882598511874676,0.429376482963562,2.152437210083008,-0.10933098196983337,0.6314215660095215,2.6680266857147217,0.6255177855491638,0.4143025279045105,2.681830883026123,0.34385472536087036,0.6332411170005798,2.7716128826141357,0.6921396851539612,0.40929609537124634,2.783022403717041,0.3814527690410614,0.5964565277099609,2.839287281036377,0.42128685116767883,0.449537068605423,2.860489845275879,0.04957769066095352
shake_head,0.5348695516586304,0.4381730556488037,-1.2351049184799194,0.5526647567749023,0.36849498748779297,-1.1818578243255615,0.5662639737129211,0.3655916452407837,-1.1809704303741455,0.5779057145118713,0.36365532875061035,-1.1804567575454712,0.5077506303787231,0.3822133541107178,-1.1832011938095093,0.4920061230659485,0.386491060256958,-1.1828970909118652,0.47942179441452026,0.3905421495437622,-1.1823995113372803,0.5985269546508789,0.389894962310791,-0.8369102478027344,0.46481990814208984,0.4191025495529175,-0.8459240198135376,0.5639400482177734,0.48753708600997925,-1.1045348644256592,0.5129743814468384,0.5001547932624817,-1.107558250427246,0.7281250357627869,0.7565056681632996,-0.5836090445518494,0.3746159076690674,0.7119238972663879,-0.6200822591781616,0.8041311502456665,1.1910761594772339,-0.5142324566841125,0.26041725277900696,1.1294522285461426,-0.6169880628585815,0.8248087167739868,1.5071282386779785,-0.7951058149337769,0.25963759422302246,1.4383610486984253,-0.8729501962661743,0.8578369617462158,1.6270147562026978,-0.8709356784820557,0.22500476241111755,1.5492316484451294,-0.9523520469665527,0.8148821592330933,1.6540355682373047,-0.9451970458030701,0.27733945846557617,1.5781497955322266,-1.0288053750991821,0.8006582856178284,1.597595453262329,-0.8429532647132874,0.2943819463253021,1.5368682146072388,-0.9214926362037659,0.6503174901008606,1.5246702432632446,0.04550199210643768,0.4209217429161072,1.515896201133728,-0.03788250312209129,0.6284617781639099,2.166926860809326,-0.01136132050305605,0.41070300340652466,2.1565587520599365,-0.1693878024816513,0.6155989766120911,2.6716785430908203,0.5481970906257629,0.395652174949646,2.6940011978149414,0.24266302585601807,0.6192570924758911,2.7742838859558105,0.6072683334350586,0.3893945515155792,2.797915458679199,0.2769307792186737,0.5738708972930908,2.8418259620666504,0.33587247133255005,0.4339531660079956,2.8744988441467285,-0.05012436956167221
shake_head,0.5378629565238953,0.43512237071990967,-1.1584433317184448,0.5533336400985718,0.3634907007217407,-1.1052048206329346,0.5669480562210083,0.35945022106170654,-1.104337453842163,0.5783848762512207,0.35624825954437256,-1.1036571264266968,0.5086334347724915,0.37855637073516846,-1.1073089838027954,0.4929661750793457,0.38310790061950684,-1.106979489326477,0.4803254008293152,0.3875991106033325,-1.1065551042556763,0.598531186580658,0.3815978765487671,-0.7745348215103149,0.46525901556015015,0.41760432720184326,-0.78581702709198,0.5666759014129639,0.4842945337295532,-1.0350958108901978,0.5178409814834595,0.4964311718940735,-1.0388200283050537,0.725981593132019,0.746288001537323,-0.5474808216094971,0.37589067220687866,0.7090047001838684,-0.5916916131973267,0.7999076247215271,1.199563980102539,-0.5130326747894287,0.2514588236808777,1.1514060497283936,-0.6845871210098267,0.82110995054245,1.500184416770935,-0.8188143968582153,0.24320265650749207,1.441151738166809,-1.071810007095337,0.8530523777008057,1.6153275966644287,-0.8973962068557739,0.20712587237358093,1.547520399093628,-1.1753079891204834,0.8133363723754883,1.640830636024475,-0.9738055467605591,0.2586933374404907,1.565729022026062,-1.2337249517440796,0.7994040846824646,1.5855612754821777,-0.8696621060371399,0.27678579092025757,1.5267924070358276,-1.1176434755325317,0.6488262414932251,1.526321530342102,0.046954356133937836,0.42221084237098694,1.5116198062896729,-0.039479389786720276,0.6302829384803772,2.156379461288452,-0.05888204276561737,0.41561391949653625,2.1561243534088135,-0.11409931629896164,0.6170836091041565,2.6721014976501465,0.5065357089042664,0.39976930618286133,2.6955037117004395,0.28017517924308777,0.6202388405799866,2.778202533721924,0.5664253830909729,0.3935081362724304,2.803189277648926,0.31242871284484863,0.57804936170578,2.838120222091675,0.3024088740348816,0.4363522529602051,2.866831064224243,-0.0027815685607492924
shake_head,0.5340555906295776,0.4319216012954712,-1.193838357925415,0.5508473515510559,0.36234402656555176,-1.1447391510009766,0.5645350813865662,0.35936522483825684,-1.1441758871078491,0.576623260974884,0.35753726959228516,-1.1435956954956055,0.5061191916465759,0.37505900859832764,-1.1464581489562988,0.49014803767204285,0.37934935092926025,-1.146389365196228,0.47737810015678406,0.3834902048110962,-1.1461296081542969,0.5978710055351257,0.3854026794433594,-0.8163721561431885,0.46262961626052856,0.41308271884918213,-0.8259091973304749,0.5630151629447937,0.48319363594055176,-1.069204568862915,0.5103408694267273,0.4969298839569092,-1.0725749731063843,0.7251995801925659,0.7365257740020752,-0.5801284909248352,0.3735237419605255,0.7065126895904541,-0.617284893989563,0.8102871775627136,1.197538137435913,-0.5466777086257935,0.25159648060798645,1.0172501802444458,-0.7148916125297546,0.8271711468696594,1.525227665901184,-0.8491758704185486,0.22415700554847717,1.3903857469558716,-1.0885387659072876,0.8567155599594116,1.6409659385681152,-0.9278011322021484,0.19262149930000305,1.4914644956588745,-1.1903785467147827,0.8182580471038818,1.6571074724197388,-1.0044254064559937,0.2362101674079895,1.5004972219467163,-1.246694803237915,0.8025669455528259,1.6085524559020996,-0.8988489508628845,0.25293368101119995,1.4665961265563965,-1.1326628923416138,0.6532378792762756,1.5167863368988037,0.044909924268722534,0.43312275409698486,1.4725055694580078,-0.037670936435461044,0.6364666223526001,2.1541199684143066,-0.03674452379345894,0.42054226994514465,2.158600330352783,-0.0813794955611229,0.6204143166542053,2.6660757064819336,0.5470764636993408,0.405856192111969,2.7071847915649414,0.3073470890522003,0.623600423336029,2.7605719566345215,0.60849928855896,0.40183064341545105,2.805694103240967,0.33978572487831116,0.5818725824356079,2.842679500579834,0.3480370044708252,0.4317963123321533,2.889280080795288,0.023365918546915054
shake_head,0.530795693397522,0.4365208148956299,-1.3608908653259277,0.5507068634033203,0.36722540855407715,-1.3067275285720825,0.5650713443756104,0.3650552034378052,-1.3060767650604248,0.5776847004890442,0.36401546001434326,-1.3056414127349854,0.5024774670600891,0.3789612054824829,-1.3085079193115234,0.48755115270614624,0.382875919342041,-1.3083709478378296,0.4759550094604492,0.38712644577026367,-1.3080213069915771,0.5994292497634888,0.39126408100128174,-0.9437440037727356,0.4621923863887787,0.41827166080474854,-0.9590035676956177,0.5614672899246216,0.48967695236206055,-1.2222166061401367,0.5053636431694031,0.5008993744850159,-1.2271740436553955,0.7279378175735474,0.7568860650062561,-0.6806316375732422,0.37144649028778076,0.723945140838623,-0.7017697095870972,0.8184118270874023,1.2318965196609497,-0.6224206686019897,0.21457341313362122,1.0172687768936157,-0.7857096791267395,0.8242872953414917,1.5469844341278076,-0.8841238617897034,0.18557843565940857,1.3842796087265015,-1.1372629404067993,0.8498164415359497,1.6663095951080322,-0.9584881067276001,0.14779648184776306,1.478642225265503,-1.233100175857544,0.8125625252723694,1.6809290647506714,-1.032791256904602,0.1930800974369049,1.494430661201477,-1.2951761484146118,0.7994597554206848,1.6289265155792236,-0.9310684204101562,0.21308329701423645,1.4646719694137573,-1.1827059984207153,0.6548881530761719,1.538284420967102,0.0440940335392952,0.4287416338920593,1.496509075164795,-0.03627920150756836,0.6308697462081909,2.1845860481262207,-0.0009942434262484312,0.40739014744758606,2.165975332260132,-0.2208709567785263,0.6159787774085999,2.6964802742004395,0.6676751375198364,0.3929648995399475,2.7111401557922363,0.2735990583896637,0.6189350485801697,2.7956385612487793,0.7368419766426086,0.38771358132362366,2.8091659545898438,0.31537479162216187,0.5751357078552246,2.8707408905029297,0.4446999430656433,0.42394983768463135,2.897739887237549,-0.047890882939100266
shake_head,0.5364128351211548,0.43240678310394287,-1.1010586023330688,0.5534166693687439,0.3619595766067505,-1.0509592294692993,0.5671861171722412,0.3587818145751953,-1.050353765487671,0.5792269706726074,0.35665392875671387,-1.0497725009918213,0.5088421702384949,0.3762286901473999,-1.0540516376495361,0.49329569935798645,0.3811511993408203,-1.0539313554763794,0.4804726243019104,0.38601720333099365,-1.05363130569458,0.6017665863037109,0.3854478597640991,-0.7275974750518799,0.46596628427505493,0.4177849292755127,-0.7421733736991882,0.5661412477493286,0.4843428134918213,-0.9787561893463135,0.515180230140686,0.4960848093032837,-0.9836404323577881,0.7270244359970093,0.7479731440544128,-0.502200186252594,0.3818362355232239,0.7058875560760498,-0.5616527199745178,0.8128393888473511,1.2057158946990967,-0.47803959250450134,0.2496001124382019,1.1018187999725342,-0.6444814801216125,0.8283826112747192,1.5205069780349731,-0.7927541732788086,0.21562841534614563,1.376316785812378,-1.0030937194824219,0.8577921390533447,1.633713722229004,-0.8738928437232971,0.17634636163711548,1.4752508401870728,-1.1034866571426392,0.8193398714065552,1.6488648653030396,-0.9511764049530029,0.22143632173538208,1.4925729036331177,-1.1670143604278564,0.8046642541885376,1.6006494760513306,-0.8442422747612,0.24028506875038147,1.4594265222549438,-1.0506070852279663,0.6557863354682922,1.5283161401748657,0.055677253752946854,0.43131619691848755,1.5108686685562134,-0.048056114464998245,0.6382227540016174,2.16262149810791,-0.04118098318576813,0.4223352074623108,2.1542792320251465,-0.11888829618692398,0.6206574440002441,2.6848087310791016,0.5194852948188782,0.40401309728622437,2.7141189575195312,0.2534593939781189,0.6234630346298218,2.7839927673339844,0.5783820152282715,0.3960152864456177,2.81886887550354,0.2841516435146332,0.5845036506652832,2.8553690910339355,0.3249392509460449,0.4376390874385834,2.8891119956970215,-0.02757468819618225
